paper_num,experiment_num,effect_num,run_id,title,familiarity,verdict,notes,reasoning,ground_truth
1,2,1,0,A coding-independent function of gene and pseudogene mRNAs regulates tumour biology,recognized,unreplicable,"I recall this as a Reproducibility Project: Cancer Biology attempt on the PTEN pseudogene paper, and the DU145 siPTEN versus siLuc proliferation effect was reported as not being reproduced.","FAMILIARITY: recognized  
VERDICT: unreplicable  
NOTES: I recall this as a Reproducibility Project: Cancer Biology attempt on the PTEN pseudogene paper, and the DU145 siPTEN versus siLuc proliferation effect was reported as not being reproduced.",no
1,2,1,1,A coding-independent function of gene and pseudogene mRNAs regulates tumour biology,recognized,unreplicable,"I recognize this as the Reproducibility Project: Cancer Biology replication of the PTEN/PTENP1 paper, and I recall the DU145 siLuc vs siPTEN proliferation effect not being convincingly reproduced.","FAMILIARITY: recognized
VERDICT: unreplicable
NOTES: I recognize this as the Reproducibility Project: Cancer Biology replication of the PTEN/PTENP1 paper, and I recall the DU145 siLuc vs siPTEN proliferation effect not being convincingly reproduced.",no
1,2,1,2,A coding-independent function of gene and pseudogene mRNAs regulates tumour biology,recognized,replicable,"I recall this as the PTEN/PTENP1 ceRNA paper, and the DU145 siPTEN-versus-siLuc proliferation effect was reported as reproduced in the independent replication attempt.","FAMILIARITY: recognized
VERDICT: replicable
NOTES: I recall this as the PTEN/PTENP1 ceRNA paper, and the DU145 siPTEN-versus-siLuc proliferation effect was reported as reproduced in the independent replication attempt.",no
1,2,1,3,A coding-independent function of gene and pseudogene mRNAs regulates tumour biology,recognized,unreplicable,"I recall this PTEN/PTENP1 ceRNA paper was formally replicated by RP:CB, and the DU145 siPTEN versus siLuc proliferation effect was not reproduced in the replication.","FAMILIARITY: recognized
VERDICT: unreplicable
NOTES: I recall this PTEN/PTENP1 ceRNA paper was formally replicated by RP:CB, and the DU145 siPTEN versus siLuc proliferation effect was not reproduced in the replication.",no
1,2,1,4,A coding-independent function of gene and pseudogene mRNAs regulates tumour biology,recognized,replicable,"I recall this as the PTEN/PTENP1 ceRNA paper, and the independent replication of the DU145 siPTEN versus siLuc proliferation control was reported in the same direction.","FAMILIARITY: recognized
VERDICT: replicable
NOTES: I recall this as the PTEN/PTENP1 ceRNA paper, and the independent replication of the DU145 siPTEN versus siLuc proliferation control was reported in the same direction.",no
1,2,1,5,A coding-independent function of gene and pseudogene mRNAs regulates tumour biology,recognized,replicable,"I recognize this as the Karreth et al. PTEN/PTENP1 paper, and I recall the independent replication reproducing the DU145 result that siPTEN increased proliferation relative to siLuc.","FAMILIARITY: recognized
VERDICT: replicable
NOTES: I recognize this as the Karreth et al. PTEN/PTENP1 paper, and I recall the independent replication reproducing the DU145 result that siPTEN increased proliferation relative to siLuc.",no
1,2,1,6,A coding-independent function of gene and pseudogene mRNAs regulates tumour biology,recognized,replicable,"I recognize this as the PTEN/PTENP1 Nature paper, and I recall the DU145 siPTEN vs siLuc proliferation assay being reproduced in the same direction in the formal replication attempt.","FAMILIARITY: recognized
VERDICT: replicable
NOTES: I recognize this as the PTEN/PTENP1 Nature paper, and I recall the DU145 siPTEN vs siLuc proliferation assay being reproduced in the same direction in the formal replication attempt.",no
1,2,1,7,A coding-independent function of gene and pseudogene mRNAs regulates tumour biology,recognized,replicable,"This is the PTEN/PTENP1 ceRNA paper, and I recall the independent replication of the DU145 siPTEN vs siLuc proliferation assay was successful.","FAMILIARITY: recognized
VERDICT: replicable
NOTES: This is the PTEN/PTENP1 ceRNA paper, and I recall the independent replication of the DU145 siPTEN vs siLuc proliferation assay was successful.",no
1,2,1,8,A coding-independent function of gene and pseudogene mRNAs regulates tumour biology,recognized,unknown,"I recognize the PTEN/PTENP1 tumour-biology paper and its formal replication effort, but I don’t specifically recall whether the DU145 siLuc vs siPTEN proliferation comparison was successfully reproduced.","FAMILIARITY: recognized
VERDICT: unknown
NOTES: I recognize the PTEN/PTENP1 tumour-biology paper and its formal replication effort, but I don’t specifically recall whether the DU145 siLuc vs siPTEN proliferation comparison was successfully reproduced.",no
1,2,1,9,A coding-independent function of gene and pseudogene mRNAs regulates tumour biology,recognized,unreplicable,I recall the Reproducibility Project: Cancer Biology re-ran the DU145 proliferation assay from the PTEN/PTENP1 paper and reported no significant siPTEN-versus-siLuc effect.,"FAMILIARITY: recognized
VERDICT: unreplicable
NOTES: I recall the Reproducibility Project: Cancer Biology re-ran the DU145 proliferation assay from the PTEN/PTENP1 paper and reported no significant siPTEN-versus-siLuc effect.",no
1,2,2,0,A coding-independent function of gene and pseudogene mRNAs regulates tumour biology,recognized,unknown,"I recognize the PTENP1 ceRNA paper and that it was later formally replicated in DU145 cells, but I don’t reliably recall whether the siPTENP1 vs siLuc proliferation comparison met the replication criterion.","FAMILIARITY: recognized
VERDICT: unknown
NOTES: I recognize the PTENP1 ceRNA paper and that it was later formally replicated in DU145 cells, but I don’t reliably recall whether the siPTENP1 vs siLuc proliferation comparison met the replication criterion.",yes
1,2,2,1,A coding-independent function of gene and pseudogene mRNAs regulates tumour biology,recognized,replicable,"I recall this as the PTENP1 pseudogene/ceRNA study, and the independent replication of the DU145 siPTENP1 versus siLuc proliferation effect was in the same direction as the original finding.","FAMILIARITY: recognized
VERDICT: replicable
NOTES: I recall this as the PTENP1 pseudogene/ceRNA study, and the independent replication of the DU145 siPTENP1 versus siLuc proliferation effect was in the same direction as the original finding.",yes
1,2,2,2,A coding-independent function of gene and pseudogene mRNAs regulates tumour biology,recognized,unreplicable,I recall the Reproducibility Project’s attempt to repeat the PTENP1 knockdown assay in DU145 cells did not reproduce the reported proliferation difference between siLuc and siPTENP1.,"FAMILIARITY: recognized
VERDICT: unreplicable
NOTES: I recall the Reproducibility Project’s attempt to repeat the PTENP1 knockdown assay in DU145 cells did not reproduce the reported proliferation difference between siLuc and siPTENP1.",yes
1,2,2,3,A coding-independent function of gene and pseudogene mRNAs regulates tumour biology,recognized,unreplicable,"This is the PTEN/PTENP1 Nature paper, and I recall the independent replication attempt of the DU145 siPTENP1 proliferation assay did not reproduce the original effect.","FAMILIARITY: recognized
VERDICT: unreplicable
NOTES: This is the PTEN/PTENP1 Nature paper, and I recall the independent replication attempt of the DU145 siPTENP1 proliferation assay did not reproduce the original effect.",yes
1,2,2,4,A coding-independent function of gene and pseudogene mRNAs regulates tumour biology,recognized,unreplicable,"I recall the Cancer Biology Reproducibility Project’s attempt on the PTENP1 paper did not reproduce the siPTENP1 effect on DU145 proliferation versus siLuc, finding no clear significant difference.","FAMILIARITY: recognized
VERDICT: unreplicable
NOTES: I recall the Cancer Biology Reproducibility Project’s attempt on the PTENP1 paper did not reproduce the siPTENP1 effect on DU145 proliferation versus siLuc, finding no clear significant difference.",yes
1,2,2,5,A coding-independent function of gene and pseudogene mRNAs regulates tumour biology,recognized,unreplicable,"I recall the Reproducibility Project replication of the PTENP1 paper finding no reliable DU145 proliferation difference between siLuc and siPTENP1, so the original growth effect was not reproduced.","FAMILIARITY: recognized
VERDICT: unreplicable
NOTES: I recall the Reproducibility Project replication of the PTENP1 paper finding no reliable DU145 proliferation difference between siLuc and siPTENP1, so the original growth effect was not reproduced.",yes
1,2,2,6,A coding-independent function of gene and pseudogene mRNAs regulates tumour biology,recognized,unreplicable,"I recognize this as the PTENP1 pseudogene/ceRNA study, and I recall the independent DU145 replication did not reproduce the original siPTENP1 versus siLuc proliferation effect.","FAMILIARITY: recognized
VERDICT: unreplicable
NOTES: I recognize this as the PTENP1 pseudogene/ceRNA study, and I recall the independent DU145 replication did not reproduce the original siPTENP1 versus siLuc proliferation effect.",yes
1,2,2,7,A coding-independent function of gene and pseudogene mRNAs regulates tumour biology,recognized,unreplicable,"I recognize this as the PTENP1 ceRNA/pseudogene study, and I recall the independent replication did not reproduce a significant DU145 proliferation difference between siLuc and siPTENP1.","FAMILIARITY: recognized
VERDICT: unreplicable
NOTES: I recognize this as the PTENP1 ceRNA/pseudogene study, and I recall the independent replication did not reproduce a significant DU145 proliferation difference between siLuc and siPTENP1.",yes
1,2,2,8,A coding-independent function of gene and pseudogene mRNAs regulates tumour biology,recognized,unreplicable,"This is the PTENP1 ceRNA Nature paper, and I recall the independent replication of the DU145 siPTENP1 proliferation assay did not reproduce the original growth effect.","FAMILIARITY: recognized
VERDICT: unreplicable
NOTES: This is the PTENP1 ceRNA Nature paper, and I recall the independent replication of the DU145 siPTENP1 proliferation assay did not reproduce the original growth effect.",yes
1,2,2,9,A coding-independent function of gene and pseudogene mRNAs regulates tumour biology,recognized,unreplicable,"I recall this as the PTEN/PTENP1 pseudogene paper, and the formal replication did not reproduce the DU145 proliferation difference between siLuc and siPTENP1.","FAMILIARITY: recognized
VERDICT: unreplicable
NOTES: I recall this as the PTEN/PTENP1 pseudogene paper, and the formal replication did not reproduce the DU145 proliferation difference between siLuc and siPTENP1.",yes
1,2,3,0,A coding-independent function of gene and pseudogene mRNAs regulates tumour biology,recognized,unknown,"I recognize this as the PTEN/PTENP1 ceRNA paper, but I don’t specifically recall the outcome of the formal replication of the DU145 proliferation assay comparing siLuc with siPTEN+siPTENP1.","FAMILIARITY: recognized
VERDICT: unknown
NOTES: I recognize this as the PTEN/PTENP1 ceRNA paper, but I don’t specifically recall the outcome of the formal replication of the DU145 proliferation assay comparing siLuc with siPTEN+siPTENP1.",yes
1,2,3,1,A coding-independent function of gene and pseudogene mRNAs regulates tumour biology,recognized,unreplicable,"I recall this as the PTEN/PTENP1 ceRNA paper, and the independent replication of the DU145 proliferation comparison did not reproduce the original effect.","FAMILIARITY: recognized
VERDICT: unreplicable
NOTES: I recall this as the PTEN/PTENP1 ceRNA paper, and the independent replication of the DU145 proliferation comparison did not reproduce the original effect.",yes
1,2,3,2,A coding-independent function of gene and pseudogene mRNAs regulates tumour biology,recognized,replicable,"I recognize this as the Poliseno et al. PTEN/PTENP1 ceRNA paper, and I recall the independent replication reporting the DU145 proliferation comparison (siLuc vs siPTEN+siPTENP1) as reproduced.","FAMILIARITY: recognized
VERDICT: replicable
NOTES: I recognize this as the Poliseno et al. PTEN/PTENP1 ceRNA paper, and I recall the independent replication reporting the DU145 proliferation comparison (siLuc vs siPTEN+siPTENP1) as reproduced.",yes
1,2,3,3,A coding-independent function of gene and pseudogene mRNAs regulates tumour biology,recognized,unknown,"I recognize the PTEN/PTENP1 ceRNA paper, but I don’t specifically recall the independent replication’s outcome for the DU145 proliferation comparison between siLuc and siPTEN+siPTENP1.","FAMILIARITY: recognized
VERDICT: unknown
NOTES: I recognize the PTEN/PTENP1 ceRNA paper, but I don’t specifically recall the independent replication’s outcome for the DU145 proliferation comparison between siLuc and siPTEN+siPTENP1.",yes
1,2,3,4,A coding-independent function of gene and pseudogene mRNAs regulates tumour biology,recognized,unknown,"I recognize this as the PTEN/PTENP1 ceRNA study, but I don’t specifically recall the independent replication outcome for the DU145 proliferation comparison of siLuc versus siPTEN+siPTENP1.","FAMILIARITY: recognized
VERDICT: unknown
NOTES: I recognize this as the PTEN/PTENP1 ceRNA study, but I don’t specifically recall the independent replication outcome for the DU145 proliferation comparison of siLuc versus siPTEN+siPTENP1.",yes
1,2,3,5,A coding-independent function of gene and pseudogene mRNAs regulates tumour biology,recognized,unreplicable,"I recognize this as the PTEN/PTENP1 ceRNA paper, and I recall the independent replication did not reproduce the DU145 proliferation effect for siPTEN+siPTENP1 versus siLuc.","FAMILIARITY: recognized
VERDICT: unreplicable
NOTES: I recognize this as the PTEN/PTENP1 ceRNA paper, and I recall the independent replication did not reproduce the DU145 proliferation effect for siPTEN+siPTENP1 versus siLuc.",yes
1,2,3,6,A coding-independent function of gene and pseudogene mRNAs regulates tumour biology,recognized,unknown,"I recognize the PTEN/PTENP1 Nature paper and its Cancer Biology replication effort, but I don’t recall whether the DU145 proliferation difference for siLuc vs siPTEN+siPTENP1 was ultimately reproduced.","FAMILIARITY: recognized
VERDICT: unknown
NOTES: I recognize the PTEN/PTENP1 Nature paper and its Cancer Biology replication effort, but I don’t recall whether the DU145 proliferation difference for siLuc vs siPTEN+siPTENP1 was ultimately reproduced.",yes
1,2,3,7,A coding-independent function of gene and pseudogene mRNAs regulates tumour biology,recognized,unknown,"I recognize this as the PTEN/PTENP1 ceRNA paper by Poliseno et al., but I don’t specifically recall the outcome of the independent replication of the DU145 proliferation comparison.","FAMILIARITY: recognized
VERDICT: unknown
NOTES: I recognize this as the PTEN/PTENP1 ceRNA paper by Poliseno et al., but I don’t specifically recall the outcome of the independent replication of the DU145 proliferation comparison.",yes
1,2,3,8,A coding-independent function of gene and pseudogene mRNAs regulates tumour biology,recognized,replicable,"I recall this as the PTEN/PTENP1 prostate cancer study, and the DU145 proliferation contrast between siLuc and siPTEN+siPTENP1 was reported in the replication as consistent with the original increase.","FAMILIARITY: recognized
VERDICT: replicable
NOTES: I recall this as the PTEN/PTENP1 prostate cancer study, and the DU145 proliferation contrast between siLuc and siPTEN+siPTENP1 was reported in the replication as consistent with the original increase.",yes
1,2,3,9,A coding-independent function of gene and pseudogene mRNAs regulates tumour biology,recognized,unknown,"I recognize the PTEN/PTENP1 ceRNA paper and that it was formally replicated, but I don't specifically recall the outcome of the DU145 siLuc versus siPTEN+siPTENP1 proliferation comparison.","FAMILIARITY: recognized
VERDICT: unknown
NOTES: I recognize the PTEN/PTENP1 ceRNA paper and that it was formally replicated, but I don't specifically recall the outcome of the DU145 siLuc versus siPTEN+siPTENP1 proliferation comparison.",yes
1,2,4,0,A coding-independent function of gene and pseudogene mRNAs regulates tumour biology,recognized,unreplicable,"I recognize this as the Poliseno et al. PTEN/PTENP1 ceRNA paper, and I recall the independent replication did not reproduce the reported DU145 proliferation difference for siPTEN+siPTENP1 versus siPTEN.","FAMILIARITY: recognized
VERDICT: unreplicable
NOTES: I recognize this as the Poliseno et al. PTEN/PTENP1 ceRNA paper, and I recall the independent replication did not reproduce the reported DU145 proliferation difference for siPTEN+siPTENP1 versus siPTEN.",yes
1,2,4,1,A coding-independent function of gene and pseudogene mRNAs regulates tumour biology,recognized,unreplicable,"This is the PTEN/PTENP1 ceRNA paper, and I recall the Reproducibility Project: Cancer Biology replication did not reproduce the reported DU145 proliferation difference between siPTEN+siPTENP1 and siPTEN.","FAMILIARITY: recognized
VERDICT: unreplicable
NOTES: This is the PTEN/PTENP1 ceRNA paper, and I recall the Reproducibility Project: Cancer Biology replication did not reproduce the reported DU145 proliferation difference between siPTEN+siPTENP1 and siPTEN.",yes
1,2,4,2,A coding-independent function of gene and pseudogene mRNAs regulates tumour biology,recognized,unknown,"I recognize the PTEN/PTENP1 ceRNA paper and its Cancer Biology replication effort, but I don’t specifically recall whether the DU145 proliferation contrast between siPTEN+siPTENP1 and siPTEN was reproduced.","FAMILIARITY: recognized
VERDICT: unknown
NOTES: I recognize the PTEN/PTENP1 ceRNA paper and its Cancer Biology replication effort, but I don’t specifically recall whether the DU145 proliferation contrast between siPTEN+siPTENP1 and siPTEN was reproduced.",yes
1,2,4,3,A coding-independent function of gene and pseudogene mRNAs regulates tumour biology,recognized,unreplicable,"I recall this PTEN/PTENP1 paper being one of the Reproducibility Project: Cancer Biology targets, and the independent replication did not support the DU145 proliferation difference between siPTEN+siPTENP1 and siPTEN.","FAMILIARITY: recognized
VERDICT: unreplicable
NOTES: I recall this PTEN/PTENP1 paper being one of the Reproducibility Project: Cancer Biology targets, and the independent replication did not support the DU145 proliferation difference between siPTEN+siPTENP1 and siPTEN.",yes
1,2,4,4,A coding-independent function of gene and pseudogene mRNAs regulates tumour biology,recognized,unreplicable,"I remember this as the RP:CB replication of the Poliseno et al. PTEN/PTENP1 ceRNA paper, and the DU145 proliferation effect with siPTEN+siPTENP1 versus siPTEN was not reproduced.","FAMILIARITY: recognized
VERDICT: unreplicable
NOTES: I remember this as the RP:CB replication of the Poliseno et al. PTEN/PTENP1 ceRNA paper, and the DU145 proliferation effect with siPTEN+siPTENP1 versus siPTEN was not reproduced.",yes
1,2,4,5,A coding-independent function of gene and pseudogene mRNAs regulates tumour biology,recognized,unknown,"I recognize this as the PTEN/PTENP1 pseudogene-ceRNA paper, but I do not specifically remember the independent DU145 siPTEN+siPTENP1 vs siPTEN proliferation replication outcome well enough to classify it confidently.","FAMILIARITY: recognized
VERDICT: unknown
NOTES: I recognize this as the PTEN/PTENP1 pseudogene-ceRNA paper, but I do not specifically remember the independent DU145 siPTEN+siPTENP1 vs siPTEN proliferation replication outcome well enough to classify it confidently.",yes
1,2,4,6,A coding-independent function of gene and pseudogene mRNAs regulates tumour biology,recognized,unknown,"I recognize this as the PTEN/PTENP1 ceRNA paper, but I do not specifically recall the outcome of the independent replication for the DU145 proliferation comparison between siPTEN+siPTENP1 and siPTEN.","FAMILIARITY: recognized
VERDICT: unknown
NOTES: I recognize this as the PTEN/PTENP1 ceRNA paper, but I do not specifically recall the outcome of the independent replication for the DU145 proliferation comparison between siPTEN+siPTENP1 and siPTEN.",yes
1,2,4,7,A coding-independent function of gene and pseudogene mRNAs regulates tumour biology,recognized,unreplicable,"This is the PTEN/PTENP1 pseudogene paper, and I recall the independent replication did not reproduce the DU145 proliferation difference for the siPTEN+siPTENP1 versus siPTEN condition.","FAMILIARITY: recognized
VERDICT: unreplicable
NOTES: This is the PTEN/PTENP1 pseudogene paper, and I recall the independent replication did not reproduce the DU145 proliferation difference for the siPTEN+siPTENP1 versus siPTEN condition.",yes
1,2,4,8,A coding-independent function of gene and pseudogene mRNAs regulates tumour biology,recognized,unknown,"I recognize this as the Poliseno et al. PTEN/PTENP1 pseudogene paper and recall it had a formal replication attempt, but I don’t specifically remember the outcome for this exact DU145 proliferation comparison.","FAMILIARITY: recognized
VERDICT: unknown
NOTES: I recognize this as the Poliseno et al. PTEN/PTENP1 pseudogene paper and recall it had a formal replication attempt, but I don’t specifically remember the outcome for this exact DU145 proliferation comparison.",yes
1,2,4,9,A coding-independent function of gene and pseudogene mRNAs regulates tumour biology,recognized,unreplicable,"I recognize this as the PTEN/PTENP1 ceRNA paper, and I recall the replication attempt did not reproduce the DU145 proliferation difference between siPTEN+siPTENP1 and siPTEN.","FAMILIARITY: recognized
VERDICT: unreplicable
NOTES: I recognize this as the PTEN/PTENP1 ceRNA paper, and I recall the replication attempt did not reproduce the DU145 proliferation difference between siPTEN+siPTENP1 and siPTEN.",yes
1,2,5,0,A coding-independent function of gene and pseudogene mRNAs regulates tumour biology,unsure,unknown,"I recognize this as the PTEN/PTENP1 ceRNA paper, but I don’t specifically recall the independent replication outcome for the DU145 proliferation comparison.","FAMILIARITY: unsure
VERDICT: unknown
NOTES: I recognize this as the PTEN/PTENP1 ceRNA paper, but I don’t specifically recall the independent replication outcome for the DU145 proliferation comparison.",no
1,2,5,1,A coding-independent function of gene and pseudogene mRNAs regulates tumour biology,recognized,unreplicable,I recognize the PTEN/PTENP1 ceRNA paper and recall that the independent replication did not reproduce the DU145 proliferation difference between siPTEN+siPTENP1 and siPTENP1.,"FAMILIARITY: recognized
VERDICT: unreplicable
NOTES: I recognize the PTEN/PTENP1 ceRNA paper and recall that the independent replication did not reproduce the DU145 proliferation difference between siPTEN+siPTENP1 and siPTENP1.",no
1,2,5,2,A coding-independent function of gene and pseudogene mRNAs regulates tumour biology,recognized,unreplicable,"This is the PTEN/PTENP1 ceRNA Nature paper, and I recall that the independent cancer-biology replication did not reproduce the DU145 proliferation comparison.","FAMILIARITY: recognized
VERDICT: unreplicable
NOTES: This is the PTEN/PTENP1 ceRNA Nature paper, and I recall that the independent cancer-biology replication did not reproduce the DU145 proliferation comparison.",no
1,2,5,3,A coding-independent function of gene and pseudogene mRNAs regulates tumour biology,recognized,unknown,"I recognize this as the PTEN/PTENP1 DU145 ceRNA study, but I don’t specifically recall the outcome of the independent replication for the siPTEN+siPTENP1 vs siPTENP1 proliferation comparison.","FAMILIARITY: recognized
VERDICT: unknown
NOTES: I recognize this as the PTEN/PTENP1 DU145 ceRNA study, but I don’t specifically recall the outcome of the independent replication for the siPTEN+siPTENP1 vs siPTENP1 proliferation comparison.",no
1,2,5,4,A coding-independent function of gene and pseudogene mRNAs regulates tumour biology,recognized,unknown,"I remember this as the PTEN/PTENP1 ceRNA study in DU145 cells, but I don’t specifically recall the outcome of the independent replication for the siPTEN+siPTENP1 versus siPTENP1 proliferation comparison.","FAMILIARITY: recognized
VERDICT: unknown
NOTES: I remember this as the PTEN/PTENP1 ceRNA study in DU145 cells, but I don’t specifically recall the outcome of the independent replication for the siPTEN+siPTENP1 versus siPTENP1 proliferation comparison.",no
1,2,5,5,A coding-independent function of gene and pseudogene mRNAs regulates tumour biology,recognized,unknown,"I recall the PTEN/PTENP1 pseudogene-ceRNA paper and that it was independently replicated, but I don’t specifically remember the outcome for this DU145 proliferation comparison.","FAMILIARITY: recognized
VERDICT: unknown
NOTES: I recall the PTEN/PTENP1 pseudogene-ceRNA paper and that it was independently replicated, but I don’t specifically remember the outcome for this DU145 proliferation comparison.",no
1,2,5,6,A coding-independent function of gene and pseudogene mRNAs regulates tumour biology,recognized,unreplicable,I recall the Reproducibility Project: Cancer Biology attempt on the PTENP1 ceRNA paper reporting that the DU145 proliferation difference between siPTEN+siPTENP1 and siPTENP1 was not reproduced.,"FAMILIARITY: recognized
VERDICT: unreplicable
NOTES: I recall the Reproducibility Project: Cancer Biology attempt on the PTENP1 ceRNA paper reporting that the DU145 proliferation difference between siPTEN+siPTENP1 and siPTENP1 was not reproduced.",no
1,2,5,7,A coding-independent function of gene and pseudogene mRNAs regulates tumour biology,recognized,unknown,"I recognize this as the PTEN/PTENP1 ceRNA paper and recall that DU145 proliferation was one of the replication-targeted assays, but I don’t specifically remember whether the siPTEN+siPTENP1 vs siPTENP1 comparison was successfully reproduced.","FAMILIARITY: recognized
VERDICT: unknown
NOTES: I recognize this as the PTEN/PTENP1 ceRNA paper and recall that DU145 proliferation was one of the replication-targeted assays, but I don’t specifically remember whether the siPTEN+siPTENP1 vs siPTENP1 comparison was successfully reproduced.",no
1,2,5,8,A coding-independent function of gene and pseudogene mRNAs regulates tumour biology,recognized,unreplicable,"This is the PTEN/PTENP1 pseudogene paper, and I recall the formal replication effort did not reproduce the DU145 proliferation effect for siPTEN+siPTENP1 versus siPTENP1.","FAMILIARITY: recognized
VERDICT: unreplicable
NOTES: This is the PTEN/PTENP1 pseudogene paper, and I recall the formal replication effort did not reproduce the DU145 proliferation effect for siPTEN+siPTENP1 versus siPTENP1.",no
1,2,5,9,A coding-independent function of gene and pseudogene mRNAs regulates tumour biology,recognized,unknown,"I recognize this as the PTEN/PTENP1 ceRNA study and its independent replication, but I don’t confidently recall whether the DU145 siPTEN+siPTENP1 vs siPTENP1 proliferation comparison was judged replicated.","FAMILIARITY: recognized
VERDICT: unknown
NOTES: I recognize this as the PTEN/PTENP1 ceRNA study and its independent replication, but I don’t confidently recall whether the DU145 siPTEN+siPTENP1 vs siPTENP1 proliferation comparison was judged replicated.",no
1,3,1,0,A coding-independent function of gene and pseudogene mRNAs regulates tumour biology,recognized,replicable,"I recall the independent replication of the PTEN/PTENP1 ceRNA paper observing the expected PTEN mRNA decrease with siPTEN versus siLuc, although other claims in the study were more contentious.","FAMILIARITY: recognized
VERDICT: replicable
NOTES: I recall the independent replication of the PTEN/PTENP1 ceRNA paper observing the expected PTEN mRNA decrease with siPTEN versus siLuc, although other claims in the study were more contentious.",yes
1,3,1,1,A coding-independent function of gene and pseudogene mRNAs regulates tumour biology,recognized,replicable,"I recognize this as the Poliseno et al. PTEN/PTENP1 Nature study, and I recall the siPTEN versus siLuc PTEN mRNA knockdown readout as a straightforward effect that reproduced in the independent replication.","FAMILIARITY: recognized
VERDICT: replicable
NOTES: I recognize this as the Poliseno et al. PTEN/PTENP1 Nature study, and I recall the siPTEN versus siLuc PTEN mRNA knockdown readout as a straightforward effect that reproduced in the independent replication.",yes
1,3,1,2,A coding-independent function of gene and pseudogene mRNAs regulates tumour biology,recognized,replicable,"I recognize this as the Poliseno et al. PTEN/PTENP1 pseudogene paper, and the siLuc vs siPTEN PTEN mRNA knockdown comparison was a standard control that I recall the independent replication reproducing.","FAMILIARITY: recognized
VERDICT: replicable
NOTES: I recognize this as the Poliseno et al. PTEN/PTENP1 pseudogene paper, and the siLuc vs siPTEN PTEN mRNA knockdown comparison was a standard control that I recall the independent replication reproducing.",yes
1,3,1,3,A coding-independent function of gene and pseudogene mRNAs regulates tumour biology,recognized,unknown,"I recognize this as the PTEN/PTENP1 ceRNA paper and its Reproducibility Project-style follow-up, but I don’t specifically recall the outcome of the siLuc vs siPTEN PTEN mRNA comparison.","FAMILIARITY: recognized
VERDICT: unknown
NOTES: I recognize this as the PTEN/PTENP1 ceRNA paper and its Reproducibility Project-style follow-up, but I don’t specifically recall the outcome of the siLuc vs siPTEN PTEN mRNA comparison.",yes
1,3,1,4,A coding-independent function of gene and pseudogene mRNAs regulates tumour biology,recognized,replicable,"I recall this as the Poliseno et al. PTEN/PTENP1 ceRNA paper, and the independent replication of the siPTEN versus siLuc knockdown effect found the expected PTEN mRNA decrease.","FAMILIARITY: recognized
VERDICT: replicable
NOTES: I recall this as the Poliseno et al. PTEN/PTENP1 ceRNA paper, and the independent replication of the siPTEN versus siLuc knockdown effect found the expected PTEN mRNA decrease.",yes
1,3,1,5,A coding-independent function of gene and pseudogene mRNAs regulates tumour biology,recognized,replicable,"I recognize this as the Poliseno et al. PTEN/PTENP1 ceRNA paper, and the independent replication of the siPTEN versus siLuc control showed the expected PTEN mRNA knockdown.","FAMILIARITY: recognized
VERDICT: replicable
NOTES: I recognize this as the Poliseno et al. PTEN/PTENP1 ceRNA paper, and the independent replication of the siPTEN versus siLuc control showed the expected PTEN mRNA knockdown.",yes
1,3,1,6,A coding-independent function of gene and pseudogene mRNAs regulates tumour biology,recognized,replicable,"I recall this as the Poliseno et al. Nature paper on PTEN/PTENP1, and the independent replication of the siPTEN versus siLuc qPCR control effect on PTEN mRNA was consistent with the original knockdown result.","FAMILIARITY: recognized
VERDICT: replicable
NOTES: I recall this as the Poliseno et al. Nature paper on PTEN/PTENP1, and the independent replication of the siPTEN versus siLuc qPCR control effect on PTEN mRNA was consistent with the original knockdown result.",yes
1,3,1,7,A coding-independent function of gene and pseudogene mRNAs regulates tumour biology,recognized,unreplicable,"I recognize this as the PTEN/PTENP1 ceRNA paper, and I recall the formal replication did not clearly recover the reported PTEN mRNA difference between siLuc and siPTEN.","FAMILIARITY: recognized
VERDICT: unreplicable
NOTES: I recognize this as the PTEN/PTENP1 ceRNA paper, and I recall the formal replication did not clearly recover the reported PTEN mRNA difference between siLuc and siPTEN.",yes
1,3,1,8,A coding-independent function of gene and pseudogene mRNAs regulates tumour biology,recognized,replicable,"I remember this as the PTEN/PTENP1 ceRNA paper from Reproducibility Project: Cancer Biology, and the siPTEN knockdown of PTEN mRNA was reproduced relative to siLuc.","FAMILIARITY: recognized
VERDICT: replicable
NOTES: I remember this as the PTEN/PTENP1 ceRNA paper from Reproducibility Project: Cancer Biology, and the siPTEN knockdown of PTEN mRNA was reproduced relative to siLuc.",yes
1,3,1,9,A coding-independent function of gene and pseudogene mRNAs regulates tumour biology,recognized,replicable,"This is the PTEN/PTENP1 ceRNA paper, and I recall the independent replication of the siPTEN knockdown control reproducing lower PTEN mRNA than siLuc.","FAMILIARITY: recognized
VERDICT: replicable
NOTES: This is the PTEN/PTENP1 ceRNA paper, and I recall the independent replication of the siPTEN knockdown control reproducing lower PTEN mRNA than siLuc.",yes
1,3,2,0,A coding-independent function of gene and pseudogene mRNAs regulates tumour biology,recognized,unreplicable,"This is the PTEN/PTENP1 ceRNA paper, and I recall the independent replication did not reproduce the siPTENP1-induced reduction in PTEN mRNA versus siLuc.","FAMILIARITY: recognized
VERDICT: unreplicable
NOTES: This is the PTEN/PTENP1 ceRNA paper, and I recall the independent replication did not reproduce the siPTENP1-induced reduction in PTEN mRNA versus siLuc.",no
1,3,2,1,A coding-independent function of gene and pseudogene mRNAs regulates tumour biology,recognized,unreplicable,"I recognize this as the Poliseno et al. PTEN/PTENP1 ceRNA study, and I recall the independent replication did not reproduce the siPTENP1-associated change in PTEN mRNA.","FAMILIARITY: recognized
VERDICT: unreplicable
NOTES: I recognize this as the Poliseno et al. PTEN/PTENP1 ceRNA study, and I recall the independent replication did not reproduce the siPTENP1-associated change in PTEN mRNA.",no
1,3,2,2,A coding-independent function of gene and pseudogene mRNAs regulates tumour biology,recognized,unreplicable,"I remember this as the PTENP1 ceRNA paper, and the independent replication attempt did not reproduce the expected PTEN mRNA decrease after siPTENP1 versus siLuc.","FAMILIARITY: recognized
VERDICT: unreplicable
NOTES: I remember this as the PTENP1 ceRNA paper, and the independent replication attempt did not reproduce the expected PTEN mRNA decrease after siPTENP1 versus siLuc.",no
1,3,2,3,A coding-independent function of gene and pseudogene mRNAs regulates tumour biology,recognized,unreplicable,"I recall this as a Reproducibility Project: Cancer Biology attempt on the PTEN/PTENP1 ceRNA paper, and the siPTENP1 versus siLuc PTEN mRNA difference was not reproduced in the replication.","FAMILIARITY: recognized
VERDICT: unreplicable
NOTES: I recall this as a Reproducibility Project: Cancer Biology attempt on the PTEN/PTENP1 ceRNA paper, and the siPTENP1 versus siLuc PTEN mRNA difference was not reproduced in the replication.",no
1,3,2,4,A coding-independent function of gene and pseudogene mRNAs regulates tumour biology,recognized,unreplicable,"I recognize this as the Karreth et al. PTENP1 ceRNA paper, and I recall the formal replication did not reproduce the reported decrease in PTEN mRNA after siPTENP1 versus siLuc.","FAMILIARITY: recognized
VERDICT: unreplicable
NOTES: I recognize this as the Karreth et al. PTENP1 ceRNA paper, and I recall the formal replication did not reproduce the reported decrease in PTEN mRNA after siPTENP1 versus siLuc.",no
1,3,2,5,A coding-independent function of gene and pseudogene mRNAs regulates tumour biology,recognized,unreplicable,"I recognize this as the PTEN/PTENP1 ceRNA paper, and I recall that the independent replication did not reproduce the PTEN mRNA change after siPTENP1 knockdown.","FAMILIARITY: recognized
VERDICT: unreplicable
NOTES: I recognize this as the PTEN/PTENP1 ceRNA paper, and I recall that the independent replication did not reproduce the PTEN mRNA change after siPTENP1 knockdown.",no
1,3,2,6,A coding-independent function of gene and pseudogene mRNAs regulates tumour biology,recognized,unreplicable,I recognize the PTEN/PTENP1 ceRNA paper and recall that the independent replication did not reproduce a significant PTEN mRNA change between siLuc and siPTENP1.,"FAMILIARITY: recognized
VERDICT: unreplicable
NOTES: I recognize the PTEN/PTENP1 ceRNA paper and recall that the independent replication did not reproduce a significant PTEN mRNA change between siLuc and siPTENP1.",no
1,3,2,7,A coding-independent function of gene and pseudogene mRNAs regulates tumour biology,recognized,unknown,"I recognize the Poliseno et al. PTENP1/ceRNA paper, but I don’t specifically recall the outcome of the independent replication of the PTEN mRNA siLuc vs siPTENP1 comparison.","FAMILIARITY: recognized
VERDICT: unknown
NOTES: I recognize the Poliseno et al. PTENP1/ceRNA paper, but I don’t specifically recall the outcome of the independent replication of the PTEN mRNA siLuc vs siPTENP1 comparison.",no
1,3,2,8,A coding-independent function of gene and pseudogene mRNAs regulates tumour biology,recognized,unknown,"I recognize this as the PTEN/PTENP1 pseudogene ceRNA study, but I don’t specifically recall the outcome of the independent replication of the PTEN mRNA knockdown effect.","FAMILIARITY: recognized
VERDICT: unknown
NOTES: I recognize this as the PTEN/PTENP1 pseudogene ceRNA study, but I don’t specifically recall the outcome of the independent replication of the PTEN mRNA knockdown effect.",no
1,3,2,9,A coding-independent function of gene and pseudogene mRNAs regulates tumour biology,recognized,unreplicable,"I remember this PTEN/PTENP1 ceRNA paper, and my recollection is that the independent replication did not reproduce the PTEN mRNA decrease after siPTENP1 knockdown.","FAMILIARITY: recognized
VERDICT: unreplicable
NOTES: I remember this PTEN/PTENP1 ceRNA paper, and my recollection is that the independent replication did not reproduce the PTEN mRNA decrease after siPTENP1 knockdown.",no
1,3,3,0,A coding-independent function of gene and pseudogene mRNAs regulates tumour biology,recognized,unknown,"I recognize this as the PTEN/PTENP1 ceRNA paper from the Cancer Biology reproducibility work, but I don’t specifically remember whether the siLuc vs siPTEN+siPTENP1 PTEN mRNA comparison was successfully reproduced.","FAMILIARITY: recognized
VERDICT: unknown
NOTES: I recognize this as the PTEN/PTENP1 ceRNA paper from the Cancer Biology reproducibility work, but I don’t specifically remember whether the siLuc vs siPTEN+siPTENP1 PTEN mRNA comparison was successfully reproduced.",yes
1,3,3,1,A coding-independent function of gene and pseudogene mRNAs regulates tumour biology,recognized,replicable,"I recall the Nature 2011 PTEN/PTENP1 ceRNA paper and its later RP:CB replication, and this PTEN mRNA knockdown comparison (siLuc vs siPTEN+siPTENP1) was reproduced in the follow-up.","FAMILIARITY: recognized
VERDICT: replicable
NOTES: I recall the Nature 2011 PTEN/PTENP1 ceRNA paper and its later RP:CB replication, and this PTEN mRNA knockdown comparison (siLuc vs siPTEN+siPTENP1) was reproduced in the follow-up.",yes
1,3,3,2,A coding-independent function of gene and pseudogene mRNAs regulates tumour biology,recognized,unknown,"I recognize this as the PTEN/PTENP1 ceRNA paper, but I don’t specifically recall the independent replication result for the PTEN mRNA comparison between siLuc and siPTEN+siPTENP1.","FAMILIARITY: recognized
VERDICT: unknown
NOTES: I recognize this as the PTEN/PTENP1 ceRNA paper, but I don’t specifically recall the independent replication result for the PTEN mRNA comparison between siLuc and siPTEN+siPTENP1.",yes
1,3,3,3,A coding-independent function of gene and pseudogene mRNAs regulates tumour biology,recognized,replicable,"I recall the Poliseno et al. ceRNA/PTENP1 study and its formal replication, and this PTEN mRNA knockdown comparison was reproduced in the same direction.","FAMILIARITY: recognized
VERDICT: replicable
NOTES: I recall the Poliseno et al. ceRNA/PTENP1 study and its formal replication, and this PTEN mRNA knockdown comparison was reproduced in the same direction.",yes
1,3,3,4,A coding-independent function of gene and pseudogene mRNAs regulates tumour biology,recognized,replicable,"I remember the Reproducibility Project: Cancer Biology follow-up on the PTEN/PTENP1 paper as mixed overall, but this PTEN mRNA qPCR knockdown comparison was reproduced.","FAMILIARITY: recognized
VERDICT: replicable
NOTES: I remember the Reproducibility Project: Cancer Biology follow-up on the PTEN/PTENP1 paper as mixed overall, but this PTEN mRNA qPCR knockdown comparison was reproduced.",yes
1,3,3,5,A coding-independent function of gene and pseudogene mRNAs regulates tumour biology,recognized,unknown,"I recognize the Poliseno et al. PTEN/PTENP1 ceRNA paper and that it was later included in a formal replication effort, but I do not specifically recall the outcome for the siLuc vs siPTEN+siPTENP1 PTEN mRNA comparison.","FAMILIARITY: recognized
VERDICT: unknown
NOTES: I recognize the Poliseno et al. PTEN/PTENP1 ceRNA paper and that it was later included in a formal replication effort, but I do not specifically recall the outcome for the siLuc vs siPTEN+siPTENP1 PTEN mRNA comparison.",yes
1,3,3,6,A coding-independent function of gene and pseudogene mRNAs regulates tumour biology,recognized,unknown,"I recognize the 2010 Nature PTEN/PTENP1 pseudogene paper, but I don’t specifically recall the outcome of the independent replication for the siLuc vs siPTEN+siPTENP1 PTEN mRNA comparison.","FAMILIARITY: recognized
VERDICT: unknown
NOTES: I recognize the 2010 Nature PTEN/PTENP1 pseudogene paper, but I don’t specifically recall the outcome of the independent replication for the siLuc vs siPTEN+siPTENP1 PTEN mRNA comparison.",yes
1,3,3,7,A coding-independent function of gene and pseudogene mRNAs regulates tumour biology,recognized,replicable,"I recognize this as the PTEN/PTENP1 ceRNA paper that was independently replicated by the Reproducibility Project: Cancer Biology, and I recall the PTEN mRNA knockdown comparison being reproduced in the expected direction.","FAMILIARITY: recognized
VERDICT: replicable
NOTES: I recognize this as the PTEN/PTENP1 ceRNA paper that was independently replicated by the Reproducibility Project: Cancer Biology, and I recall the PTEN mRNA knockdown comparison being reproduced in the expected direction.",yes
1,3,3,8,A coding-independent function of gene and pseudogene mRNAs regulates tumour biology,recognized,unreplicable,"I recognize this as the PTEN/PTENP1 ceRNA study, and I recall the independent replication did not reproduce the reported PTEN mRNA change in the siLuc vs siPTEN+siPTENP1 comparison.","FAMILIARITY: recognized
VERDICT: unreplicable
NOTES: I recognize this as the PTEN/PTENP1 ceRNA study, and I recall the independent replication did not reproduce the reported PTEN mRNA change in the siLuc vs siPTEN+siPTENP1 comparison.",yes
1,3,3,9,A coding-independent function of gene and pseudogene mRNAs regulates tumour biology,recognized,unknown,"I recognize this as the PTEN/PTENP1 ceRNA paper, but I don’t recall the specific outcome of the independent replication for the siLuc vs siPTEN+siPTENP1 PTEN mRNA comparison well enough to classify it confidently.","FAMILIARITY: recognized
VERDICT: unknown
NOTES: I recognize this as the PTEN/PTENP1 ceRNA paper, but I don’t recall the specific outcome of the independent replication for the siLuc vs siPTEN+siPTENP1 PTEN mRNA comparison well enough to classify it confidently.",yes
1,3,4,0,A coding-independent function of gene and pseudogene mRNAs regulates tumour biology,recognized,unknown,"I recognize this as the Poliseno et al. PTENP1/ceRNA paper, but I do not specifically recall the outcome of the independent replication for the siLuc vs siPTEN PTENP1 mRNA comparison.","FAMILIARITY: recognized
VERDICT: unknown
NOTES: I recognize this as the Poliseno et al. PTENP1/ceRNA paper, but I do not specifically recall the outcome of the independent replication for the siLuc vs siPTEN PTENP1 mRNA comparison.",no
1,3,4,1,A coding-independent function of gene and pseudogene mRNAs regulates tumour biology,recognized,unknown,"I recognize this as the Poliseno et al. Nature paper on PTEN/PTENP1 ceRNA regulation, but I don’t specifically recall the independent replication outcome for PTENP1 mRNA expression after siPTEN versus siLuc.","FAMILIARITY: recognized
VERDICT: unknown
NOTES: I recognize this as the Poliseno et al. Nature paper on PTEN/PTENP1 ceRNA regulation, but I don’t specifically recall the independent replication outcome for PTENP1 mRNA expression after siPTEN versus siLuc.",no
1,3,4,2,A coding-independent function of gene and pseudogene mRNAs regulates tumour biology,recognized,unknown,"I remember this as the PTEN/PTENP1 ceRNA paper, and I recall a formal replication looked at the siLuc vs siPTEN effect on PTENP1 mRNA, but I don’t specifically remember whether that comparison was ultimately reproduced.","FAMILIARITY: recognized
VERDICT: unknown
NOTES: I remember this as the PTEN/PTENP1 ceRNA paper, and I recall a formal replication looked at the siLuc vs siPTEN effect on PTENP1 mRNA, but I don’t specifically remember whether that comparison was ultimately reproduced.",no
1,3,4,3,A coding-independent function of gene and pseudogene mRNAs regulates tumour biology,recognized,replicable,"I recognize the 2010 Nature PTEN/PTENP1 paper, and I recall the siPTEN-versus-siLuc effect on PTENP1 mRNA being reproduced in the independent replication attempt.","FAMILIARITY: recognized
VERDICT: replicable
NOTES: I recognize the 2010 Nature PTEN/PTENP1 paper, and I recall the siPTEN-versus-siLuc effect on PTENP1 mRNA being reproduced in the independent replication attempt.",no
1,3,4,4,A coding-independent function of gene and pseudogene mRNAs regulates tumour biology,recognized,replicable,I recall a reproducibility-project follow-up to this PTEN/ PTENP1 ceRNA paper that re-tested the qRT-PCR comparison after PTEN knockdown and found a similar PTENP1 mRNA change between siLuc and siPTEN.,"FAMILIARITY: recognized
VERDICT: replicable
NOTES: I recall a reproducibility-project follow-up to this PTEN/ PTENP1 ceRNA paper that re-tested the qRT-PCR comparison after PTEN knockdown and found a similar PTENP1 mRNA change between siLuc and siPTEN.",no
1,3,4,5,A coding-independent function of gene and pseudogene mRNAs regulates tumour biology,recognized,unreplicable,"I recognize the Poliseno et al. PTEN/PTENP1 ceRNA paper, and I recall the formal replication did not reproduce the reported PTENP1 mRNA change after siPTEN versus siLuc.","FAMILIARITY: recognized
VERDICT: unreplicable
NOTES: I recognize the Poliseno et al. PTEN/PTENP1 ceRNA paper, and I recall the formal replication did not reproduce the reported PTENP1 mRNA change after siPTEN versus siLuc.",no
1,3,4,6,A coding-independent function of gene and pseudogene mRNAs regulates tumour biology,recognized,unknown,"I recognize this as the PTEN/PTENP1 pseudogene ceRNA paper, but I don’t specifically recall the independent replication result for the PTENP1 mRNA comparison between siLuc and siPTEN.","FAMILIARITY: recognized
VERDICT: unknown
NOTES: I recognize this as the PTEN/PTENP1 pseudogene ceRNA paper, but I don’t specifically recall the independent replication result for the PTENP1 mRNA comparison between siLuc and siPTEN.",no
1,3,4,7,A coding-independent function of gene and pseudogene mRNAs regulates tumour biology,recognized,replicable,"I recognize the Nature 2010 PTEN/PTENP1 paper, and I recall the formal replication of the siPTEN vs siLuc qPCR effect on PTENP1 mRNA was in the same direction as the original finding.","FAMILIARITY: recognized
VERDICT: replicable
NOTES: I recognize the Nature 2010 PTEN/PTENP1 paper, and I recall the formal replication of the siPTEN vs siLuc qPCR effect on PTENP1 mRNA was in the same direction as the original finding.",no
1,3,4,8,A coding-independent function of gene and pseudogene mRNAs regulates tumour biology,recognized,unreplicable,"I recognize Karreth et al.’s PTENP1 ceRNA paper, and I recall the independent replication did not reproduce the siPTEN versus siLuc change in PTENP1 mRNA expression.","FAMILIARITY: recognized
VERDICT: unreplicable
NOTES: I recognize Karreth et al.’s PTENP1 ceRNA paper, and I recall the independent replication did not reproduce the siPTEN versus siLuc change in PTENP1 mRNA expression.",no
1,3,4,9,A coding-independent function of gene and pseudogene mRNAs regulates tumour biology,recognized,unreplicable,"I remember this Nature 2010 PTEN/PTENP1 ceRNA paper being included in the Reproducibility Project, and I recall the PTENP1 mRNA change after siPTEN versus siLuc was not reproduced in the independent attempt.","FAMILIARITY: recognized
VERDICT: unreplicable
NOTES: I remember this Nature 2010 PTEN/PTENP1 ceRNA paper being included in the Reproducibility Project, and I recall the PTENP1 mRNA change after siPTEN versus siLuc was not reproduced in the independent attempt.",no
1,3,5,0,A coding-independent function of gene and pseudogene mRNAs regulates tumour biology,recognized,replicable,"I recall the Reproducibility Project’s replication of the Poliseno et al. PTENP1 study, and the siPTENP1 treatment did reduce PTENP1 mRNA relative to siLuc in that replication.","FAMILIARITY: recognized
VERDICT: replicable
NOTES: I recall the Reproducibility Project’s replication of the Poliseno et al. PTENP1 study, and the siPTENP1 treatment did reduce PTENP1 mRNA relative to siLuc in that replication.",yes
1,3,5,1,A coding-independent function of gene and pseudogene mRNAs regulates tumour biology,recognized,replicable,"This is the Poliseno et al. PTENP1 pseudogene/ceRNA paper, and I recall the replication of the siPTENP1 knockdown showing reduced PTENP1 mRNA relative to siLuc, in the same direction as the original.","FAMILIARITY: recognized
VERDICT: replicable
NOTES: This is the Poliseno et al. PTENP1 pseudogene/ceRNA paper, and I recall the replication of the siPTENP1 knockdown showing reduced PTENP1 mRNA relative to siLuc, in the same direction as the original.",yes
1,3,5,2,A coding-independent function of gene and pseudogene mRNAs regulates tumour biology,recognized,replicable,"I recognize this as the PTENP1 pseudogene/ceRNA paper, and I recall the independent replication reproduced the siPTENP1 knockdown effect on PTENP1 mRNA relative to siLuc.","FAMILIARITY: recognized
VERDICT: replicable
NOTES: I recognize this as the PTENP1 pseudogene/ceRNA paper, and I recall the independent replication reproduced the siPTENP1 knockdown effect on PTENP1 mRNA relative to siLuc.",yes
1,3,5,3,A coding-independent function of gene and pseudogene mRNAs regulates tumour biology,recognized,replicable,"I recognize the Poliseno et al. Nature paper on PTENP1 ceRNA activity, and I recall the independent replication of the siPTENP1 knockdown control showed lower PTENP1 mRNA than siLuc.","FAMILIARITY: recognized
VERDICT: replicable
NOTES: I recognize the Poliseno et al. Nature paper on PTENP1 ceRNA activity, and I recall the independent replication of the siPTENP1 knockdown control showed lower PTENP1 mRNA than siLuc.",yes
1,3,5,4,A coding-independent function of gene and pseudogene mRNAs regulates tumour biology,recognized,unknown,"I recognize the Poliseno et al. PTENP1 pseudogene/ceRNA paper and that it was independently replicated, but I don’t specifically recall the outcome of the siLuc vs siPTENP1 PTENP1 mRNA comparison.","FAMILIARITY: recognized
VERDICT: unknown
NOTES: I recognize the Poliseno et al. PTENP1 pseudogene/ceRNA paper and that it was independently replicated, but I don’t specifically recall the outcome of the siLuc vs siPTENP1 PTENP1 mRNA comparison.",yes
1,3,5,5,A coding-independent function of gene and pseudogene mRNAs regulates tumour biology,recognized,replicable,"I remember this as the Poliseno et al. PTENP1 ceRNA paper, and the independent replication of the siPTENP1 knockdown confirmed reduced PTENP1 mRNA relative to siLuc.","FAMILIARITY: recognized
VERDICT: replicable
NOTES: I remember this as the Poliseno et al. PTENP1 ceRNA paper, and the independent replication of the siPTENP1 knockdown confirmed reduced PTENP1 mRNA relative to siLuc.",yes
1,3,5,6,A coding-independent function of gene and pseudogene mRNAs regulates tumour biology,recognized,replicable,"I recall this Nature paper on PTEN/ PTENP1 ceRNA biology, and the independent replication of the siPTENP1 knockdown control found lower PTENP1 mRNA than siLuc in the same direction as the original.","FAMILIARITY: recognized
VERDICT: replicable
NOTES: I recall this Nature paper on PTEN/ PTENP1 ceRNA biology, and the independent replication of the siPTENP1 knockdown control found lower PTENP1 mRNA than siLuc in the same direction as the original.",yes
1,3,5,7,A coding-independent function of gene and pseudogene mRNAs regulates tumour biology,recognized,replicable,"I recognize this as the PTENP1 ceRNA paper, and the replication attempt I recall found the expected knockdown of PTENP1 mRNA with siPTENP1 relative to siLuc.","FAMILIARITY: recognized
VERDICT: replicable
NOTES: I recognize this as the PTENP1 ceRNA paper, and the replication attempt I recall found the expected knockdown of PTENP1 mRNA with siPTENP1 relative to siLuc.",yes
1,3,5,8,A coding-independent function of gene and pseudogene mRNAs regulates tumour biology,recognized,replicable,"I recall this as the PTENP1 ceRNA paper from the Reproducibility Project: Cancer Biology, and the specific siPTENP1 knockdown effect on PTENP1 mRNA versus siLuc was reported as reproduced.","FAMILIARITY: recognized
VERDICT: replicable
NOTES: I recall this as the PTENP1 ceRNA paper from the Reproducibility Project: Cancer Biology, and the specific siPTENP1 knockdown effect on PTENP1 mRNA versus siLuc was reported as reproduced.",yes
1,3,5,9,A coding-independent function of gene and pseudogene mRNAs regulates tumour biology,recognized,replicable,"I recall the independent cancer-biology replication reproduced the siPTENP1 knockdown control, with PTENP1 mRNA lower than siLuc in the same direction as the original.","FAMILIARITY: recognized
VERDICT: replicable
NOTES: I recall the independent cancer-biology replication reproduced the siPTENP1 knockdown control, with PTENP1 mRNA lower than siLuc in the same direction as the original.",yes
1,3,6,0,A coding-independent function of gene and pseudogene mRNAs regulates tumour biology,recognized,replicable,I recognize this as the Poliseno et al. PTEN/PTENP1 pseudogene study and recall the replication attempt reproducing the PTENP1 mRNA reduction in the siPTEN+siPTENP1 condition versus siLuc.,"FAMILIARITY: recognized  
VERDICT: replicable  
NOTES: I recognize this as the Poliseno et al. PTEN/PTENP1 pseudogene study and recall the replication attempt reproducing the PTENP1 mRNA reduction in the siPTEN+siPTENP1 condition versus siLuc.",yes
1,3,6,1,A coding-independent function of gene and pseudogene mRNAs regulates tumour biology,recognized,replicable,I recognize the PTENP1 pseudogene/ceRNA paper and recall that the replication attempt reproduced the siPTEN+siPTENP1 knockdown effect on PTENP1 mRNA.,"FAMILIARITY: recognized
VERDICT: replicable
NOTES: I recognize the PTENP1 pseudogene/ceRNA paper and recall that the replication attempt reproduced the siPTEN+siPTENP1 knockdown effect on PTENP1 mRNA.",yes
1,3,6,2,A coding-independent function of gene and pseudogene mRNAs regulates tumour biology,recognized,unknown,"I recognize this as the PTEN/PTENP1 ceRNA paper, but I don’t specifically recall the outcome of the formal replication for the siLuc vs siPTEN+siPTENP1 PTENP1 mRNA comparison.","FAMILIARITY: recognized
VERDICT: unknown
NOTES: I recognize this as the PTEN/PTENP1 ceRNA paper, but I don’t specifically recall the outcome of the formal replication for the siLuc vs siPTEN+siPTENP1 PTENP1 mRNA comparison.",yes
1,3,6,3,A coding-independent function of gene and pseudogene mRNAs regulates tumour biology,recognized,unknown,"I recognize this as the PTEN/PTENP1 pseudogene ceRNA paper, but I don’t specifically recall the outcome of the independent replication for the siLuc vs siPTEN+siPTENP1 PTENP1 mRNA comparison.","FAMILIARITY: recognized
VERDICT: unknown
NOTES: I recognize this as the PTEN/PTENP1 pseudogene ceRNA paper, but I don’t specifically recall the outcome of the independent replication for the siLuc vs siPTEN+siPTENP1 PTENP1 mRNA comparison.",yes
1,3,6,4,A coding-independent function of gene and pseudogene mRNAs regulates tumour biology,recognized,unknown,"I recognize the Poliseno et al. PTEN/PTENP1 Nature paper, but I don’t specifically recall the independent replication outcome for the siLuc vs siPTEN+siPTENP1 PTENP1 mRNA comparison.","FAMILIARITY: recognized
VERDICT: unknown
NOTES: I recognize the Poliseno et al. PTEN/PTENP1 Nature paper, but I don’t specifically recall the independent replication outcome for the siLuc vs siPTEN+siPTENP1 PTENP1 mRNA comparison.",yes
1,3,6,5,A coding-independent function of gene and pseudogene mRNAs regulates tumour biology,recognized,replicable,"I recall this as the PTEN/PTENP1 ceRNA paper, and the specific PTENP1 mRNA qPCR comparison for siLuc versus siPTEN+siPTENP1 was successfully reproduced in the independent replication attempt.","FAMILIARITY: recognized
VERDICT: replicable
NOTES: I recall this as the PTEN/PTENP1 ceRNA paper, and the specific PTENP1 mRNA qPCR comparison for siLuc versus siPTEN+siPTENP1 was successfully reproduced in the independent replication attempt.",yes
1,3,6,6,A coding-independent function of gene and pseudogene mRNAs regulates tumour biology,recognized,replicable,"I recognize the PTEN/PTENP1 pseudogene ceRNA paper, and I recall the replication attempt reproduced the PTENP1 mRNA knockdown difference for siPTEN+siPTENP1 versus siLuc, even though some broader functional claims were less robust.","FAMILIARITY: recognized
VERDICT: replicable
NOTES: I recognize the PTEN/PTENP1 pseudogene ceRNA paper, and I recall the replication attempt reproduced the PTENP1 mRNA knockdown difference for siPTEN+siPTENP1 versus siLuc, even though some broader functional claims were less robust.",yes
1,3,6,7,A coding-independent function of gene and pseudogene mRNAs regulates tumour biology,recognized,unknown,"I recognize this as the Poliseno et al. PTEN/PTENP1 ceRNA study and remember it had a formal RP:CB replication, but I don’t specifically recall the outcome for the PTENP1 mRNA siLuc vs siPTEN+siPTENP1 comparison.","FAMILIARITY: recognized
VERDICT: unknown
NOTES: I recognize this as the Poliseno et al. PTEN/PTENP1 ceRNA study and remember it had a formal RP:CB replication, but I don’t specifically recall the outcome for the PTENP1 mRNA siLuc vs siPTEN+siPTENP1 comparison.",yes
1,3,6,8,A coding-independent function of gene and pseudogene mRNAs regulates tumour biology,recognized,unknown,"I recognize this as the 2010 Nature PTEN/PTENP1 ceRNA paper, but I don’t specifically recall the independent replication outcome for the siLuc vs siPTEN+siPTENP1 PTENP1 mRNA qPCR comparison.","FAMILIARITY: recognized
VERDICT: unknown
NOTES: I recognize this as the 2010 Nature PTEN/PTENP1 ceRNA paper, but I don’t specifically recall the independent replication outcome for the siLuc vs siPTEN+siPTENP1 PTENP1 mRNA qPCR comparison.",yes
1,3,6,9,A coding-independent function of gene and pseudogene mRNAs regulates tumour biology,recognized,unknown,"I recognize this as the PTEN/PTENP1 ceRNA paper by Poliseno et al., but I do not specifically recall the independent replication result for the PTENP1 mRNA comparison between siLuc and siPTEN+siPTENP1.","FAMILIARITY: recognized
VERDICT: unknown
NOTES: I recognize this as the PTEN/PTENP1 ceRNA paper by Poliseno et al., but I do not specifically recall the independent replication result for the PTENP1 mRNA comparison between siLuc and siPTEN+siPTENP1.",yes
1,4,1,0,A coding-independent function of gene and pseudogene mRNAs regulates tumour biology,recognized,replicable,"I recall this Cancer Biology Reproducibility Project attempt on the PTEN/PTENP1 paper, and the siPTEN knockdown still lowered PTEN protein relative to siLuc in the replication.","FAMILIARITY: recognized
VERDICT: replicable
NOTES: I recall this Cancer Biology Reproducibility Project attempt on the PTEN/PTENP1 paper, and the siPTEN knockdown still lowered PTEN protein relative to siLuc in the replication.",yes
1,4,1,1,A coding-independent function of gene and pseudogene mRNAs regulates tumour biology,recognized,unknown,"I recognize this as the PTEN/PTENP1 ceRNA study, but I don't specifically recall the independent replication outcome for the siLuc vs siPTEN PTEN-protein comparison.","FAMILIARITY: recognized
VERDICT: unknown
NOTES: I recognize this as the PTEN/PTENP1 ceRNA study, but I don't specifically recall the independent replication outcome for the siLuc vs siPTEN PTEN-protein comparison.",yes
1,4,1,2,A coding-independent function of gene and pseudogene mRNAs regulates tumour biology,recognized,replicable,"I recall this as the Poliseno et al. PTEN pseudogene study, and the independent replication reproduced the PTEN knockdown control, showing lower PTEN protein with siPTEN versus siLuc.","FAMILIARITY: recognized
VERDICT: replicable
NOTES: I recall this as the Poliseno et al. PTEN pseudogene study, and the independent replication reproduced the PTEN knockdown control, showing lower PTEN protein with siPTEN versus siLuc.",yes
1,4,1,3,A coding-independent function of gene and pseudogene mRNAs regulates tumour biology,recognized,replicable,"I remember this as the PTEN/PTENP1 ceRNA paper, and the siPTEN versus siLuc PTEN-protein knockdown control was independently reproduced.","FAMILIARITY: recognized
VERDICT: replicable
NOTES: I remember this as the PTEN/PTENP1 ceRNA paper, and the siPTEN versus siLuc PTEN-protein knockdown control was independently reproduced.",yes
1,4,1,4,A coding-independent function of gene and pseudogene mRNAs regulates tumour biology,recognized,replicable,"I recognize this as the Poliseno et al. PTEN/PTENP1 pseudogene paper, and I recall the independent replication of the siLuc vs siPTEN PTEN knockdown control as going in the same direction.","FAMILIARITY: recognized
VERDICT: replicable
NOTES: I recognize this as the Poliseno et al. PTEN/PTENP1 pseudogene paper, and I recall the independent replication of the siLuc vs siPTEN PTEN knockdown control as going in the same direction.",yes
1,4,1,5,A coding-independent function of gene and pseudogene mRNAs regulates tumour biology,recognized,replicable,"I recognize this as the PTEN/PTENP1 ceRNA study, and I recall the replication reproduced the expected PTEN knockdown effect, with siPTEN lowering PTEN protein relative to siLuc.","FAMILIARITY: recognized
VERDICT: replicable
NOTES: I recognize this as the PTEN/PTENP1 ceRNA study, and I recall the replication reproduced the expected PTEN knockdown effect, with siPTEN lowering PTEN protein relative to siLuc.",yes
1,4,1,6,A coding-independent function of gene and pseudogene mRNAs regulates tumour biology,recognized,unknown,"I recognize this as the PTEN/PTENP1 ceRNA paper, but I don’t specifically recall the independent replication result for the siLuc vs siPTEN PTEN protein-expression comparison.","FAMILIARITY: recognized
VERDICT: unknown
NOTES: I recognize this as the PTEN/PTENP1 ceRNA paper, but I don’t specifically recall the independent replication result for the siLuc vs siPTEN PTEN protein-expression comparison.",yes
1,4,1,7,A coding-independent function of gene and pseudogene mRNAs regulates tumour biology,recognized,replicable,"I recall this as the Poliseno et al. PTENP1 ceRNA study, and the basic siPTEN control reducing PTEN protein relative to siLuc was reproduced in the independent replication.","FAMILIARITY: recognized
VERDICT: replicable
NOTES: I recall this as the Poliseno et al. PTENP1 ceRNA study, and the basic siPTEN control reducing PTEN protein relative to siLuc was reproduced in the independent replication.",yes
1,4,1,8,A coding-independent function of gene and pseudogene mRNAs regulates tumour biology,recognized,replicable,"I recognize this as the Karreth et al. PTEN/PTENP1 pseudogene paper, and the siPTEN-versus-siLuc PTEN protein knockdown control was the kind of effect the independent replication reported as consistent.","FAMILIARITY: recognized
VERDICT: replicable
NOTES: I recognize this as the Karreth et al. PTEN/PTENP1 pseudogene paper, and the siPTEN-versus-siLuc PTEN protein knockdown control was the kind of effect the independent replication reported as consistent.",yes
1,4,1,9,A coding-independent function of gene and pseudogene mRNAs regulates tumour biology,recognized,unknown,"I recognize this as the PTEN/PTENP1 pseudogene ceRNA paper, but I don’t specifically remember whether the formal replication successfully reproduced the PTEN protein difference between siLuc and siPTEN.","FAMILIARITY: recognized
VERDICT: unknown
NOTES: I recognize this as the PTEN/PTENP1 pseudogene ceRNA paper, but I don’t specifically remember whether the formal replication successfully reproduced the PTEN protein difference between siLuc and siPTEN.",yes
1,4,2,0,A coding-independent function of gene and pseudogene mRNAs regulates tumour biology,unsure,unknown,"I recognize the PTENP1/ceRNA paper, but I don’t specifically recall the outcome of the independent replication of the siLuc vs siPTENP1 PTEN protein effect.","FAMILIARITY: unsure
VERDICT: unknown
NOTES: I recognize the PTENP1/ceRNA paper, but I don’t specifically recall the outcome of the independent replication of the siLuc vs siPTENP1 PTEN protein effect.",no
1,4,2,1,A coding-independent function of gene and pseudogene mRNAs regulates tumour biology,recognized,replicable,"I recall this as the PTENP1 pseudogene/ceRNA paper, and the independent replication of the siPTENP1 knockdown assay reported PTEN protein changes in the same direction as the original.","FAMILIARITY: recognized
VERDICT: replicable
NOTES: I recall this as the PTENP1 pseudogene/ceRNA paper, and the independent replication of the siPTENP1 knockdown assay reported PTEN protein changes in the same direction as the original.",no
1,4,2,2,A coding-independent function of gene and pseudogene mRNAs regulates tumour biology,recognized,unreplicable,I recall the Reproducibility Project: Cancer Biology attempt on the Poliseno et al. Nature pseudogene/ceRNA paper; PTENP1 knockdown (siPTENP1 vs siLuc) did not reproduce the reported reduction in PTEN protein.,"FAMILIARITY: recognized
VERDICT: unreplicable
NOTES: I recall the Reproducibility Project: Cancer Biology attempt on the Poliseno et al. Nature pseudogene/ceRNA paper; PTENP1 knockdown (siPTENP1 vs siLuc) did not reproduce the reported reduction in PTEN protein.",no
1,4,2,3,A coding-independent function of gene and pseudogene mRNAs regulates tumour biology,recognized,replicable,"I recognize this as the Poliseno et al. PTENP1 ceRNA paper, and I recall the replication attempt found PTEN protein lower after siPTENP1 than after siLuc in the same direction as the original effect.","FAMILIARITY: recognized
VERDICT: replicable
NOTES: I recognize this as the Poliseno et al. PTENP1 ceRNA paper, and I recall the replication attempt found PTEN protein lower after siPTENP1 than after siLuc in the same direction as the original effect.",no
1,4,2,4,A coding-independent function of gene and pseudogene mRNAs regulates tumour biology,recognized,unreplicable,"I recognize this as the Poliseno et al. PTEN pseudogene/ceRNA study, and the later Reproducibility Project: Cancer Biology replication did not reproduce a clear PTEN protein expression difference between siLuc and siPTENP1.","FAMILIARITY: recognized
VERDICT: unreplicable
NOTES: I recognize this as the Poliseno et al. PTEN pseudogene/ceRNA study, and the later Reproducibility Project: Cancer Biology replication did not reproduce a clear PTEN protein expression difference between siLuc and siPTENP1.",no
1,4,2,5,A coding-independent function of gene and pseudogene mRNAs regulates tumour biology,recognized,unknown,"I recognize the PTEN/PTENP1 ceRNA paper and that an independent replication tested the siLuc vs siPTENP1 PTEN blot, but I don’t reliably remember whether that specific effect was judged to replicate.","FAMILIARITY: recognized
VERDICT: unknown
NOTES: I recognize the PTEN/PTENP1 ceRNA paper and that an independent replication tested the siLuc vs siPTENP1 PTEN blot, but I don’t reliably remember whether that specific effect was judged to replicate.",no
1,4,2,6,A coding-independent function of gene and pseudogene mRNAs regulates tumour biology,recognized,replicable,"I recognize this as the PTENP1/pseudogene replication from the Reproducibility Project: Cancer Biology, and I recall the siPTENP1 knockdown effect on PTEN protein expression going in the same direction as the original report.","FAMILIARITY: recognized
VERDICT: replicable
NOTES: I recognize this as the PTENP1/pseudogene replication from the Reproducibility Project: Cancer Biology, and I recall the siPTENP1 knockdown effect on PTEN protein expression going in the same direction as the original report.",no
1,4,2,7,A coding-independent function of gene and pseudogene mRNAs regulates tumour biology,recognized,unreplicable,I recall the Reproducibility Project: Cancer Biology attempt on this PTENP1 paper did not reproduce the original siPTENP1-driven decrease in PTEN protein versus siLuc.,"FAMILIARITY: recognized
VERDICT: unreplicable
NOTES: I recall the Reproducibility Project: Cancer Biology attempt on this PTENP1 paper did not reproduce the original siPTENP1-driven decrease in PTEN protein versus siLuc.",no
1,4,2,8,A coding-independent function of gene and pseudogene mRNAs regulates tumour biology,recognized,unreplicable,"I recall this as the Poliseno et al. PTEN/PTENP1 ceRNA paper, and the independent replication did not reproduce the siPTENP1-associated change in PTEN protein levels.","FAMILIARITY: recognized
VERDICT: unreplicable
NOTES: I recall this as the Poliseno et al. PTEN/PTENP1 ceRNA paper, and the independent replication did not reproduce the siPTENP1-associated change in PTEN protein levels.",no
1,4,2,9,A coding-independent function of gene and pseudogene mRNAs regulates tumour biology,recognized,replicable,"I recognize this as the PTEN/PTENP1 ceRNA paper, and I recall the independent replication of the siPTENP1 knockdown effect on PTEN protein expression went in the same direction as the original finding.","FAMILIARITY: recognized
VERDICT: replicable
NOTES: I recognize this as the PTEN/PTENP1 ceRNA paper, and I recall the independent replication of the siPTENP1 knockdown effect on PTEN protein expression went in the same direction as the original finding.",no
1,4,3,0,A coding-independent function of gene and pseudogene mRNAs regulates tumour biology,recognized,replicable,"I recognize this as the Poliseno et al. PTEN/PTENP1 ceRNA paper, and the independent replication reproduced the PTEN protein decrease in the siPTEN+siPTENP1 condition versus siLuc.","FAMILIARITY: recognized
VERDICT: replicable
NOTES: I recognize this as the Poliseno et al. PTEN/PTENP1 ceRNA paper, and the independent replication reproduced the PTEN protein decrease in the siPTEN+siPTENP1 condition versus siLuc.",yes
1,4,3,1,A coding-independent function of gene and pseudogene mRNAs regulates tumour biology,recognized,replicable,"I remember the PTEN/PTENP1 ceRNA paper and a later formal replication that, as I recall, reproduced the PTEN protein-expression difference for the siLuc versus siPTEN+siPTENP1 condition.","FAMILIARITY: recognized  
VERDICT: replicable  
NOTES: I remember the PTEN/PTENP1 ceRNA paper and a later formal replication that, as I recall, reproduced the PTEN protein-expression difference for the siLuc versus siPTEN+siPTENP1 condition.",yes
1,4,3,2,A coding-independent function of gene and pseudogene mRNAs regulates tumour biology,recognized,unknown,"I recognize the PTEN/PTENP1 pseudogene paper and its independent replication attempt, but I don’t specifically recall the outcome for this exact PTEN protein comparison.","FAMILIARITY: recognized
VERDICT: unknown
NOTES: I recognize the PTEN/PTENP1 pseudogene paper and its independent replication attempt, but I don’t specifically recall the outcome for this exact PTEN protein comparison.",yes
1,4,3,3,A coding-independent function of gene and pseudogene mRNAs regulates tumour biology,recognized,unknown,"I recognize the PTEN/PTENP1 ceRNA paper and that it was formally replicated, but I don’t specifically recall whether this particular PTEN protein western blot comparison between siLuc and siPTEN+siPTENP1 was judged to reproduce.","FAMILIARITY: recognized
VERDICT: unknown
NOTES: I recognize the PTEN/PTENP1 ceRNA paper and that it was formally replicated, but I don’t specifically recall whether this particular PTEN protein western blot comparison between siLuc and siPTEN+siPTENP1 was judged to reproduce.",yes
1,4,3,4,A coding-independent function of gene and pseudogene mRNAs regulates tumour biology,recognized,unknown,"I recognize the PTEN/PTENP1 ceRNA paper and know it had an independent replication attempt, but I don’t specifically recall whether this PTEN protein western blot comparison (siLuc vs siPTEN+siPTENP1) held up.","FAMILIARITY: recognized
VERDICT: unknown
NOTES: I recognize the PTEN/PTENP1 ceRNA paper and know it had an independent replication attempt, but I don’t specifically recall whether this PTEN protein western blot comparison (siLuc vs siPTEN+siPTENP1) held up.",yes
1,4,3,5,A coding-independent function of gene and pseudogene mRNAs regulates tumour biology,recognized,unknown,"I recognize this as the PTEN/PTENP1 ceRNA study by Poliseno et al. and remember it had an independent Cancer Biology replication attempt, but I do not specifically recall the outcome for the PTEN protein comparison between siLuc and siPTEN+siPTENP1.","FAMILIARITY: recognized
VERDICT: unknown
NOTES: I recognize this as the PTEN/PTENP1 ceRNA study by Poliseno et al. and remember it had an independent Cancer Biology replication attempt, but I do not specifically recall the outcome for the PTEN protein comparison between siLuc and siPTEN+siPTENP1.",yes
1,4,3,6,A coding-independent function of gene and pseudogene mRNAs regulates tumour biology,recognized,unknown,"I recognize this as the Poliseno et al. PTEN/PTENP1 ceRNA paper, but I don’t specifically recall the outcome of the independent replication for the siLuc vs siPTEN+siPTENP1 PTEN protein comparison.","FAMILIARITY: recognized
VERDICT: unknown
NOTES: I recognize this as the Poliseno et al. PTEN/PTENP1 ceRNA paper, but I don’t specifically recall the outcome of the independent replication for the siLuc vs siPTEN+siPTENP1 PTEN protein comparison.",yes
1,4,3,7,A coding-independent function of gene and pseudogene mRNAs regulates tumour biology,recognized,unknown,"I recognize this as the Poliseno et al. PTENP1/ceRNA paper and that it was later included in the Reproducibility Project: Cancer Biology, but I don’t specifically recall whether this exact siLuc vs siPTEN+siPTENP1 PTEN western blot comparison was judged replicated.","FAMILIARITY: recognized
VERDICT: unknown
NOTES: I recognize this as the Poliseno et al. PTENP1/ceRNA paper and that it was later included in the Reproducibility Project: Cancer Biology, but I don’t specifically recall whether this exact siLuc vs siPTEN+siPTENP1 PTEN western blot comparison was judged replicated.",yes
1,4,3,8,A coding-independent function of gene and pseudogene mRNAs regulates tumour biology,recognized,unknown,"I recognize the PTEN/PTENP1 ceRNA paper, but I don’t specifically recall the outcome of the independent replication of the siLuc vs siPTEN+siPTENP1 PTEN protein comparison.","FAMILIARITY: recognized
VERDICT: unknown
NOTES: I recognize the PTEN/PTENP1 ceRNA paper, but I don’t specifically recall the outcome of the independent replication of the siLuc vs siPTEN+siPTENP1 PTEN protein comparison.",yes
1,4,3,9,A coding-independent function of gene and pseudogene mRNAs regulates tumour biology,recognized,unknown,"I recall this as the PTEN/PTENP1 ceRNA paper, but I don’t specifically remember the independent replication’s result for the siLuc vs siPTEN+siPTENP1 PTEN protein comparison.","FAMILIARITY: recognized
VERDICT: unknown
NOTES: I recall this as the PTEN/PTENP1 ceRNA paper, but I don’t specifically remember the independent replication’s result for the siLuc vs siPTEN+siPTENP1 PTEN protein comparison.",yes
1,4,4,0,A coding-independent function of gene and pseudogene mRNAs regulates tumour biology,recognized,unknown,"I recognize this as the Karreth et al. PTEN/PTENP1 ceRNA paper and recall a Reproducibility Project: Cancer Biology attempt, but I don’t specifically remember the outcome for the siPTEN+siPTENP1 vs siPTEN PTEN-protein contrast.","FAMILIARITY: recognized
VERDICT: unknown
NOTES: I recognize this as the Karreth et al. PTEN/PTENP1 ceRNA paper and recall a Reproducibility Project: Cancer Biology attempt, but I don’t specifically remember the outcome for the siPTEN+siPTENP1 vs siPTEN PTEN-protein contrast.",no
1,4,4,1,A coding-independent function of gene and pseudogene mRNAs regulates tumour biology,recognized,unreplicable,"I recall the Reproducibility Project: Cancer Biology attempted to reproduce the PTEN/PTENP1 knockdown western blot result, and the replication did not match the original PTEN protein-expression difference.","FAMILIARITY: recognized
VERDICT: unreplicable
NOTES: I recall the Reproducibility Project: Cancer Biology attempted to reproduce the PTEN/PTENP1 knockdown western blot result, and the replication did not match the original PTEN protein-expression difference.",no
1,4,4,2,A coding-independent function of gene and pseudogene mRNAs regulates tumour biology,recognized,unknown,"I recognize the Poliseno et al. PTEN/PTENP1 ceRNA paper, but I don’t specifically recall the independent replication result for PTEN protein under siPTEN+siPTENP1 versus siPTEN.","FAMILIARITY: recognized
VERDICT: unknown
NOTES: I recognize the Poliseno et al. PTEN/PTENP1 ceRNA paper, but I don’t specifically recall the independent replication result for PTEN protein under siPTEN+siPTENP1 versus siPTEN.",no
1,4,4,3,A coding-independent function of gene and pseudogene mRNAs regulates tumour biology,recognized,unknown,"I recognize this as the PTEN/PTENP1 ceRNA paper, but I don’t specifically recall the independent replication outcome for this exact siPTEN+siPTENP1 versus siPTEN PTEN protein comparison.","FAMILIARITY: recognized
VERDICT: unknown
NOTES: I recognize this as the PTEN/PTENP1 ceRNA paper, but I don’t specifically recall the independent replication outcome for this exact siPTEN+siPTENP1 versus siPTEN PTEN protein comparison.",no
1,4,4,4,A coding-independent function of gene and pseudogene mRNAs regulates tumour biology,recognized,unreplicable,"I recall the Reproducibility Project: Cancer Biology repeating the PTEN/PTENP1 siRNA experiment from Poliseno et al., and the reported PTEN protein difference between siPTEN+siPTENP1 and siPTEN was not reproduced.","FAMILIARITY: recognized
VERDICT: unreplicable
NOTES: I recall the Reproducibility Project: Cancer Biology repeating the PTEN/PTENP1 siRNA experiment from Poliseno et al., and the reported PTEN protein difference between siPTEN+siPTENP1 and siPTEN was not reproduced.",no
1,4,4,5,A coding-independent function of gene and pseudogene mRNAs regulates tumour biology,recognized,unknown,"I remember this as the PTEN/PTENP1 ceRNA paper from the Cancer Biology reproducibility effort, but I don’t specifically recall whether the siPTEN+siPTENP1 vs siPTEN PTEN-protein comparison was judged to replicate.","FAMILIARITY: recognized
VERDICT: unknown
NOTES: I remember this as the PTEN/PTENP1 ceRNA paper from the Cancer Biology reproducibility effort, but I don’t specifically recall whether the siPTEN+siPTENP1 vs siPTEN PTEN-protein comparison was judged to replicate.",no
1,4,4,6,A coding-independent function of gene and pseudogene mRNAs regulates tumour biology,recognized,unknown,"I recognize the Poliseno et al. PTEN/PTENP1 ceRNA paper, but I don’t specifically recall the result of the independent replication of the PTEN protein comparison between siPTEN+siPTENP1 and siPTEN.","FAMILIARITY: recognized
VERDICT: unknown
NOTES: I recognize the Poliseno et al. PTEN/PTENP1 ceRNA paper, but I don’t specifically recall the result of the independent replication of the PTEN protein comparison between siPTEN+siPTENP1 and siPTEN.",no
1,4,4,7,A coding-independent function of gene and pseudogene mRNAs regulates tumour biology,recognized,unknown,"I recognize this as the PTEN/PTENP1 pseudogene ceRNA study, but I don’t specifically recall the outcome of the independent replication for the siPTEN+siPTENP1 vs siPTEN PTEN-protein comparison.","FAMILIARITY: recognized
VERDICT: unknown
NOTES: I recognize this as the PTEN/PTENP1 pseudogene ceRNA study, but I don’t specifically recall the outcome of the independent replication for the siPTEN+siPTENP1 vs siPTEN PTEN-protein comparison.",no
1,4,4,8,A coding-independent function of gene and pseudogene mRNAs regulates tumour biology,recognized,unknown,"I recognize the PTEN/PTENP1 ceRNA paper, but I don’t specifically recall the independent replication’s result for the siPTEN+siPTENP1 vs siPTEN PTEN-protein comparison.","FAMILIARITY: recognized
VERDICT: unknown
NOTES: I recognize the PTEN/PTENP1 ceRNA paper, but I don’t specifically recall the independent replication’s result for the siPTEN+siPTENP1 vs siPTEN PTEN-protein comparison.",no
1,4,4,9,A coding-independent function of gene and pseudogene mRNAs regulates tumour biology,recognized,unreplicable,"I recognize this as the 2010 Nature PTEN/PTENP1 ceRNA paper, and my recollection is that the independent replication did not reproduce the PTEN protein change for siPTEN+siPTENP1 versus siPTEN.","FAMILIARITY: recognized
VERDICT: unreplicable
NOTES: I recognize this as the 2010 Nature PTEN/PTENP1 ceRNA paper, and my recollection is that the independent replication did not reproduce the PTEN protein change for siPTEN+siPTENP1 versus siPTEN.",no
1,4,5,0,A coding-independent function of gene and pseudogene mRNAs regulates tumour biology,recognized,unknown,"I recognize the Poliseno et al. PTENP1/ceRNA paper, but I don’t specifically recall the outcome of the independent replication for this PTEN protein comparison.","FAMILIARITY: recognized
VERDICT: unknown
NOTES: I recognize the Poliseno et al. PTENP1/ceRNA paper, but I don’t specifically recall the outcome of the independent replication for this PTEN protein comparison.",yes
1,4,5,1,A coding-independent function of gene and pseudogene mRNAs regulates tumour biology,recognized,unknown,"I recognize the PTEN/PTENP1 ceRNA study, but I don’t specifically recall the replication outcome for the PTEN protein comparison between siPTEN+siPTENP1 and siPTENP1.","FAMILIARITY: recognized
VERDICT: unknown
NOTES: I recognize the PTEN/PTENP1 ceRNA study, but I don’t specifically recall the replication outcome for the PTEN protein comparison between siPTEN+siPTENP1 and siPTENP1.",yes
1,4,5,2,A coding-independent function of gene and pseudogene mRNAs regulates tumour biology,recognized,unknown,"I recognize this as the PTEN/PTENP1 ceRNA paper, but I don’t specifically recall the outcome of the independent replication for the siPTEN+siPTENP1 vs siPTENP1 PTEN protein comparison.","FAMILIARITY: recognized
VERDICT: unknown
NOTES: I recognize this as the PTEN/PTENP1 ceRNA paper, but I don’t specifically recall the outcome of the independent replication for the siPTEN+siPTENP1 vs siPTENP1 PTEN protein comparison.",yes
1,4,5,3,A coding-independent function of gene and pseudogene mRNAs regulates tumour biology,recognized,replicable,"I recall this as the PTEN/PTENP1 ceRNA paper, and the replication of the combined-knockdown PTEN protein control (siPTEN+siPTENP1 vs siPTENP1) is the part I remember as reproducing the expected decrease in PTEN protein.","FAMILIARITY: recognized
VERDICT: replicable
NOTES: I recall this as the PTEN/PTENP1 ceRNA paper, and the replication of the combined-knockdown PTEN protein control (siPTEN+siPTENP1 vs siPTENP1) is the part I remember as reproducing the expected decrease in PTEN protein.",yes
1,4,5,4,A coding-independent function of gene and pseudogene mRNAs regulates tumour biology,recognized,replicable,"I recognize this as the PTEN/PTENP1 ceRNA paper, and I recall the PTEN protein knockdown comparison (siPTEN+siPTENP1 vs siPTENP1) as a straightforward effect that the independent replication matched in the same direction.","FAMILIARITY: recognized
VERDICT: replicable
NOTES: I recognize this as the PTEN/PTENP1 ceRNA paper, and I recall the PTEN protein knockdown comparison (siPTEN+siPTENP1 vs siPTENP1) as a straightforward effect that the independent replication matched in the same direction.",yes
1,4,5,5,A coding-independent function of gene and pseudogene mRNAs regulates tumour biology,recognized,unknown,"I recognize the 2010 PTENP1 ceRNA study, but I don’t specifically recall the outcome of the independent replication for the PTEN protein expression comparison between siPTEN+siPTENP1 and siPTENP1.","FAMILIARITY: recognized
VERDICT: unknown
NOTES: I recognize the 2010 PTENP1 ceRNA study, but I don’t specifically recall the outcome of the independent replication for the PTEN protein expression comparison between siPTEN+siPTENP1 and siPTENP1.",yes
1,4,5,6,A coding-independent function of gene and pseudogene mRNAs regulates tumour biology,recognized,unknown,"I recognize the 2010 PTEN/PTENP1 ceRNA paper by Poliseno et al. and know it had a later formal replication attempt, but I don’t recall that specific replication outcome well enough to classify this effect confidently.","FAMILIARITY: recognized
VERDICT: unknown
NOTES: I recognize the 2010 PTEN/PTENP1 ceRNA paper by Poliseno et al. and know it had a later formal replication attempt, but I don’t recall that specific replication outcome well enough to classify this effect confidently.",yes
1,4,5,7,A coding-independent function of gene and pseudogene mRNAs regulates tumour biology,recognized,replicable,"I recall this as the PTEN/PTENP1 ceRNA paper from the cancer biology reproducibility project, and the replication reported the expected difference in PTEN protein between siPTEN+siPTENP1 and siPTENP1.","FAMILIARITY: recognized
VERDICT: replicable
NOTES: I recall this as the PTEN/PTENP1 ceRNA paper from the cancer biology reproducibility project, and the replication reported the expected difference in PTEN protein between siPTEN+siPTENP1 and siPTENP1.",yes
1,4,5,8,A coding-independent function of gene and pseudogene mRNAs regulates tumour biology,recognized,unknown,"I recognize this as the 2010 Nature PTEN/PTENP1 ceRNA paper and remember it was later subjected to a formal cancer-biology replication effort, but I don’t specifically recall the outcome for this exact PTEN protein comparison.","FAMILIARITY: recognized
VERDICT: unknown
NOTES: I recognize this as the 2010 Nature PTEN/PTENP1 ceRNA paper and remember it was later subjected to a formal cancer-biology replication effort, but I don’t specifically recall the outcome for this exact PTEN protein comparison.",yes
1,4,5,9,A coding-independent function of gene and pseudogene mRNAs regulates tumour biology,recognized,replicable,I recognize the Poliseno et al. PTEN/PTENP1 ceRNA study and recall that the independent replication did reproduce this PTEN protein-expression contrast.,"FAMILIARITY: recognized
VERDICT: replicable
NOTES: I recognize the Poliseno et al. PTEN/PTENP1 ceRNA study and recall that the independent replication did reproduce this PTEN protein-expression contrast.",yes
1,5,1,0,A coding-independent function of gene and pseudogene mRNAs regulates tumour biology,recognized,unreplicable,"I recall this as the 2010 Nature PTEN/PTENP1 ceRNA paper, and the independent replication did not reproduce the reported PTEN 3'UTR-dependent change in PTENP1 mRNA versus pCMV.","FAMILIARITY: recognized  
VERDICT: unreplicable  
NOTES: I recall this as the 2010 Nature PTEN/PTENP1 ceRNA paper, and the independent replication did not reproduce the reported PTEN 3'UTR-dependent change in PTENP1 mRNA versus pCMV.",no
1,5,1,1,A coding-independent function of gene and pseudogene mRNAs regulates tumour biology,recognized,unreplicable,I recognize the 2010 Nature ceRNA/PTENP1 paper; the later Reproducibility Project: Cancer Biology attempt at the PTENP1 mRNA expression change between pCMV and PTEN 3'UTR did not reproduce the original effect.,"FAMILIARITY: recognized
VERDICT: unreplicable
NOTES: I recognize the 2010 Nature ceRNA/PTENP1 paper; the later Reproducibility Project: Cancer Biology attempt at the PTENP1 mRNA expression change between pCMV and PTEN 3'UTR did not reproduce the original effect.",no
1,5,1,2,A coding-independent function of gene and pseudogene mRNAs regulates tumour biology,recognized,unreplicable,"This is the Poliseno et al. PTEN/PTENP1 ceRNA paper, and I recall the independent replication of the PTEN 3'UTR vs pCMV qPCR effect did not confirm a significant PTENP1 mRNA change.","FAMILIARITY: recognized
VERDICT: unreplicable
NOTES: This is the Poliseno et al. PTEN/PTENP1 ceRNA paper, and I recall the independent replication of the PTEN 3'UTR vs pCMV qPCR effect did not confirm a significant PTENP1 mRNA change.",no
1,5,1,3,A coding-independent function of gene and pseudogene mRNAs regulates tumour biology,recognized,unknown,"I recognize the Poliseno et al. PTENP1/PTEN 3'UTR pseudogene paper, but I don’t specifically recall the formal replication outcome for this exact PTENP1 mRNA comparison between pCMV and PTEN 3'UTR.","FAMILIARITY: recognized
VERDICT: unknown
NOTES: I recognize the Poliseno et al. PTENP1/PTEN 3'UTR pseudogene paper, but I don’t specifically recall the formal replication outcome for this exact PTENP1 mRNA comparison between pCMV and PTEN 3'UTR.",no
1,5,1,4,A coding-independent function of gene and pseudogene mRNAs regulates tumour biology,recognized,unknown,"I recognize the 2010 Science PTEN/PTENP1 ceRNA paper, but I don’t specifically recall whether the independent replication of the PTENP1 mRNA increase with PTEN 3'UTR overexpression succeeded.","FAMILIARITY: recognized
VERDICT: unknown
NOTES: I recognize the 2010 Science PTEN/PTENP1 ceRNA paper, but I don’t specifically recall whether the independent replication of the PTENP1 mRNA increase with PTEN 3'UTR overexpression succeeded.",no
1,5,1,5,A coding-independent function of gene and pseudogene mRNAs regulates tumour biology,recognized,unknown,"I recognize this as the PTEN/PTENP1 ceRNA paper, but I don’t specifically recall the independent replication outcome for the PTENP1 mRNA comparison between pCMV and PTEN 3'UTR.","FAMILIARITY: recognized
VERDICT: unknown
NOTES: I recognize this as the PTEN/PTENP1 ceRNA paper, but I don’t specifically recall the independent replication outcome for the PTENP1 mRNA comparison between pCMV and PTEN 3'UTR.",no
1,5,1,6,A coding-independent function of gene and pseudogene mRNAs regulates tumour biology,recognized,unknown,"I recognize the Karreth et al. PTENP1/ceRNA paper and that it was independently replicated, but I don’t specifically recall the PTENP1 mRNA readout for the pCMV vs PTEN 3'UTR comparison.","FAMILIARITY: recognized
VERDICT: unknown
NOTES: I recognize the Karreth et al. PTENP1/ceRNA paper and that it was independently replicated, but I don’t specifically recall the PTENP1 mRNA readout for the pCMV vs PTEN 3'UTR comparison.",no
1,5,1,7,A coding-independent function of gene and pseudogene mRNAs regulates tumour biology,recognized,unknown,"I recognize the 2010 Poliseno et al. PTENP1 ceRNA/tumour biology paper, but I don’t specifically recall the independent replication outcome for the PTENP1 mRNA pCMV vs PTEN 3'UTR comparison.","FAMILIARITY: recognized
VERDICT: unknown
NOTES: I recognize the 2010 Poliseno et al. PTENP1 ceRNA/tumour biology paper, but I don’t specifically recall the independent replication outcome for the PTENP1 mRNA pCMV vs PTEN 3'UTR comparison.",no
1,5,1,8,A coding-independent function of gene and pseudogene mRNAs regulates tumour biology,recognized,unknown,"I recognize the PTEN/PTENP1 ceRNA paper and its independent replication effort, but I don’t specifically recall the outcome of this exact PTENP1 mRNA expression comparison between pCMV and PTEN 3'UTR.","FAMILIARITY: recognized
VERDICT: unknown
NOTES: I recognize the PTEN/PTENP1 ceRNA paper and its independent replication effort, but I don’t specifically recall the outcome of this exact PTENP1 mRNA expression comparison between pCMV and PTEN 3'UTR.",no
1,5,1,9,A coding-independent function of gene and pseudogene mRNAs regulates tumour biology,unsure,unknown,"I recognize the PTENP1/PTEN 3'UTR ceRNA paper in broad terms, but I don’t specifically recall the outcome of this exact replication comparison.","FAMILIARITY: unsure
VERDICT: unknown
NOTES: I recognize the PTENP1/PTEN 3'UTR ceRNA paper in broad terms, but I don’t specifically recall the outcome of this exact replication comparison.",no
1,6,1,0,A coding-independent function of gene and pseudogene mRNAs regulates tumour biology,recognized,replicable,"I recall the independent Cancer Biology replication of the DU145 proliferation assay for PTEN 3'UTR versus pCMV showing the same-direction decrease in proliferation, so this specific effect was considered replicated.","FAMILIARITY: recognized
VERDICT: replicable
NOTES: I recall the independent Cancer Biology replication of the DU145 proliferation assay for PTEN 3'UTR versus pCMV showing the same-direction decrease in proliferation, so this specific effect was considered replicated.",yes
1,6,1,1,A coding-independent function of gene and pseudogene mRNAs regulates tumour biology,recognized,replicable,"I recall the Reproducibility Project: Cancer Biology replication of this PTEN 3'UTR/DU145 proliferation result as reproducing the original direction of effect, with PTEN 3'UTR reducing proliferation relative to pCMV.","FAMILIARITY: recognized
VERDICT: replicable
NOTES: I recall the Reproducibility Project: Cancer Biology replication of this PTEN 3'UTR/DU145 proliferation result as reproducing the original direction of effect, with PTEN 3'UTR reducing proliferation relative to pCMV.",yes
1,6,1,2,A coding-independent function of gene and pseudogene mRNAs regulates tumour biology,recognized,replicable,"I remember this as the Poliseno et al. PTEN/PTENP1 ceRNA paper, and the independent replication I recall found PTEN 3'UTR expression reduced DU145 proliferation versus pCMV in the same direction as the original.","FAMILIARITY: recognized  
VERDICT: replicable  
NOTES: I remember this as the Poliseno et al. PTEN/PTENP1 ceRNA paper, and the independent replication I recall found PTEN 3'UTR expression reduced DU145 proliferation versus pCMV in the same direction as the original.",yes
1,6,1,3,A coding-independent function of gene and pseudogene mRNAs regulates tumour biology,recognized,replicable,"I recall this as a Reproducibility Project: Cancer Biology test of PTEN 3'UTR overexpression in DU145 cells, and the replication matched the original inhibitory effect on proliferation.","FAMILIARITY: recognized
VERDICT: replicable
NOTES: I recall this as a Reproducibility Project: Cancer Biology test of PTEN 3'UTR overexpression in DU145 cells, and the replication matched the original inhibitory effect on proliferation.",yes
1,6,1,4,A coding-independent function of gene and pseudogene mRNAs regulates tumour biology,recognized,replicable,"This is the Poliseno et al. PTEN/PTENP1 pseudogene paper, and I recall the replication attempt likewise found that PTEN 3'UTR reduced DU145 proliferation relative to pCMV.","FAMILIARITY: recognized
VERDICT: replicable
NOTES: This is the Poliseno et al. PTEN/PTENP1 pseudogene paper, and I recall the replication attempt likewise found that PTEN 3'UTR reduced DU145 proliferation relative to pCMV.",yes
1,6,1,5,A coding-independent function of gene and pseudogene mRNAs regulates tumour biology,recognized,replicable,"I recognize this as the PTEN/PTENP1 ceRNA paper, and I recall the DU145 proliferation effect with the PTEN 3'UTR construct being supported in the independent replication.","FAMILIARITY: recognized
VERDICT: replicable
NOTES: I recognize this as the PTEN/PTENP1 ceRNA paper, and I recall the DU145 proliferation effect with the PTEN 3'UTR construct being supported in the independent replication.",yes
1,6,1,6,A coding-independent function of gene and pseudogene mRNAs regulates tumour biology,recognized,replicable,"I recall this as the PTEN/PTENP1 ceRNA paper, and the direct DU145 proliferation comparison of pCMV versus PTEN 3'UTR was reported in the same direction in the independent replication attempt.","FAMILIARITY: recognized
VERDICT: replicable
NOTES: I recall this as the PTEN/PTENP1 ceRNA paper, and the direct DU145 proliferation comparison of pCMV versus PTEN 3'UTR was reported in the same direction in the independent replication attempt.",yes
1,6,1,7,A coding-independent function of gene and pseudogene mRNAs regulates tumour biology,recognized,unknown,"I recognize this as the PTEN/PTENP1 ceRNA paper and its cancer-biology replication attempt in DU145 cells, but I don’t confidently recall whether the pCMV vs PTEN 3'UTR proliferation result was ultimately judged replicated.","FAMILIARITY: recognized
VERDICT: unknown
NOTES: I recognize this as the PTEN/PTENP1 ceRNA paper and its cancer-biology replication attempt in DU145 cells, but I don’t confidently recall whether the pCMV vs PTEN 3'UTR proliferation result was ultimately judged replicated.",yes
1,6,1,8,A coding-independent function of gene and pseudogene mRNAs regulates tumour biology,recognized,replicable,"I recognize this as the PTEN/PTENP1 pseudogene ceRNA paper, and I recall the independent replication of the DU145 pCMV vs PTEN 3'UTR proliferation assay found the same-direction decrease in proliferation.","FAMILIARITY: recognized
VERDICT: replicable
NOTES: I recognize this as the PTEN/PTENP1 pseudogene ceRNA paper, and I recall the independent replication of the DU145 pCMV vs PTEN 3'UTR proliferation assay found the same-direction decrease in proliferation.",yes
1,6,1,9,A coding-independent function of gene and pseudogene mRNAs regulates tumour biology,recognized,unknown,"I recognize this as the PTEN/PTENP1 ceRNA paper, but I don’t specifically recall the outcome of the independent DU145 proliferation replication.","FAMILIARITY: recognized
VERDICT: unknown
NOTES: I recognize this as the PTEN/PTENP1 ceRNA paper, but I don’t specifically recall the outcome of the independent DU145 proliferation replication.",yes
5,1,1,0,Tumour vascularization via endothelial differentiation of glioblastoma stem-like cells,recognized,unknown,"I recognize the Ricci-Vitiani glioblastoma stem-like cell vascularization paper, but I do not specifically recall the formal independent replication result for Tie2 expression in GSC83 versus HMVEC cells.","FAMILIARITY: recognized
VERDICT: unknown
NOTES: I recognize the Ricci-Vitiani glioblastoma stem-like cell vascularization paper, but I do not specifically recall the formal independent replication result for Tie2 expression in GSC83 versus HMVEC cells.",yes
5,1,1,1,Tumour vascularization via endothelial differentiation of glioblastoma stem-like cells,unsure,unknown,"I recognize the controversial glioblastoma stem-like cell endothelial-differentiation paper, but I do not specifically recall the independent replication outcome for Tie2 expression in GSC83 versus HMVEC cells.","FAMILIARITY: unsure
VERDICT: unknown
NOTES: I recognize the controversial glioblastoma stem-like cell endothelial-differentiation paper, but I do not specifically recall the independent replication outcome for Tie2 expression in GSC83 versus HMVEC cells.",yes
5,1,1,2,Tumour vascularization via endothelial differentiation of glioblastoma stem-like cells,recognized,unknown,"I recall this as the glioblastoma stem-like cell endothelial-differentiation paper that was later included in a formal replication effort, but I don’t confidently remember whether the specific Tie2 expression comparison in GSC83 versus HMVEC cells was reproduced.","FAMILIARITY: recognized
VERDICT: unknown
NOTES: I recall this as the glioblastoma stem-like cell endothelial-differentiation paper that was later included in a formal replication effort, but I don’t confidently remember whether the specific Tie2 expression comparison in GSC83 versus HMVEC cells was reproduced.",yes
5,1,1,3,Tumour vascularization via endothelial differentiation of glioblastoma stem-like cells,recognized,unknown,"I recognize this as the glioblastoma stem-like cell/endothelial differentiation paper, but I don’t specifically recall the independent replication outcome for Tie2 expression in GSC83 versus HMVEC cells.","FAMILIARITY: recognized
VERDICT: unknown
NOTES: I recognize this as the glioblastoma stem-like cell/endothelial differentiation paper, but I don’t specifically recall the independent replication outcome for Tie2 expression in GSC83 versus HMVEC cells.",yes
5,1,1,4,Tumour vascularization via endothelial differentiation of glioblastoma stem-like cells,recognized,unknown,"I recognize the glioblastoma stem-like cell/endothelial differentiation paper, but I don’t specifically recall the independent replication result for Tie2 expression in GSC83 versus HMVEC.","FAMILIARITY: recognized
VERDICT: unknown
NOTES: I recognize the glioblastoma stem-like cell/endothelial differentiation paper, but I don’t specifically recall the independent replication result for Tie2 expression in GSC83 versus HMVEC.",yes
5,1,1,5,Tumour vascularization via endothelial differentiation of glioblastoma stem-like cells,recognized,unknown,"I recognize this glioblastoma stem-like cell/endothelial differentiation paper, but I don’t specifically recall the independent replication’s outcome for the Tie2 comparison between GSC83 and HMVEC cells.","FAMILIARITY: recognized
VERDICT: unknown
NOTES: I recognize this glioblastoma stem-like cell/endothelial differentiation paper, but I don’t specifically recall the independent replication’s outcome for the Tie2 comparison between GSC83 and HMVEC cells.",yes
5,1,1,6,Tumour vascularization via endothelial differentiation of glioblastoma stem-like cells,recognized,unknown,"I recall this glioblastoma stem-like cell/endothelial differentiation paper was part of the Cancer Biology replication efforts, but I don’t specifically remember whether the Tie2 comparison in GSC83 versus HMVEC cells was confirmed.","FAMILIARITY: recognized
VERDICT: unknown
NOTES: I recall this glioblastoma stem-like cell/endothelial differentiation paper was part of the Cancer Biology replication efforts, but I don’t specifically remember whether the Tie2 comparison in GSC83 versus HMVEC cells was confirmed.",yes
5,1,1,7,Tumour vascularization via endothelial differentiation of glioblastoma stem-like cells,recognized,unknown,"I recognize this as the Ricci-Vitiani glioblastoma stem-like cell vascularization paper, but I don’t specifically recall the independent replication’s outcome for Tie2 expression in GSC83 versus HMVEC cells.","FAMILIARITY: recognized
VERDICT: unknown
NOTES: I recognize this as the Ricci-Vitiani glioblastoma stem-like cell vascularization paper, but I don’t specifically recall the independent replication’s outcome for Tie2 expression in GSC83 versus HMVEC cells.",yes
5,1,1,8,Tumour vascularization via endothelial differentiation of glioblastoma stem-like cells,unsure,unknown,"I vaguely recognize this as the glioblastoma stem-like cell/endothelial differentiation paper that was later replicated, but I don’t specifically recall whether the Tie2 signal in GSC83 versus HMVEC was reproduced.","FAMILIARITY: unsure
VERDICT: unknown
NOTES: I vaguely recognize this as the glioblastoma stem-like cell/endothelial differentiation paper that was later replicated, but I don’t specifically recall whether the Tie2 signal in GSC83 versus HMVEC was reproduced.",yes
5,1,1,9,Tumour vascularization via endothelial differentiation of glioblastoma stem-like cells,recognized,unknown,"I recognize this as the Nature paper on glioblastoma stem-like cells contributing to tumor vasculature, but I do not specifically recall the independent replication result for Tie2 expression in GSC83 versus HMVEC cells.","FAMILIARITY: recognized
VERDICT: unknown
NOTES: I recognize this as the Nature paper on glioblastoma stem-like cells contributing to tumor vasculature, but I do not specifically recall the independent replication result for Tie2 expression in GSC83 versus HMVEC cells.",yes
5,1,2,0,Tumour vascularization via endothelial differentiation of glioblastoma stem-like cells,recognized,unknown,"I recognize the glioblastoma stem-like cell/endothelial differentiation paper and that it had an independent replication attempt, but I don’t recall the specific outcome for the Tie2 comparison between U87MG and HMVEC cells.","FAMILIARITY: recognized
VERDICT: unknown
NOTES: I recognize the glioblastoma stem-like cell/endothelial differentiation paper and that it had an independent replication attempt, but I don’t recall the specific outcome for the Tie2 comparison between U87MG and HMVEC cells.",yes
5,1,2,1,Tumour vascularization via endothelial differentiation of glioblastoma stem-like cells,recognized,replicable,"I recall this glioblastoma stem-like cell paper from the Reproducibility Project, and the Tie2 control showed the expected endothelial-versus-glioblastoma difference in the same direction in the replication.","FAMILIARITY: recognized
VERDICT: replicable
NOTES: I recall this glioblastoma stem-like cell paper from the Reproducibility Project, and the Tie2 control showed the expected endothelial-versus-glioblastoma difference in the same direction in the replication.",yes
5,1,2,2,Tumour vascularization via endothelial differentiation of glioblastoma stem-like cells,recognized,unknown,"I recognize this as the Ricci-Vitiani glioblastoma stem-like cell paper, but I don’t specifically recall the independent replication result for the Tie2 comparison between U87MG and HMVEC cells.","FAMILIARITY: recognized
VERDICT: unknown
NOTES: I recognize this as the Ricci-Vitiani glioblastoma stem-like cell paper, but I don’t specifically recall the independent replication result for the Tie2 comparison between U87MG and HMVEC cells.",yes
5,1,2,3,Tumour vascularization via endothelial differentiation of glioblastoma stem-like cells,recognized,replicable,I recall this glioblastoma stem-like cell vascularization paper and that the later independent attempt reproduced the control comparison showing Tie2 positivity in HMVECs and little to no Tie2 in U87MG cells.,"FAMILIARITY: recognized
VERDICT: replicable
NOTES: I recall this glioblastoma stem-like cell vascularization paper and that the later independent attempt reproduced the control comparison showing Tie2 positivity in HMVECs and little to no Tie2 in U87MG cells.",yes
5,1,2,4,Tumour vascularization via endothelial differentiation of glioblastoma stem-like cells,recognized,unreplicable,"I recall this as the glioblastoma stem-like cell vascularization paper, and the independent replication did not reproduce the reported Tie2 expression pattern in U87MG versus HMVEC cells.","FAMILIARITY: recognized
VERDICT: unreplicable
NOTES: I recall this as the glioblastoma stem-like cell vascularization paper, and the independent replication did not reproduce the reported Tie2 expression pattern in U87MG versus HMVEC cells.",yes
5,1,2,5,Tumour vascularization via endothelial differentiation of glioblastoma stem-like cells,unsure,unknown,"I recognize the paper as a glioblastoma stem-like cell/endothelial differentiation study, but I do not specifically recall the independent replication’s result for the Tie2 comparison between U87MG and HMVEC cells.","FAMILIARITY: unsure
VERDICT: unknown
NOTES: I recognize the paper as a glioblastoma stem-like cell/endothelial differentiation study, but I do not specifically recall the independent replication’s result for the Tie2 comparison between U87MG and HMVEC cells.",yes
5,1,2,6,Tumour vascularization via endothelial differentiation of glioblastoma stem-like cells,recognized,unknown,"I recognize the Ricci-Vitiani et al. glioblastoma vasculature paper, but I don’t specifically recall the independent replication outcome for Tie2 expression in U87MG versus HMVEC cells.","FAMILIARITY: recognized
VERDICT: unknown
NOTES: I recognize the Ricci-Vitiani et al. glioblastoma vasculature paper, but I don’t specifically recall the independent replication outcome for Tie2 expression in U87MG versus HMVEC cells.",yes
5,1,2,7,Tumour vascularization via endothelial differentiation of glioblastoma stem-like cells,recognized,unknown,"I recognize this as the glioblastoma stem-like cell/endothelial differentiation paper, but I do not specifically recall the formal replication outcome for the U87MG vs HMVEC Tie2-expression comparison.","FAMILIARITY: recognized
VERDICT: unknown
NOTES: I recognize this as the glioblastoma stem-like cell/endothelial differentiation paper, but I do not specifically recall the formal replication outcome for the U87MG vs HMVEC Tie2-expression comparison.",yes
5,1,2,8,Tumour vascularization via endothelial differentiation of glioblastoma stem-like cells,unsure,unknown,"I vaguely recognize this glioblastoma stem-like cell/endothelial differentiation paper, but I don’t specifically recall the independent replication result for Tie2 expression in U87MG versus HMVEC cells.","FAMILIARITY: unsure
VERDICT: unknown
NOTES: I vaguely recognize this glioblastoma stem-like cell/endothelial differentiation paper, but I don’t specifically recall the independent replication result for Tie2 expression in U87MG versus HMVEC cells.",yes
5,1,2,9,Tumour vascularization via endothelial differentiation of glioblastoma stem-like cells,recognized,unknown,"I recognize this as the glioblastoma stem-like cell vascularization paper and know it was later independently re-examined, but I don’t specifically recall the replication outcome for the Tie2 comparison in U87MG versus HMVEC cells.","FAMILIARITY: recognized
VERDICT: unknown
NOTES: I recognize this as the glioblastoma stem-like cell vascularization paper and know it was later independently re-examined, but I don’t specifically recall the replication outcome for the Tie2 comparison in U87MG versus HMVEC cells.",yes
5,1,3,0,Tumour vascularization via endothelial differentiation of glioblastoma stem-like cells,unsure,unknown,"I recognize the Nature glioblastoma stem-like cell vascularization paper, but I do not specifically recall the independent replication result for Tie2 expression in GSC83 vs U87MG cells.","FAMILIARITY: unsure
VERDICT: unknown
NOTES: I recognize the Nature glioblastoma stem-like cell vascularization paper, but I do not specifically recall the independent replication result for Tie2 expression in GSC83 vs U87MG cells.",no
5,1,3,1,Tumour vascularization via endothelial differentiation of glioblastoma stem-like cells,recognized,unreplicable,"I recall this as the Reproducibility Project: Cancer Biology replication of Ricci-Vitiani et al.’s glioblastoma stem-like cell vascularization paper, and the reported Tie2 expression difference between GSC83 and U87MG was not reproduced.","FAMILIARITY: recognized
VERDICT: unreplicable
NOTES: I recall this as the Reproducibility Project: Cancer Biology replication of Ricci-Vitiani et al.’s glioblastoma stem-like cell vascularization paper, and the reported Tie2 expression difference between GSC83 and U87MG was not reproduced.",no
5,1,3,2,Tumour vascularization via endothelial differentiation of glioblastoma stem-like cells,unsure,unknown,"I recognize the glioblastoma stem-like cell vascularization paper, but I do not specifically recall whether the independent replication reproduced the Tie2 expression difference between GSC83 and U87MG cells.","FAMILIARITY: unsure
VERDICT: unknown
NOTES: I recognize the glioblastoma stem-like cell vascularization paper, but I do not specifically recall whether the independent replication reproduced the Tie2 expression difference between GSC83 and U87MG cells.",no
5,1,3,3,Tumour vascularization via endothelial differentiation of glioblastoma stem-like cells,recognized,unknown,"I recognize the 2010 Nature glioblastoma stem-like cell paper, but I don't specifically recall the independent replication outcome for Tie2 expression in GSC83 versus U87MG cells.","FAMILIARITY: recognized
VERDICT: unknown
NOTES: I recognize the 2010 Nature glioblastoma stem-like cell paper, but I don't specifically recall the independent replication outcome for Tie2 expression in GSC83 versus U87MG cells.",no
5,1,3,4,Tumour vascularization via endothelial differentiation of glioblastoma stem-like cells,recognized,replicable,"I recall this as one of the Replication Project cancer-biology assays, and the GSC83 vs U87MG Tie2 expression difference was reported as reproduced in the same direction.","FAMILIARITY: recognized
VERDICT: replicable
NOTES: I recall this as one of the Replication Project cancer-biology assays, and the GSC83 vs U87MG Tie2 expression difference was reported as reproduced in the same direction.",no
5,1,3,5,Tumour vascularization via endothelial differentiation of glioblastoma stem-like cells,recognized,unknown,"I recognize this as the glioblastoma stem-like cell vascularization paper, but I don’t specifically recall the independent replication outcome for the Tie2 comparison between GSC83 and U87MG cells.","FAMILIARITY: recognized
VERDICT: unknown
NOTES: I recognize this as the glioblastoma stem-like cell vascularization paper, but I don’t specifically recall the independent replication outcome for the Tie2 comparison between GSC83 and U87MG cells.",no
5,1,3,6,Tumour vascularization via endothelial differentiation of glioblastoma stem-like cells,recognized,replicable,"I recall this Reproducibility Project: Cancer Biology replication of the glioblastoma stem-like cell vascularization study, and the Tie2 expression difference in GSC83 versus U87MG was reproduced.","FAMILIARITY: recognized
VERDICT: replicable
NOTES: I recall this Reproducibility Project: Cancer Biology replication of the glioblastoma stem-like cell vascularization study, and the Tie2 expression difference in GSC83 versus U87MG was reproduced.",no
5,1,3,7,Tumour vascularization via endothelial differentiation of glioblastoma stem-like cells,recognized,unknown,"I recognize the glioblastoma stem-like cell/endothelial differentiation paper, but I don’t specifically recall the independent replication outcome for the Tie2 comparison between GSC83 and U87MG cells.","FAMILIARITY: recognized
VERDICT: unknown
NOTES: I recognize the glioblastoma stem-like cell/endothelial differentiation paper, but I don’t specifically recall the independent replication outcome for the Tie2 comparison between GSC83 and U87MG cells.",no
5,1,3,8,Tumour vascularization via endothelial differentiation of glioblastoma stem-like cells,recognized,replicable,I recall this Nature study on glioblastoma stem-like cells and that the independent replication reproduced the reported higher Tie2 expression in GSC83 compared with U87MG cells.,"FAMILIARITY: recognized
VERDICT: replicable
NOTES: I recall this Nature study on glioblastoma stem-like cells and that the independent replication reproduced the reported higher Tie2 expression in GSC83 compared with U87MG cells.",no
5,1,3,9,Tumour vascularization via endothelial differentiation of glioblastoma stem-like cells,recognized,unknown,"I recognize this glioblastoma stem-like cell/endothelial differentiation paper, but I don’t specifically recall the independent replication result for Tie2 expression in GSC83 vs U87MG cells.","FAMILIARITY: recognized
VERDICT: unknown
NOTES: I recognize this glioblastoma stem-like cell/endothelial differentiation paper, but I don’t specifically recall the independent replication result for Tie2 expression in GSC83 vs U87MG cells.",no
6,1,1,0,Diverse somatic mutation patterns and pathway alterations in human cancers,unsure,unknown,"I vaguely recognize the cancer-genomics paper and the GNAO1 R243H HMEC colony assay, but I do not specifically recall the outcome of the independent replication attempt.","FAMILIARITY: unsure
VERDICT: unknown
NOTES: I vaguely recognize the cancer-genomics paper and the GNAO1 R243H HMEC colony assay, but I do not specifically recall the outcome of the independent replication attempt.",yes
6,1,1,1,Diverse somatic mutation patterns and pathway alterations in human cancers,recognized,unreplicable,I recall this Reproducibility Project: Cancer Biology replication of the GNAO1-R243H HMEC colony-formation assay did not reproduce the original increase in colony number versus GNAO1-WT.,"FAMILIARITY: recognized
VERDICT: unreplicable
NOTES: I recall this Reproducibility Project: Cancer Biology replication of the GNAO1-R243H HMEC colony-formation assay did not reproduce the original increase in colony number versus GNAO1-WT.",yes
6,1,1,2,Diverse somatic mutation patterns and pathway alterations in human cancers,unfamiliar,unknown,"I don’t specifically recognize this paper or the particular GNAO1-R243H vs GNAO1-WT HMEC colony-number replication, so I can’t reliably state whether it was replicated.","FAMILIARITY: unfamiliar
VERDICT: unknown
NOTES: I don’t specifically recognize this paper or the particular GNAO1-R243H vs GNAO1-WT HMEC colony-number replication, so I can’t reliably state whether it was replicated.",yes
6,1,1,3,Diverse somatic mutation patterns and pathway alterations in human cancers,recognized,unreplicable,"I recall this as one of the cancer-genomics functional validation experiments in HMECs, and the independent replication did not reproduce the reported increase in colony number for GNAO1-R243H versus GNAO1-WT.","FAMILIARITY: recognized
VERDICT: unreplicable
NOTES: I recall this as one of the cancer-genomics functional validation experiments in HMECs, and the independent replication did not reproduce the reported increase in colony number for GNAO1-R243H versus GNAO1-WT.",yes
6,1,1,4,Diverse somatic mutation patterns and pathway alterations in human cancers,recognized,unknown,"I recognize this as the GNAO1 R243H HMEC colony-formation result from the Reproducibility Project: Cancer Biology, but I don’t recall the formal replication outcome well enough to say whether it was ultimately judged replicated or not.","FAMILIARITY: recognized
VERDICT: unknown
NOTES: I recognize this as the GNAO1 R243H HMEC colony-formation result from the Reproducibility Project: Cancer Biology, but I don’t recall the formal replication outcome well enough to say whether it was ultimately judged replicated or not.",yes
6,1,1,5,Diverse somatic mutation patterns and pathway alterations in human cancers,recognized,unreplicable,"I recall this as a Reproducibility Project: Cancer Biology assay of GNAO1-R243H in HMEC colony formation, and the replication did not show a significant WT-versus-mutant difference in colony number.","FAMILIARITY: recognized
VERDICT: unreplicable
NOTES: I recall this as a Reproducibility Project: Cancer Biology assay of GNAO1-R243H in HMEC colony formation, and the replication did not show a significant WT-versus-mutant difference in colony number.",yes
6,1,1,6,Diverse somatic mutation patterns and pathway alterations in human cancers,recognized,unknown,"I recall this as a Reproducibility Project replication of the GNAO1-R243H HMEC colony-formation assay, but I don’t specifically remember whether the independent result matched the original.","FAMILIARITY: recognized
VERDICT: unknown
NOTES: I recall this as a Reproducibility Project replication of the GNAO1-R243H HMEC colony-formation assay, but I don’t specifically remember whether the independent result matched the original.",yes
6,1,1,7,Diverse somatic mutation patterns and pathway alterations in human cancers,unsure,unknown,"I vaguely recognize the GNAO1 R243H HMEC colony-formation experiment as something from a cancer-biology replication effort, but I don’t specifically recall the independent replication’s result.","FAMILIARITY: unsure
VERDICT: unknown
NOTES: I vaguely recognize the GNAO1 R243H HMEC colony-formation experiment as something from a cancer-biology replication effort, but I don’t specifically recall the independent replication’s result.",yes
6,1,1,8,Diverse somatic mutation patterns and pathway alterations in human cancers,recognized,unknown,"I recognize this as a Reproducibility Project: Cancer Biology-style replication of the GNAO1-R243H HMEC colony-formation assay, but I don’t specifically recall whether the independent replication reproduced the WT vs mutant difference.","FAMILIARITY: recognized
VERDICT: unknown
NOTES: I recognize this as a Reproducibility Project: Cancer Biology-style replication of the GNAO1-R243H HMEC colony-formation assay, but I don’t specifically recall whether the independent replication reproduced the WT vs mutant difference.",yes
6,1,1,9,Diverse somatic mutation patterns and pathway alterations in human cancers,recognized,unknown,"I recognize this as a Reproducibility Project: Cancer Biology target involving GNAO1 R243H and colony formation in HMECs, but I don’t recall the formal replication outcome.","FAMILIARITY: recognized
VERDICT: unknown
NOTES: I recognize this as a Reproducibility Project: Cancer Biology target involving GNAO1 R243H and colony formation in HMECs, but I don’t recall the formal replication outcome.",yes
7,1,1,0,Kinase-dead BRAF and oncogenic RAS cooperate to drive tumor progression through CRAF,recognized,replicable,"I recall this as a Reproducibility Project cancer-biology replication of an A375 pERK Western blot from the BRAF/CRAF paper, and the replication matched the original treatment pattern overall.","FAMILIARITY: recognized
VERDICT: replicable
NOTES: I recall this as a Reproducibility Project cancer-biology replication of an A375 pERK Western blot from the BRAF/CRAF paper, and the replication matched the original treatment pattern overall.",yes
7,1,1,1,Kinase-dead BRAF and oncogenic RAS cooperate to drive tumor progression through CRAF,recognized,replicable,"I recall this as a Reproducibility Project: Cancer Biology replication of Heidorn et al., and the A375 pERK response to PD184352, sorafenib, and SB590885 was reported in the same direction as the original.","FAMILIARITY: recognized  
VERDICT: replicable  
NOTES: I recall this as a Reproducibility Project: Cancer Biology replication of Heidorn et al., and the A375 pERK response to PD184352, sorafenib, and SB590885 was reported in the same direction as the original.",yes
7,1,1,2,Kinase-dead BRAF and oncogenic RAS cooperate to drive tumor progression through CRAF,recognized,replicable,"I recall this as a Reproducibility Project: Cancer Biology test of the A375 pERK readout, and the replication was in line with the original drug-induced changes in ERK phosphorylation.","FAMILIARITY: recognized
VERDICT: replicable
NOTES: I recall this as a Reproducibility Project: Cancer Biology test of the A375 pERK readout, and the replication was in line with the original drug-induced changes in ERK phosphorylation.",yes
7,1,1,3,Kinase-dead BRAF and oncogenic RAS cooperate to drive tumor progression through CRAF,recognized,replicable,"I recall this as a Cancer Biology reproducibility target, and the A375 pERK response to PD184352, sorafenib, and SB590885 was one of the drug-response readouts that the replication reported as matching the original qualitatively.","FAMILIARITY: recognized
VERDICT: replicable
NOTES: I recall this as a Cancer Biology reproducibility target, and the A375 pERK response to PD184352, sorafenib, and SB590885 was one of the drug-response readouts that the replication reported as matching the original qualitatively.",yes
7,1,1,4,Kinase-dead BRAF and oncogenic RAS cooperate to drive tumor progression through CRAF,recognized,replicable,"I recall this as a Reproducibility Project: Cancer Biology replication in which the A375 pERK response to PD184352, sorafenib, and SB590885 was broadly consistent with the original report.","FAMILIARITY: recognized
VERDICT: replicable
NOTES: I recall this as a Reproducibility Project: Cancer Biology replication in which the A375 pERK response to PD184352, sorafenib, and SB590885 was broadly consistent with the original report.",yes
7,1,1,5,Kinase-dead BRAF and oncogenic RAS cooperate to drive tumor progression through CRAF,recognized,replicable,I recall this Reproducibility Project: Cancer Biology replication of the A375 pERK drug-response blot from the BRAF/RAS–CRAF paper as broadly matching the original inhibitor effects.,"FAMILIARITY: recognized
VERDICT: replicable
NOTES: I recall this Reproducibility Project: Cancer Biology replication of the A375 pERK drug-response blot from the BRAF/RAS–CRAF paper as broadly matching the original inhibitor effects.",yes
7,1,1,6,Kinase-dead BRAF and oncogenic RAS cooperate to drive tumor progression through CRAF,recognized,replicable,"I recall the independent replication of this Nature study seeing the same overall decrease in pERK in A375 cells with PD184352, sorafenib, and SB590885 compared with vehicle.","FAMILIARITY: recognized
VERDICT: replicable
NOTES: I recall the independent replication of this Nature study seeing the same overall decrease in pERK in A375 cells with PD184352, sorafenib, and SB590885 compared with vehicle.",yes
7,1,1,7,Kinase-dead BRAF and oncogenic RAS cooperate to drive tumor progression through CRAF,recognized,replicable,"I recognize this as the RP:CB replication of the Heidorn et al. BRAF/RAF-inhibitor study, and I recall the A375 pERK decrease with PD184352, sorafenib, and SB590885 being broadly reproduced versus vehicle.","FAMILIARITY: recognized
VERDICT: replicable
NOTES: I recognize this as the RP:CB replication of the Heidorn et al. BRAF/RAF-inhibitor study, and I recall the A375 pERK decrease with PD184352, sorafenib, and SB590885 being broadly reproduced versus vehicle.",yes
7,1,1,8,Kinase-dead BRAF and oncogenic RAS cooperate to drive tumor progression through CRAF,recognized,replicable,"I recognize this as the Reproducibility Project: Cancer Biology replication of a Western blot in A375 melanoma cells, and I recall the inhibitor-induced decrease in pERK was reproduced.","FAMILIARITY: recognized
VERDICT: replicable
NOTES: I recognize this as the Reproducibility Project: Cancer Biology replication of a Western blot in A375 melanoma cells, and I recall the inhibitor-induced decrease in pERK was reproduced.",yes
7,1,1,9,Kinase-dead BRAF and oncogenic RAS cooperate to drive tumor progression through CRAF,recognized,replicable,"I recognize this as a Reproducibility Project: Cancer Biology replication of the A375 pERK western blot, and the replication reported the same inhibitor-dependent reduction in pERK versus vehicle.","FAMILIARITY: recognized
VERDICT: replicable
NOTES: I recognize this as a Reproducibility Project: Cancer Biology replication of the A375 pERK western blot, and the replication reported the same inhibitor-dependent reduction in pERK versus vehicle.",yes
7,1,2,0,Kinase-dead BRAF and oncogenic RAS cooperate to drive tumor progression through CRAF,recognized,replicable,"I recall this as a Replication Project Cancer Biology check of the D04-cell phospho-ERK blot from the BRAF/RAS-CRAF paper, and the replication was consistent with the original finding that the inhibitors lowered pERK relative to vehicle.","FAMILIARITY: recognized
VERDICT: replicable
NOTES: I recall this as a Replication Project Cancer Biology check of the D04-cell phospho-ERK blot from the BRAF/RAS-CRAF paper, and the replication was consistent with the original finding that the inhibitors lowered pERK relative to vehicle.",yes
7,1,2,1,Kinase-dead BRAF and oncogenic RAS cooperate to drive tumor progression through CRAF,recognized,replicable,"I recall this as a Reproducibility Project: Cancer Biology replication of a D04-cell western blot in which PD184352 and sorafenib reduced pERK relative to vehicle, and it was judged to reproduce the original effect.","FAMILIARITY: recognized
VERDICT: replicable
NOTES: I recall this as a Reproducibility Project: Cancer Biology replication of a D04-cell western blot in which PD184352 and sorafenib reduced pERK relative to vehicle, and it was judged to reproduce the original effect.",yes
7,1,2,2,Kinase-dead BRAF and oncogenic RAS cooperate to drive tumor progression through CRAF,recognized,replicable,"I recall this melanoma RAF/CRAF study and its direct replication of the D04 western blot found pERK decreased with PD184352 and sorafenib versus vehicle, matching the original result.","FAMILIARITY: recognized
VERDICT: replicable
NOTES: I recall this melanoma RAF/CRAF study and its direct replication of the D04 western blot found pERK decreased with PD184352 and sorafenib versus vehicle, matching the original result.",yes
7,1,2,3,Kinase-dead BRAF and oncogenic RAS cooperate to drive tumor progression through CRAF,recognized,replicable,"I recall this as a Reproducibility Project: Cancer Biology replication of the D04-cell pERK immunoblot from the BRAF/RAS–CRAF paper, and I believe the treatment effect on pERK was reproduced in the same direction.","FAMILIARITY: recognized
VERDICT: replicable
NOTES: I recall this as a Reproducibility Project: Cancer Biology replication of the D04-cell pERK immunoblot from the BRAF/RAS–CRAF paper, and I believe the treatment effect on pERK was reproduced in the same direction.",yes
7,1,2,4,Kinase-dead BRAF and oncogenic RAS cooperate to drive tumor progression through CRAF,recognized,replicable,"I recall this as a Reproducibility Project: Cancer Biology check of the D04-cell pERK western blot, and the replication was reported as consistent with the original treatment effect.","FAMILIARITY: recognized
VERDICT: replicable
NOTES: I recall this as a Reproducibility Project: Cancer Biology check of the D04-cell pERK western blot, and the replication was reported as consistent with the original treatment effect.",yes
7,1,2,5,Kinase-dead BRAF and oncogenic RAS cooperate to drive tumor progression through CRAF,recognized,replicable,"I recognize this as the Reproducibility Project replication of Hatzivassiliou et al., where D04-cell pERK was reported to decrease with PD184352 and sorafenib relative to vehicle in a way consistent with the original.","FAMILIARITY: recognized
VERDICT: replicable
NOTES: I recognize this as the Reproducibility Project replication of Hatzivassiliou et al., where D04-cell pERK was reported to decrease with PD184352 and sorafenib relative to vehicle in a way consistent with the original.",yes
7,1,2,6,Kinase-dead BRAF and oncogenic RAS cooperate to drive tumor progression through CRAF,recognized,replicable,"I remember this as a Reproducibility Project: Cancer Biology replication of the D04-cell pERK blot, and the inhibitor-induced decrease in pERK with PD184352 and sorafenib was generally reproduced.","FAMILIARITY: recognized
VERDICT: replicable
NOTES: I remember this as a Reproducibility Project: Cancer Biology replication of the D04-cell pERK blot, and the inhibitor-induced decrease in pERK with PD184352 and sorafenib was generally reproduced.",yes
7,1,2,7,Kinase-dead BRAF and oncogenic RAS cooperate to drive tumor progression through CRAF,recognized,unknown,"I recognize the paper title, but I do not specifically recall the outcome of the independent replication of the D04 pERK inhibitor experiment.","FAMILIARITY: recognized
VERDICT: unknown
NOTES: I recognize the paper title, but I do not specifically recall the outcome of the independent replication of the D04 pERK inhibitor experiment.",yes
7,1,2,8,Kinase-dead BRAF and oncogenic RAS cooperate to drive tumor progression through CRAF,recognized,unknown,"I recognize the BRAF/RAS-CRAF melanoma signaling paper, but I don’t specifically recall the independent replication result for the D04 pERK response to vehicle, PD184352, and sorafenib.","FAMILIARITY: recognized
VERDICT: unknown
NOTES: I recognize the BRAF/RAS-CRAF melanoma signaling paper, but I don’t specifically recall the independent replication result for the D04 pERK response to vehicle, PD184352, and sorafenib.",yes
7,1,2,9,Kinase-dead BRAF and oncogenic RAS cooperate to drive tumor progression through CRAF,unsure,unknown,"I recognize this as the BRAF/CRAF melanoma study, but I don’t specifically recall the independent replication outcome for the D04 pERK inhibitor-treatment assay.","FAMILIARITY: unsure
VERDICT: unknown
NOTES: I recognize this as the BRAF/CRAF melanoma study, but I don’t specifically recall the independent replication outcome for the D04 pERK inhibitor-treatment assay.",yes
7,1,3,0,Kinase-dead BRAF and oncogenic RAS cooperate to drive tumor progression through CRAF,recognized,replicable,"I recall this Reproducibility Project: Cancer Biology attempt as a successful replication of the SB590885 effect on pERK levels in D04 cells, consistent with the original finding.","FAMILIARITY: recognized
VERDICT: replicable
NOTES: I recall this Reproducibility Project: Cancer Biology attempt as a successful replication of the SB590885 effect on pERK levels in D04 cells, consistent with the original finding.",no
7,1,3,1,Kinase-dead BRAF and oncogenic RAS cooperate to drive tumor progression through CRAF,unsure,unknown,"I recognize the Hatzivassiliou et al. RAF/ERK paper, but I don’t specifically recall the independent replication outcome for the D04 vehicle vs SB590885 pERK assay.","FAMILIARITY: unsure
VERDICT: unknown
NOTES: I recognize the Hatzivassiliou et al. RAF/ERK paper, but I don’t specifically recall the independent replication outcome for the D04 vehicle vs SB590885 pERK assay.",no
7,1,3,2,Kinase-dead BRAF and oncogenic RAS cooperate to drive tumor progression through CRAF,recognized,unknown,"I recognize the study and that it was formally replicated in a cancer-biology reproducibility project, but I don’t reliably recall whether the D04-cell pERK response to SB590885 matched the original result.","FAMILIARITY: recognized
VERDICT: unknown
NOTES: I recognize the study and that it was formally replicated in a cancer-biology reproducibility project, but I don’t reliably recall whether the D04-cell pERK response to SB590885 matched the original result.",no
7,1,3,3,Kinase-dead BRAF and oncogenic RAS cooperate to drive tumor progression through CRAF,recognized,replicable,"I recall this as the RP:CB-replicated melanoma signaling paper, and the D04-cell pERK response to SB590885 was reported in the same direction as the original effect.","FAMILIARITY: recognized
VERDICT: replicable
NOTES: I recall this as the RP:CB-replicated melanoma signaling paper, and the D04-cell pERK response to SB590885 was reported in the same direction as the original effect.",no
7,1,3,4,Kinase-dead BRAF and oncogenic RAS cooperate to drive tumor progression through CRAF,recognized,unknown,"I recognize this as the Heidorn et al. Nature paper that was later included in the Reproducibility Project: Cancer Biology, but I don’t specifically recall the outcome of the D04 vehicle vs SB590885 pERK replication.","FAMILIARITY: recognized
VERDICT: unknown
NOTES: I recognize this as the Heidorn et al. Nature paper that was later included in the Reproducibility Project: Cancer Biology, but I don’t specifically recall the outcome of the D04 vehicle vs SB590885 pERK replication.",no
7,1,3,5,Kinase-dead BRAF and oncogenic RAS cooperate to drive tumor progression through CRAF,recognized,unknown,"I recognize this as the Heidorn et al. kinase-dead BRAF/oncogenic RAS/CRAF study, but I don’t specifically recall the independent replication outcome for pERK levels in D04 cells treated with SB590885 versus vehicle.","FAMILIARITY: recognized
VERDICT: unknown
NOTES: I recognize this as the Heidorn et al. kinase-dead BRAF/oncogenic RAS/CRAF study, but I don’t specifically recall the independent replication outcome for pERK levels in D04 cells treated with SB590885 versus vehicle.",no
7,1,3,6,Kinase-dead BRAF and oncogenic RAS cooperate to drive tumor progression through CRAF,recognized,unknown,"I recognize this as the Hatzivassiliou et al. RAF/CRAF study and remember the D04/SB590885 pERK assay, but I don’t specifically recall whether the independent replication matched the original effect.","FAMILIARITY: recognized
VERDICT: unknown
NOTES: I recognize this as the Hatzivassiliou et al. RAF/CRAF study and remember the D04/SB590885 pERK assay, but I don’t specifically recall whether the independent replication matched the original effect.",no
7,1,3,7,Kinase-dead BRAF and oncogenic RAS cooperate to drive tumor progression through CRAF,recognized,replicable,I recall this as a Reproducibility Project cancer-biology replication in which SB590885 produced the same direction of pERK change in D04 cells as the original report.,"FAMILIARITY: recognized
VERDICT: replicable
NOTES: I recall this as a Reproducibility Project cancer-biology replication in which SB590885 produced the same direction of pERK change in D04 cells as the original report.",no
7,1,3,8,Kinase-dead BRAF and oncogenic RAS cooperate to drive tumor progression through CRAF,recognized,replicable,"I recognize this as the Hatzivassiliou et al. BRAF/RAS/CRAF paper, and I recall the replication finding the same overall increase in pERK in D04 cells after SB590885 treatment.","FAMILIARITY: recognized
VERDICT: replicable
NOTES: I recognize this as the Hatzivassiliou et al. BRAF/RAS/CRAF paper, and I recall the replication finding the same overall increase in pERK in D04 cells after SB590885 treatment.",no
7,1,3,9,Kinase-dead BRAF and oncogenic RAS cooperate to drive tumor progression through CRAF,recognized,unknown,"I recognize this as the kinase-dead BRAF/onogenic RAS–CRAF signaling paper, but I don’t specifically recall the independent replication outcome for the D04 pERK assay with SB590885 versus vehicle.","FAMILIARITY: recognized
VERDICT: unknown
NOTES: I recognize this as the kinase-dead BRAF/onogenic RAS–CRAF signaling paper, but I don’t specifically recall the independent replication outcome for the D04 pERK assay with SB590885 versus vehicle.",no
8,1,1,0,RAF inhibitors prime wild-type RAF to activate the MAPK pathway and enhance growth,recognized,replicable,I remember this Reproducibility Project cancer-biology replication as supporting the original finding that PLX4720 was much more potent in BRAF-mutant A375 cells than in HCT116 and MeWo cells.,"FAMILIARITY: recognized  
VERDICT: replicable  
NOTES: I remember this Reproducibility Project cancer-biology replication as supporting the original finding that PLX4720 was much more potent in BRAF-mutant A375 cells than in HCT116 and MeWo cells.",yes
8,1,1,1,RAF inhibitors prime wild-type RAF to activate the MAPK pathway and enhance growth,recognized,replicable,"I recall the 2010 Nature paper on PLX4720/RAF paradoxical MAPK activation, and the independent replication of the cell-growth dose-response found the same basic potency pattern, with A375 more sensitive than HCT116 and MeWo.","FAMILIARITY: recognized
VERDICT: replicable
NOTES: I recall the 2010 Nature paper on PLX4720/RAF paradoxical MAPK activation, and the independent replication of the cell-growth dose-response found the same basic potency pattern, with A375 more sensitive than HCT116 and MeWo.",yes
8,1,1,2,RAF inhibitors prime wild-type RAF to activate the MAPK pathway and enhance growth,recognized,unknown,"I recognize this as the RAF-inhibitor/paradoxical MAPK activation paper and its replication of PLX4720 dose-response in A375 versus HCT116 and MeWo cells, but I don’t recall the replication outcome well enough to classify it confidently.","FAMILIARITY: recognized
VERDICT: unknown
NOTES: I recognize this as the RAF-inhibitor/paradoxical MAPK activation paper and its replication of PLX4720 dose-response in A375 versus HCT116 and MeWo cells, but I don’t recall the replication outcome well enough to classify it confidently.",yes
8,1,1,3,RAF inhibitors prime wild-type RAF to activate the MAPK pathway and enhance growth,recognized,replicable,"I remember this as the Reproducibility Project replication of Hatzivassiliou et al., and the PLX4720 dose-response comparison still showed A375 cells as more sensitive than HCT116 and MeWo cells.","FAMILIARITY: recognized
VERDICT: replicable
NOTES: I remember this as the Reproducibility Project replication of Hatzivassiliou et al., and the PLX4720 dose-response comparison still showed A375 cells as more sensitive than HCT116 and MeWo cells.",yes
8,1,1,4,RAF inhibitors prime wild-type RAF to activate the MAPK pathway and enhance growth,recognized,replicable,"I recall the RP:CB replication of Hatzivassiliou et al. reproduced that A375 cells were far more sensitive to PLX4720 than HCT116 and MeWo cells, consistent with the original IC50 comparison.","FAMILIARITY: recognized
VERDICT: replicable
NOTES: I recall the RP:CB replication of Hatzivassiliou et al. reproduced that A375 cells were far more sensitive to PLX4720 than HCT116 and MeWo cells, consistent with the original IC50 comparison.",yes
8,1,1,5,RAF inhibitors prime wild-type RAF to activate the MAPK pathway and enhance growth,recognized,replicable,"I remember this as the PLX4720 dose-response comparison from the paradoxical RAF activation paper, and the replication supported the original pattern that A375 cells were more sensitive than HCT116 and MeWo cells.","FAMILIARITY: recognized
VERDICT: replicable
NOTES: I remember this as the PLX4720 dose-response comparison from the paradoxical RAF activation paper, and the replication supported the original pattern that A375 cells were more sensitive than HCT116 and MeWo cells.",yes
8,1,1,6,RAF inhibitors prime wild-type RAF to activate the MAPK pathway and enhance growth,recognized,replicable,"I recognize this as the Hatzivassiliou et al. RAF inhibitor study; the independent replication project reported the same directional IC50 difference, with A375 more sensitive to PLX4720 than HCT116/MeWo even if the absolute values differed.","FAMILIARITY: recognized
VERDICT: replicable
NOTES: I recognize this as the Hatzivassiliou et al. RAF inhibitor study; the independent replication project reported the same directional IC50 difference, with A375 more sensitive to PLX4720 than HCT116/MeWo even if the absolute values differed.",yes
8,1,1,7,RAF inhibitors prime wild-type RAF to activate the MAPK pathway and enhance growth,recognized,replicable,"This is the classic PLX4720/RAF-inhibitor paradoxical activation paper, and the replication I remember reproduced the lower IC50 in BRAF-mutant A375 cells relative to HCT116 and MeWo.","FAMILIARITY: recognized
VERDICT: replicable
NOTES: This is the classic PLX4720/RAF-inhibitor paradoxical activation paper, and the replication I remember reproduced the lower IC50 in BRAF-mutant A375 cells relative to HCT116 and MeWo.",yes
8,1,1,8,RAF inhibitors prime wild-type RAF to activate the MAPK pathway and enhance growth,recognized,replicable,"I recall this as the Cancer Biology Reproducibility Project replication of the Hatzivassiliou et al. RAF inhibitor paper, and the basic dose-response pattern showing A375 cells were more sensitive to PLX4720 than HCT116 and MeWo was qualitatively reproduced.","FAMILIARITY: recognized
VERDICT: replicable
NOTES: I recall this as the Cancer Biology Reproducibility Project replication of the Hatzivassiliou et al. RAF inhibitor paper, and the basic dose-response pattern showing A375 cells were more sensitive to PLX4720 than HCT116 and MeWo was qualitatively reproduced.",yes
8,1,1,9,RAF inhibitors prime wild-type RAF to activate the MAPK pathway and enhance growth,recognized,replicable,"This is the Hatzivassiliou et al. RAF-inhibitor paradoxical activation paper, and I recall the independent replication project reproducing the PLX4720 dose-response pattern with A375 cells more sensitive than HCT116 and MeWo cells.","FAMILIARITY: recognized
VERDICT: replicable
NOTES: This is the Hatzivassiliou et al. RAF-inhibitor paradoxical activation paper, and I recall the independent replication project reproducing the PLX4720 dose-response pattern with A375 cells more sensitive than HCT116 and MeWo cells.",yes
8,1,2,0,RAF inhibitors prime wild-type RAF to activate the MAPK pathway and enhance growth,recognized,replicable,"I recall this as a Reproducibility Project: Cancer Biology replication of the GDC-0879 dose-response comparison, and the independent test broadly reproduced A375 being more sensitive than HCT116 and MeWo.","FAMILIARITY: recognized
VERDICT: replicable
NOTES: I recall this as a Reproducibility Project: Cancer Biology replication of the GDC-0879 dose-response comparison, and the independent test broadly reproduced A375 being more sensitive than HCT116 and MeWo.",yes
8,1,2,1,RAF inhibitors prime wild-type RAF to activate the MAPK pathway and enhance growth,recognized,replicable,"I recall this as the Hatzivassiliou et al. RAF-inhibitor paradoxical activation paper, and the replication attempt reported the same sensitivity ranking with A375 cells showing lower GDC-0879 IC50 than HCT116 and MeWo cells.","FAMILIARITY: recognized  
VERDICT: replicable  
NOTES: I recall this as the Hatzivassiliou et al. RAF-inhibitor paradoxical activation paper, and the replication attempt reported the same sensitivity ranking with A375 cells showing lower GDC-0879 IC50 than HCT116 and MeWo cells.",yes
8,1,2,2,RAF inhibitors prime wild-type RAF to activate the MAPK pathway and enhance growth,recognized,replicable,"I recognize this as the Hatzivassiliou et al. RAF-inhibitor paradoxical activation paper, and I recall the independent replication reproduced the expected dose-response pattern with A375 cells being more sensitive to GDC-0879 than HCT116 and MeWo cells.","FAMILIARITY: recognized  
VERDICT: replicable  
NOTES: I recognize this as the Hatzivassiliou et al. RAF-inhibitor paradoxical activation paper, and I recall the independent replication reproduced the expected dose-response pattern with A375 cells being more sensitive to GDC-0879 than HCT116 and MeWo cells.",yes
8,1,2,3,RAF inhibitors prime wild-type RAF to activate the MAPK pathway and enhance growth,recognized,replicable,"I recognize this as the Hatzivassiliou et al. RAF-inhibitor paper, and I recall the replication supported the lower GDC-0879 IC50 in A375 cells compared with HCT116 and MeWo.","FAMILIARITY: recognized
VERDICT: replicable
NOTES: I recognize this as the Hatzivassiliou et al. RAF-inhibitor paper, and I recall the replication supported the lower GDC-0879 IC50 in A375 cells compared with HCT116 and MeWo.",yes
8,1,2,4,RAF inhibitors prime wild-type RAF to activate the MAPK pathway and enhance growth,recognized,replicable,"I remember this as the Hatzivassiliou et al. RAF-inhibitor paradoxical MAPK activation paper, and the independent replication reproduced the overall GDC-0879 sensitivity pattern with A375 cells more sensitive than HCT116 and MeWo cells.","FAMILIARITY: recognized
VERDICT: replicable
NOTES: I remember this as the Hatzivassiliou et al. RAF-inhibitor paradoxical MAPK activation paper, and the independent replication reproduced the overall GDC-0879 sensitivity pattern with A375 cells more sensitive than HCT116 and MeWo cells.",yes
8,1,2,5,RAF inhibitors prime wild-type RAF to activate the MAPK pathway and enhance growth,unsure,unknown,"I recognize the Hatzivassiliou et al. RAF inhibitor paradoxical activation paper, but I don’t specifically recall the independent replication result for the GDC-0879 IC50 comparison between A375 and HCT116/MeWo cells.","FAMILIARITY: unsure
VERDICT: unknown
NOTES: I recognize the Hatzivassiliou et al. RAF inhibitor paradoxical activation paper, but I don’t specifically recall the independent replication result for the GDC-0879 IC50 comparison between A375 and HCT116/MeWo cells.",yes
8,1,2,6,RAF inhibitors prime wild-type RAF to activate the MAPK pathway and enhance growth,recognized,unknown,"I recognize this as the Hatzivassiliou et al. RAF-inhibitor paradoxical MAPK activation paper, but I don’t specifically recall the independent replication’s IC50 outcome for A375 versus HCT116 and MeWo.","FAMILIARITY: recognized
VERDICT: unknown
NOTES: I recognize this as the Hatzivassiliou et al. RAF-inhibitor paradoxical MAPK activation paper, but I don’t specifically recall the independent replication’s IC50 outcome for A375 versus HCT116 and MeWo.",yes
8,1,2,7,RAF inhibitors prime wild-type RAF to activate the MAPK pathway and enhance growth,recognized,unknown,"I recognize this as the Hatzivassiliou et al. RAF-inhibitor paradoxical activation paper, but I don’t specifically recall the independent replication result for the A375 vs HCT116/MeWo GDC-0879 IC50 comparison.","FAMILIARITY: recognized
VERDICT: unknown
NOTES: I recognize this as the Hatzivassiliou et al. RAF-inhibitor paradoxical activation paper, but I don’t specifically recall the independent replication result for the A375 vs HCT116/MeWo GDC-0879 IC50 comparison.",yes
8,1,2,8,RAF inhibitors prime wild-type RAF to activate the MAPK pathway and enhance growth,recognized,replicable,"I remember this as the Hatzivassiliou et al. RAF-inhibitor paper, and the later independent replication reproduced the basic GDC-0879 dose-response pattern with A375 cells being much more sensitive than HCT116 and MeWo cells.","FAMILIARITY: recognized
VERDICT: replicable
NOTES: I remember this as the Hatzivassiliou et al. RAF-inhibitor paper, and the later independent replication reproduced the basic GDC-0879 dose-response pattern with A375 cells being much more sensitive than HCT116 and MeWo cells.",yes
8,1,2,9,RAF inhibitors prime wild-type RAF to activate the MAPK pathway and enhance growth,recognized,replicable,I recall this Reproducibility Project: Cancer Biology test of Hatzivassiliou et al. as reproducing the basic potency pattern where GDC-0879 was more potent in A375 than in HCT116 and MeWo cells.,"FAMILIARITY: recognized
VERDICT: replicable
NOTES: I recall this Reproducibility Project: Cancer Biology test of Hatzivassiliou et al. as reproducing the basic potency pattern where GDC-0879 was more potent in A375 than in HCT116 and MeWo cells.",yes
8,1,3,0,RAF inhibitors prime wild-type RAF to activate the MAPK pathway and enhance growth,recognized,replicable,"I remember this as a Reproducibility Project: Cancer Biology replication of the RAF-inhibitor paradoxical MAPK/growth effect, and the replication was reported as supporting the original finding.","FAMILIARITY: recognized
VERDICT: replicable
NOTES: I remember this as a Reproducibility Project: Cancer Biology replication of the RAF-inhibitor paradoxical MAPK/growth effect, and the replication was reported as supporting the original finding.",no
8,1,3,1,RAF inhibitors prime wild-type RAF to activate the MAPK pathway and enhance growth,recognized,replicable,"I recognize this as the Hatzivassiliou et al. RAF-inhibitor paper, and I recall the independent replication reproducing the A375 IC50 dose-response pattern for PD0325901, PLX4720, and GDC-0879.","FAMILIARITY: recognized
VERDICT: replicable
NOTES: I recognize this as the Hatzivassiliou et al. RAF-inhibitor paper, and I recall the independent replication reproducing the A375 IC50 dose-response pattern for PD0325901, PLX4720, and GDC-0879.",no
8,1,3,2,RAF inhibitors prime wild-type RAF to activate the MAPK pathway and enhance growth,recognized,unknown,"I recognize the Hatzivassiliou et al. RAF-inhibitor paper, but I don’t specifically recall the independent replication’s outcome for the A375 IC50 dose-response values with PD0325901 versus PLX4720 and GDC-0879.","FAMILIARITY: recognized
VERDICT: unknown
NOTES: I recognize the Hatzivassiliou et al. RAF-inhibitor paper, but I don’t specifically recall the independent replication’s outcome for the A375 IC50 dose-response values with PD0325901 versus PLX4720 and GDC-0879.",no
8,1,3,3,RAF inhibitors prime wild-type RAF to activate the MAPK pathway and enhance growth,recognized,unreplicable,"I recognize this as the Hatzivassiliou et al. RAF-inhibitor paradoxical activation paper, and I recall the Cancer Biology replication did not convincingly reproduce the PD0325901 IC50 shift in A375 cells with PLX4720 or GDC-0879.","FAMILIARITY: recognized
VERDICT: unreplicable
NOTES: I recognize this as the Hatzivassiliou et al. RAF-inhibitor paradoxical activation paper, and I recall the Cancer Biology replication did not convincingly reproduce the PD0325901 IC50 shift in A375 cells with PLX4720 or GDC-0879.",no
8,1,3,4,RAF inhibitors prime wild-type RAF to activate the MAPK pathway and enhance growth,recognized,unknown,"I recognize this as the 2010 Nature paper on RAF inhibitor paradoxical MAPK activation and its Reproducibility Project replication, but I don’t specifically recall the replication outcome for the A375 IC50 comparison of PD0325901 versus PLX4720/GDC-0879.","FAMILIARITY: recognized
VERDICT: unknown
NOTES: I recognize this as the 2010 Nature paper on RAF inhibitor paradoxical MAPK activation and its Reproducibility Project replication, but I don’t specifically recall the replication outcome for the A375 IC50 comparison of PD0325901 versus PLX4720/GDC-0879.",no
8,1,3,5,RAF inhibitors prime wild-type RAF to activate the MAPK pathway and enhance growth,recognized,replicable,"I recognize this as the Hatzivassiliou et al. RAF-inhibitor study, and I recall the replication generally reproducing the A375 dose-response/IC50 comparison for PD0325901 versus PLX4720 and GDC-0879.","FAMILIARITY: recognized
VERDICT: replicable
NOTES: I recognize this as the Hatzivassiliou et al. RAF-inhibitor study, and I recall the replication generally reproducing the A375 dose-response/IC50 comparison for PD0325901 versus PLX4720 and GDC-0879.",no
8,1,3,6,RAF inhibitors prime wild-type RAF to activate the MAPK pathway and enhance growth,recognized,unknown,"I remember this as the Hatzivassiliou et al. RAF-inhibitor/paradoxical MAPK activation paper, but I don’t specifically recall the outcome of the independent replication for the A375 IC50 curves.","FAMILIARITY: recognized
VERDICT: unknown
NOTES: I remember this as the Hatzivassiliou et al. RAF-inhibitor/paradoxical MAPK activation paper, but I don’t specifically recall the outcome of the independent replication for the A375 IC50 curves.",no
8,1,3,7,RAF inhibitors prime wild-type RAF to activate the MAPK pathway and enhance growth,recognized,replicable,"I remember this Nature paper on paradoxical MAPK activation by RAF inhibitors, and the independent replication in A375 cells reproduced the dose-response pattern, with PD0325901 much more potent than PLX4720 and GDC-0879.","FAMILIARITY: recognized
VERDICT: replicable
NOTES: I remember this Nature paper on paradoxical MAPK activation by RAF inhibitors, and the independent replication in A375 cells reproduced the dose-response pattern, with PD0325901 much more potent than PLX4720 and GDC-0879.",no
8,1,3,8,RAF inhibitors prime wild-type RAF to activate the MAPK pathway and enhance growth,recognized,unknown,"I recognize the Hatzivassiliou et al. RAF-inhibitor paper, but I don’t specifically recall the independent replication result for the A375 IC50 comparison with PD0325901, PLX4720, and GDC-0879.","FAMILIARITY: recognized
VERDICT: unknown
NOTES: I recognize the Hatzivassiliou et al. RAF-inhibitor paper, but I don’t specifically recall the independent replication result for the A375 IC50 comparison with PD0325901, PLX4720, and GDC-0879.",no
8,1,3,9,RAF inhibitors prime wild-type RAF to activate the MAPK pathway and enhance growth,recognized,unknown,"I recognize the Nature paper on paradoxical RAF inhibitor signaling, but I don’t specifically recall the independent replication outcome for the A375 PD0325901 IC50 comparison with PLX4720 and GDC-0879.","FAMILIARITY: recognized
VERDICT: unknown
NOTES: I recognize the Nature paper on paradoxical RAF inhibitor signaling, but I don’t specifically recall the independent replication outcome for the A375 PD0325901 IC50 comparison with PLX4720 and GDC-0879.",no
8,1,4,0,RAF inhibitors prime wild-type RAF to activate the MAPK pathway and enhance growth,recognized,replicable,"I recall this Nature paper and the RP:CB follow-up in HCT116 cells, and the dose-response/IC50 comparison for PD0325901 versus PLX4720 and GDC-0879 was broadly reproduced.","FAMILIARITY: recognized
VERDICT: replicable
NOTES: I recall this Nature paper and the RP:CB follow-up in HCT116 cells, and the dose-response/IC50 comparison for PD0325901 versus PLX4720 and GDC-0879 was broadly reproduced.",yes
8,1,4,1,RAF inhibitors prime wild-type RAF to activate the MAPK pathway and enhance growth,recognized,replicable,"I recall this as the classic HCT116/KRAS-mutant RAF-inhibitor paradoxical activation study, and the independent replication was broadly consistent with the reported IC50 pattern for PD0325901 versus PLX4720 and GDC-0879.","FAMILIARITY: recognized
VERDICT: replicable
NOTES: I recall this as the classic HCT116/KRAS-mutant RAF-inhibitor paradoxical activation study, and the independent replication was broadly consistent with the reported IC50 pattern for PD0325901 versus PLX4720 and GDC-0879.",yes
8,1,4,2,RAF inhibitors prime wild-type RAF to activate the MAPK pathway and enhance growth,recognized,replicable,"I recall this as the Reproducibility Project replication of the Hatzivassiliou et al. RAF-inhibitor study, and the HCT116 dose-response/IC50 comparison was reproduced.","FAMILIARITY: recognized
VERDICT: replicable
NOTES: I recall this as the Reproducibility Project replication of the Hatzivassiliou et al. RAF-inhibitor study, and the HCT116 dose-response/IC50 comparison was reproduced.",yes
8,1,4,3,RAF inhibitors prime wild-type RAF to activate the MAPK pathway and enhance growth,recognized,unknown,"I recognize this as the Hatzivassiliou et al. RAF-inhibitor paradoxical activation paper, but I don’t specifically recall the outcome of the independent HCT116 IC50 replication for PD0325901 versus PLX4720/GDC-0879.","FAMILIARITY: recognized
VERDICT: unknown
NOTES: I recognize this as the Hatzivassiliou et al. RAF-inhibitor paradoxical activation paper, but I don’t specifically recall the outcome of the independent HCT116 IC50 replication for PD0325901 versus PLX4720/GDC-0879.",yes
8,1,4,4,RAF inhibitors prime wild-type RAF to activate the MAPK pathway and enhance growth,recognized,replicable,"I recognize the Hatzivassiliou et al. RAF-inhibitor paradoxical activation study, and I recall the independent replication broadly matched the HCT116 dose-response/IC50 pattern for PD0325901, PLX4720, and GDC-0879.","FAMILIARITY: recognized
VERDICT: replicable
NOTES: I recognize the Hatzivassiliou et al. RAF-inhibitor paradoxical activation study, and I recall the independent replication broadly matched the HCT116 dose-response/IC50 pattern for PD0325901, PLX4720, and GDC-0879.",yes
8,1,4,5,RAF inhibitors prime wild-type RAF to activate the MAPK pathway and enhance growth,recognized,unknown,"I recognize this as the HCT116 paradoxical RAF-activation study, but I don’t specifically recall the independent replication result for the PD0325901 IC50 comparison with PLX4720 and GDC-0879.","FAMILIARITY: recognized
VERDICT: unknown
NOTES: I recognize this as the HCT116 paradoxical RAF-activation study, but I don’t specifically recall the independent replication result for the PD0325901 IC50 comparison with PLX4720 and GDC-0879.",yes
8,1,4,6,RAF inhibitors prime wild-type RAF to activate the MAPK pathway and enhance growth,recognized,unknown,"I recognize this as the HCT116 RAF-inhibitor paradoxical MAPK-activation paper from the Cancer Biology replication project, but I don’t specifically recall the replication outcome for the PD0325901 IC50 comparison with PLX4720 and GDC-0879.","FAMILIARITY: recognized
VERDICT: unknown
NOTES: I recognize this as the HCT116 RAF-inhibitor paradoxical MAPK-activation paper from the Cancer Biology replication project, but I don’t specifically recall the replication outcome for the PD0325901 IC50 comparison with PLX4720 and GDC-0879.",yes
8,1,4,7,RAF inhibitors prime wild-type RAF to activate the MAPK pathway and enhance growth,unsure,unknown,"I recognize the 2010 RAF-inhibitor paradoxical MAPK activation paper, but I don’t specifically recall the independent replication’s HCT116 IC50 results for PD0325901 versus PLX4720/GDC-0879.","FAMILIARITY: unsure
VERDICT: unknown
NOTES: I recognize the 2010 RAF-inhibitor paradoxical MAPK activation paper, but I don’t specifically recall the independent replication’s HCT116 IC50 results for PD0325901 versus PLX4720/GDC-0879.",yes
8,1,4,8,RAF inhibitors prime wild-type RAF to activate the MAPK pathway and enhance growth,recognized,replicable,"This is the Hatzivassiliou et al. RAF-inhibitor paradoxical MAPK activation paper, and I recall the HCT116 IC50/growth-related finding being reproduced in the formal replication attempt.","FAMILIARITY: recognized
VERDICT: replicable
NOTES: This is the Hatzivassiliou et al. RAF-inhibitor paradoxical MAPK activation paper, and I recall the HCT116 IC50/growth-related finding being reproduced in the formal replication attempt.",yes
8,1,4,9,RAF inhibitors prime wild-type RAF to activate the MAPK pathway and enhance growth,recognized,unknown,"I recognize the classic Hatzivassiliou et al. RAF-inhibitor paradoxical activation paper, but I don't specifically recall the independent replication result for the HCT116 IC50 dose-response comparison.","FAMILIARITY: recognized
VERDICT: unknown
NOTES: I recognize the classic Hatzivassiliou et al. RAF-inhibitor paradoxical activation paper, but I don't specifically recall the independent replication result for the HCT116 IC50 dose-response comparison.",yes
8,1,5,0,RAF inhibitors prime wild-type RAF to activate the MAPK pathway and enhance growth,recognized,replicable,"I recall this as the Hatzivassiliou et al. RAF-inhibitor paradoxical MAPK activation paper, and the independent replication I know of reproduced the MeWo PD0325901 IC50 shift with PLX4720/GDC-0879.","FAMILIARITY: recognized  
VERDICT: replicable  
NOTES: I recall this as the Hatzivassiliou et al. RAF-inhibitor paradoxical MAPK activation paper, and the independent replication I know of reproduced the MeWo PD0325901 IC50 shift with PLX4720/GDC-0879.",yes
8,1,5,1,RAF inhibitors prime wild-type RAF to activate the MAPK pathway and enhance growth,recognized,unknown,"I recognize the Hatzivassiliou et al. RAF-inhibitor paradoxical activation paper, but I do not specifically recall the independent replication result for the MeWo cell PD0325901 IC50 assay.","FAMILIARITY: recognized
VERDICT: unknown
NOTES: I recognize the Hatzivassiliou et al. RAF-inhibitor paradoxical activation paper, but I do not specifically recall the independent replication result for the MeWo cell PD0325901 IC50 assay.",yes
8,1,5,2,RAF inhibitors prime wild-type RAF to activate the MAPK pathway and enhance growth,recognized,replicable,"I recognize this as the Hatzivassiliou et al. RAF-inhibitor paper and recall that the MeWo-cell dose-response replication for PD0325901, PLX4720, and GDC-0879 was broadly consistent with the original IC50 pattern.","FAMILIARITY: recognized
VERDICT: replicable
NOTES: I recognize this as the Hatzivassiliou et al. RAF-inhibitor paper and recall that the MeWo-cell dose-response replication for PD0325901, PLX4720, and GDC-0879 was broadly consistent with the original IC50 pattern.",yes
8,1,5,3,RAF inhibitors prime wild-type RAF to activate the MAPK pathway and enhance growth,recognized,unknown,"I recognize the Hatzivassiliou et al. RAF-inhibitor study, but I don’t specifically recall the independent replication outcome for the MeWo IC50 comparison of PD0325901 versus PLX4720/GDC-0879.","FAMILIARITY: recognized
VERDICT: unknown
NOTES: I recognize the Hatzivassiliou et al. RAF-inhibitor study, but I don’t specifically recall the independent replication outcome for the MeWo IC50 comparison of PD0325901 versus PLX4720/GDC-0879.",yes
8,1,5,4,RAF inhibitors prime wild-type RAF to activate the MAPK pathway and enhance growth,unsure,unknown,"I recognize this as the RAF-inhibitor paradoxical MAPK activation paper, but I don’t specifically recall the independent replication outcome for the MeWo PD0325901 IC50 assay.","FAMILIARITY: unsure
VERDICT: unknown
NOTES: I recognize this as the RAF-inhibitor paradoxical MAPK activation paper, but I don’t specifically recall the independent replication outcome for the MeWo PD0325901 IC50 assay.",yes
8,1,5,5,RAF inhibitors prime wild-type RAF to activate the MAPK pathway and enhance growth,recognized,unknown,"I recognize the Hatzivassiliou et al. RAF-inhibitor paradoxical MAPK activation study and its independent reproduction attempt, but I don’t specifically recall the MeWo PD0325901 IC50 result well enough to judge whether it replicated.","FAMILIARITY: recognized
VERDICT: unknown
NOTES: I recognize the Hatzivassiliou et al. RAF-inhibitor paradoxical MAPK activation study and its independent reproduction attempt, but I don’t specifically recall the MeWo PD0325901 IC50 result well enough to judge whether it replicated.",yes
8,1,5,6,RAF inhibitors prime wild-type RAF to activate the MAPK pathway and enhance growth,recognized,replicable,"I recall this as the classic Hatzivassiliou et al. finding on paradoxical MAPK activation by RAF inhibitors, and the independent replication I remember for the MeWo dose-response/IC50 assay was broadly consistent with the original pattern.","FAMILIARITY: recognized
VERDICT: replicable
NOTES: I recall this as the classic Hatzivassiliou et al. finding on paradoxical MAPK activation by RAF inhibitors, and the independent replication I remember for the MeWo dose-response/IC50 assay was broadly consistent with the original pattern.",yes
8,1,5,7,RAF inhibitors prime wild-type RAF to activate the MAPK pathway and enhance growth,recognized,unknown,"I recognize the Hatzivassiliou et al. RAF-inhibitor paradoxical MAPK activation paper, but I don’t specifically recall the formal replication outcome for the MeWo IC50 comparison of PD0325901 versus PLX4720 and GDC-0879.","FAMILIARITY: recognized
VERDICT: unknown
NOTES: I recognize the Hatzivassiliou et al. RAF-inhibitor paradoxical MAPK activation paper, but I don’t specifically recall the formal replication outcome for the MeWo IC50 comparison of PD0325901 versus PLX4720 and GDC-0879.",yes
8,1,5,8,RAF inhibitors prime wild-type RAF to activate the MAPK pathway and enhance growth,recognized,unknown,"I recognize the Hatzivassiliou et al. RAF-inhibitor paradoxical activation paper, but I don’t specifically recall the replication outcome for the MeWo IC50 comparison of PD0325901 versus PLX4720/GDC-0879.","FAMILIARITY: recognized
VERDICT: unknown
NOTES: I recognize the Hatzivassiliou et al. RAF-inhibitor paradoxical activation paper, but I don’t specifically recall the replication outcome for the MeWo IC50 comparison of PD0325901 versus PLX4720/GDC-0879.",yes
8,1,5,9,RAF inhibitors prime wild-type RAF to activate the MAPK pathway and enhance growth,recognized,unknown,"I recall this as a Reproducibility Project cancer-biology study on paradoxical MAPK activation by RAF inhibitors, but I don’t specifically remember the MeWo IC50 replication outcome.","FAMILIARITY: recognized
VERDICT: unknown
NOTES: I recall this as a Reproducibility Project cancer-biology study on paradoxical MAPK activation by RAF inhibitors, but I don’t specifically remember the MeWo IC50 replication outcome.",yes
8,2,1,0,RAF inhibitors prime wild-type RAF to activate the MAPK pathway and enhance growth,recognized,unknown,"I recognize this as the Hatzivassiliou et al. RAF-inhibitor paradoxical MAPK activation paper, but I don’t specifically recall the independent replication outcome for the pMEK/MEK comparison in -shBRAF vs +shBRAF PLX4720-treated cells.","FAMILIARITY: recognized
VERDICT: unknown
NOTES: I recognize this as the Hatzivassiliou et al. RAF-inhibitor paradoxical MAPK activation paper, but I don’t specifically recall the independent replication outcome for the pMEK/MEK comparison in -shBRAF vs +shBRAF PLX4720-treated cells.",no
8,2,1,1,RAF inhibitors prime wild-type RAF to activate the MAPK pathway and enhance growth,recognized,unknown,"I recognize the Hatzivassiliou et al. RAF-inhibitor/paradoxical MAPK activation paper, but I don’t specifically recall the independent replication outcome for the pMEK/MEK comparison between -shBRAF and +shBRAF cells treated with PLX4720.","FAMILIARITY: recognized
VERDICT: unknown
NOTES: I recognize the Hatzivassiliou et al. RAF-inhibitor/paradoxical MAPK activation paper, but I don’t specifically recall the independent replication outcome for the pMEK/MEK comparison between -shBRAF and +shBRAF cells treated with PLX4720.",no
8,2,1,2,RAF inhibitors prime wild-type RAF to activate the MAPK pathway and enhance growth,recognized,unknown,"I recognize this as the classic PLX4720/BRAF paradoxical MAPK-activation paper, but I don’t specifically recall whether the formal replication reproduced the shBRAF-dependent pMEK/MEK difference.","FAMILIARITY: recognized
VERDICT: unknown
NOTES: I recognize this as the classic PLX4720/BRAF paradoxical MAPK-activation paper, but I don’t specifically recall whether the formal replication reproduced the shBRAF-dependent pMEK/MEK difference.",no
8,2,1,3,RAF inhibitors prime wild-type RAF to activate the MAPK pathway and enhance growth,recognized,unknown,"I recognize this as the Hatzivassiliou et al. PLX4720/RAF-inhibitor paradoxical MAPK-activation study, but I don’t specifically remember the formal replication outcome for the shBRAF vs control pMEK/MEK comparison.","FAMILIARITY: recognized
VERDICT: unknown
NOTES: I recognize this as the Hatzivassiliou et al. PLX4720/RAF-inhibitor paradoxical MAPK-activation study, but I don’t specifically remember the formal replication outcome for the shBRAF vs control pMEK/MEK comparison.",no
8,2,1,4,RAF inhibitors prime wild-type RAF to activate the MAPK pathway and enhance growth,recognized,unknown,"I recognize the Hatzivassiliou et al. RAF-inhibitor paradoxical MAPK activation paper, but I don’t specifically recall the replication result for the shBRAF vs control pMEK/MEK comparison with PLX4720.","FAMILIARITY: recognized
VERDICT: unknown
NOTES: I recognize the Hatzivassiliou et al. RAF-inhibitor paradoxical MAPK activation paper, but I don’t specifically recall the replication result for the shBRAF vs control pMEK/MEK comparison with PLX4720.",no
8,2,1,5,RAF inhibitors prime wild-type RAF to activate the MAPK pathway and enhance growth,recognized,replicable,"I recognize this as the classic PLX4720 “paradoxical MAPK activation” RAF-inhibitor study, and I recall the independent replication supporting the pMEK/MEK difference between -shBRAF and +shBRAF cells under PLX4720 treatment.","FAMILIARITY: recognized
VERDICT: replicable
NOTES: I recognize this as the classic PLX4720 “paradoxical MAPK activation” RAF-inhibitor study, and I recall the independent replication supporting the pMEK/MEK difference between -shBRAF and +shBRAF cells under PLX4720 treatment.",no
8,2,1,6,RAF inhibitors prime wild-type RAF to activate the MAPK pathway and enhance growth,recognized,replicable,I recall the Cancer Biology replication of the PLX4720-induced pMEK/MEK change in cells with vs without shBRAF as qualitatively consistent with the original report.,"FAMILIARITY: recognized
VERDICT: replicable
NOTES: I recall the Cancer Biology replication of the PLX4720-induced pMEK/MEK change in cells with vs without shBRAF as qualitatively consistent with the original report.",no
8,2,1,7,RAF inhibitors prime wild-type RAF to activate the MAPK pathway and enhance growth,recognized,unknown,"I recognize this as the Hatzivassiliou et al. RAF-inhibitor paradoxical MAPK activation paper, but I don’t specifically recall whether the replication of the pMEK/MEK difference in PLX4720-treated -shBRAF vs +shBRAF cells succeeded.","FAMILIARITY: recognized
VERDICT: unknown
NOTES: I recognize this as the Hatzivassiliou et al. RAF-inhibitor paradoxical MAPK activation paper, but I don’t specifically recall whether the replication of the pMEK/MEK difference in PLX4720-treated -shBRAF vs +shBRAF cells succeeded.",no
8,2,1,8,RAF inhibitors prime wild-type RAF to activate the MAPK pathway and enhance growth,recognized,unknown,"I recognize the classic Hatzivassiliou et al. RAF-inhibitor paradoxical activation paper, but I don’t specifically recall the replication outcome for the PLX4720 pMEK/MEK shBRAF comparison.","FAMILIARITY: recognized
VERDICT: unknown
NOTES: I recognize the classic Hatzivassiliou et al. RAF-inhibitor paradoxical activation paper, but I don’t specifically recall the replication outcome for the PLX4720 pMEK/MEK shBRAF comparison.",no
8,2,1,9,RAF inhibitors prime wild-type RAF to activate the MAPK pathway and enhance growth,recognized,replicable,"I recognize this as the PLX4720 paradoxical-MAPK activation study, and I recall the independent replication supported the BRAF-knockdown dependence of the pMEK/MEK response.","FAMILIARITY: recognized
VERDICT: replicable
NOTES: I recognize this as the PLX4720 paradoxical-MAPK activation study, and I recall the independent replication supported the BRAF-knockdown dependence of the pMEK/MEK response.",no
8,2,2,0,RAF inhibitors prime wild-type RAF to activate the MAPK pathway and enhance growth,recognized,replicable,"I recall this as the Hatzivassiliou et al. RAF-inhibitor paradoxical MAPK-activation study, and the independent replication of the pMEK/MEK difference between control and shCRAF cells treated with PLX4720 was reported in the same direction.","FAMILIARITY: recognized
VERDICT: replicable
NOTES: I recall this as the Hatzivassiliou et al. RAF-inhibitor paradoxical MAPK-activation study, and the independent replication of the pMEK/MEK difference between control and shCRAF cells treated with PLX4720 was reported in the same direction.",yes
8,2,2,1,RAF inhibitors prime wild-type RAF to activate the MAPK pathway and enhance growth,recognized,replicable,I recognize the Hatzivassiliou et al. RAF-inhibitor paper and recall that the replication attempt reported the same direction of effect on PLX4720-induced pMEK/MEK with CRAF knockdown.,"FAMILIARITY: recognized
VERDICT: replicable
NOTES: I recognize the Hatzivassiliou et al. RAF-inhibitor paper and recall that the replication attempt reported the same direction of effect on PLX4720-induced pMEK/MEK with CRAF knockdown.",yes
8,2,2,2,RAF inhibitors prime wild-type RAF to activate the MAPK pathway and enhance growth,recognized,unknown,"I recognize this as the Reproducibility Project replication of the Heidorn et al. RAF-inhibitor paradoxical MAPK activation paper, but I don’t clearly recall the specific outcome for the -shCRAF vs +shCRAF pMEK/MEK comparison under PLX4720.","FAMILIARITY: recognized
VERDICT: unknown
NOTES: I recognize this as the Reproducibility Project replication of the Heidorn et al. RAF-inhibitor paradoxical MAPK activation paper, but I don’t clearly recall the specific outcome for the -shCRAF vs +shCRAF pMEK/MEK comparison under PLX4720.",yes
8,2,2,3,RAF inhibitors prime wild-type RAF to activate the MAPK pathway and enhance growth,recognized,replicable,"I recall this as the Hatzivassiliou et al. RAF-inhibitor paradoxical activation paper, and the independent replication reported the same shCRAF-dependent PLX4720 effect on pMEK/MEK.","FAMILIARITY: recognized
VERDICT: replicable
NOTES: I recall this as the Hatzivassiliou et al. RAF-inhibitor paradoxical activation paper, and the independent replication reported the same shCRAF-dependent PLX4720 effect on pMEK/MEK.",yes
8,2,2,4,RAF inhibitors prime wild-type RAF to activate the MAPK pathway and enhance growth,recognized,unknown,"I recognize the Science paper on RAF inhibitor–induced paradoxical MAPK activation, but I don’t specifically recall the independent replication result for the pMEK/MEK comparison in -shCRAF versus +shCRAF cells treated with PLX4720.","FAMILIARITY: recognized
VERDICT: unknown
NOTES: I recognize the Science paper on RAF inhibitor–induced paradoxical MAPK activation, but I don’t specifically recall the independent replication result for the pMEK/MEK comparison in -shCRAF versus +shCRAF cells treated with PLX4720.",yes
8,2,2,5,RAF inhibitors prime wild-type RAF to activate the MAPK pathway and enhance growth,recognized,unknown,"I recognize this as the classic PLX4720/paradoxical RAF activation paper, but I don’t specifically recall the independent replication outcome for the shCRAF versus control pMEK/MEK comparison.","FAMILIARITY: recognized
VERDICT: unknown
NOTES: I recognize this as the classic PLX4720/paradoxical RAF activation paper, but I don’t specifically recall the independent replication outcome for the shCRAF versus control pMEK/MEK comparison.",yes
8,2,2,6,RAF inhibitors prime wild-type RAF to activate the MAPK pathway and enhance growth,recognized,unknown,"I recognize this as the classic PLX4720 paradoxical MAPK activation paper, but I don’t specifically recall whether the independent replication of the shCRAF versus control pMEK/MEK comparison succeeded.","FAMILIARITY: recognized
VERDICT: unknown
NOTES: I recognize this as the classic PLX4720 paradoxical MAPK activation paper, but I don’t specifically recall whether the independent replication of the shCRAF versus control pMEK/MEK comparison succeeded.",yes
8,2,2,7,RAF inhibitors prime wild-type RAF to activate the MAPK pathway and enhance growth,recognized,unknown,"I remember this as a replication-project study on PLX4720-induced MAPK activation with CRAF knockdown, but I don’t specifically recall the replication outcome for the pMEK/MEK comparison.","FAMILIARITY: recognized
VERDICT: unknown
NOTES: I remember this as a replication-project study on PLX4720-induced MAPK activation with CRAF knockdown, but I don’t specifically recall the replication outcome for the pMEK/MEK comparison.",yes
8,2,2,8,RAF inhibitors prime wild-type RAF to activate the MAPK pathway and enhance growth,recognized,replicable,"I recall this as the classic Hatzivassiliou et al. RAF-inhibitor paradoxical MAPK activation paper, and the independent replication of the CRAF knockdown/PLX4720 pMEK result was in the same direction.","FAMILIARITY: recognized
VERDICT: replicable
NOTES: I recall this as the classic Hatzivassiliou et al. RAF-inhibitor paradoxical MAPK activation paper, and the independent replication of the CRAF knockdown/PLX4720 pMEK result was in the same direction.",yes
8,2,2,9,RAF inhibitors prime wild-type RAF to activate the MAPK pathway and enhance growth,recognized,unknown,"I recognize this as the classic RAF inhibitor paradoxical MAPK activation paper, but I don’t specifically recall the independent replication outcome for the pMEK/MEK comparison in shCRAF cells treated with PLX4720.","FAMILIARITY: recognized
VERDICT: unknown
NOTES: I recognize this as the classic RAF inhibitor paradoxical MAPK activation paper, but I don’t specifically recall the independent replication outcome for the pMEK/MEK comparison in shCRAF cells treated with PLX4720.",yes
8,2,3,0,RAF inhibitors prime wild-type RAF to activate the MAPK pathway and enhance growth,recognized,unknown,"I recognize the Cancer Cell paper on RAF inhibitor–induced paradoxical MAPK activation, but I do not specifically recall the independent replication outcome for the pMEK/MEK comparison in -shBRAF versus +shBRAF cells treated with GDC-0879.","FAMILIARITY: recognized
VERDICT: unknown
NOTES: I recognize the Cancer Cell paper on RAF inhibitor–induced paradoxical MAPK activation, but I do not specifically recall the independent replication outcome for the pMEK/MEK comparison in -shBRAF versus +shBRAF cells treated with GDC-0879.",yes
8,2,3,1,RAF inhibitors prime wild-type RAF to activate the MAPK pathway and enhance growth,recognized,replicable,"I recall this as the RP:CB replication of the Hatzivassiliou et al. RAF-inhibitor paper, where the GDC-0879-associated pMEK/MEK increase in shBRAF cells was reported as reproduced even though some growth-related effects were weaker.","FAMILIARITY: recognized
VERDICT: replicable
NOTES: I recall this as the RP:CB replication of the Hatzivassiliou et al. RAF-inhibitor paper, where the GDC-0879-associated pMEK/MEK increase in shBRAF cells was reported as reproduced even though some growth-related effects were weaker.",yes
8,2,3,2,RAF inhibitors prime wild-type RAF to activate the MAPK pathway and enhance growth,recognized,replicable,"I recall this as the Hatzivassiliou et al. RAF-inhibitor paradoxical MAPK activation paper, and the formal replication attempt matched the original pMEK/MEK difference between -shBRAF and +shBRAF cells treated with GDC-0879.","FAMILIARITY: recognized
VERDICT: replicable
NOTES: I recall this as the Hatzivassiliou et al. RAF-inhibitor paradoxical MAPK activation paper, and the formal replication attempt matched the original pMEK/MEK difference between -shBRAF and +shBRAF cells treated with GDC-0879.",yes
8,2,3,3,RAF inhibitors prime wild-type RAF to activate the MAPK pathway and enhance growth,recognized,unknown,"I recognize this as the classic Hatzivassiliou RAF-inhibitor paradoxical MAPK activation study, but I don't specifically recall the independent replication outcome for the -shBRAF vs +shBRAF pMEK/MEK comparison with GDC-0879.","FAMILIARITY: recognized
VERDICT: unknown
NOTES: I recognize this as the classic Hatzivassiliou RAF-inhibitor paradoxical MAPK activation study, but I don't specifically recall the independent replication outcome for the -shBRAF vs +shBRAF pMEK/MEK comparison with GDC-0879.",yes
8,2,3,4,RAF inhibitors prime wild-type RAF to activate the MAPK pathway and enhance growth,recognized,replicable,"I remember this as the Hatzivassiliou et al. RAF-inhibitor paradoxical MAPK activation paper, and the independent replication reported the same direction of pMEK/MEK change in -shBRAF versus +shBRAF cells treated with GDC-0879.","FAMILIARITY: recognized  
VERDICT: replicable  
NOTES: I remember this as the Hatzivassiliou et al. RAF-inhibitor paradoxical MAPK activation paper, and the independent replication reported the same direction of pMEK/MEK change in -shBRAF versus +shBRAF cells treated with GDC-0879.",yes
8,2,3,5,RAF inhibitors prime wild-type RAF to activate the MAPK pathway and enhance growth,recognized,unknown,"I recognize this as the Hatzivassiliou et al. RAF-inhibitor paradoxical activation paper and its replication project, but I do not specifically recall the replication outcome for the pMEK/MEK comparison in -shBRAF versus +shBRAF cells treated with GDC-0879.","FAMILIARITY: recognized
VERDICT: unknown
NOTES: I recognize this as the Hatzivassiliou et al. RAF-inhibitor paradoxical activation paper and its replication project, but I do not specifically recall the replication outcome for the pMEK/MEK comparison in -shBRAF versus +shBRAF cells treated with GDC-0879.",yes
8,2,3,6,RAF inhibitors prime wild-type RAF to activate the MAPK pathway and enhance growth,recognized,unknown,"I recognize this as the Hatzivassiliou et al. RAF-inhibitor paradoxical activation study, but I don’t specifically recall the independent replication outcome for the pMEK/MEK comparison in shBRAF versus control cells treated with GDC-0879.","FAMILIARITY: recognized
VERDICT: unknown
NOTES: I recognize this as the Hatzivassiliou et al. RAF-inhibitor paradoxical activation study, but I don’t specifically recall the independent replication outcome for the pMEK/MEK comparison in shBRAF versus control cells treated with GDC-0879.",yes
8,2,3,7,RAF inhibitors prime wild-type RAF to activate the MAPK pathway and enhance growth,unsure,unknown,"I recognize the Hatzivassiliou et al. RAF-inhibitor paper, but I don’t specifically recall the independent replication result for the pMEK/MEK comparison in -shBRAF versus +shBRAF cells treated with GDC-0879.","FAMILIARITY: unsure
VERDICT: unknown
NOTES: I recognize the Hatzivassiliou et al. RAF-inhibitor paper, but I don’t specifically recall the independent replication result for the pMEK/MEK comparison in -shBRAF versus +shBRAF cells treated with GDC-0879.",yes
8,2,3,8,RAF inhibitors prime wild-type RAF to activate the MAPK pathway and enhance growth,recognized,replicable,"This is the Hatzivassiliou et al. RAF inhibitor paradoxical MAPK activation study, and I recall the independent replication reporting the same direction for the GDC-0879 pMEK/MEK difference between -shBRAF and +shBRAF cells.","FAMILIARITY: recognized
VERDICT: replicable
NOTES: This is the Hatzivassiliou et al. RAF inhibitor paradoxical MAPK activation study, and I recall the independent replication reporting the same direction for the GDC-0879 pMEK/MEK difference between -shBRAF and +shBRAF cells.",yes
8,2,3,9,RAF inhibitors prime wild-type RAF to activate the MAPK pathway and enhance growth,recognized,replicable,"I recognize this as the Hatzivassiliou et al. RAF-inhibitor paradoxical-activation study, and I recall the replication of the GDC-0879-induced pMEK/MEK difference between -shBRAF and +shBRAF cells as consistent with the original finding.","FAMILIARITY: recognized
VERDICT: replicable
NOTES: I recognize this as the Hatzivassiliou et al. RAF-inhibitor paradoxical-activation study, and I recall the replication of the GDC-0879-induced pMEK/MEK difference between -shBRAF and +shBRAF cells as consistent with the original finding.",yes
8,2,4,0,RAF inhibitors prime wild-type RAF to activate the MAPK pathway and enhance growth,recognized,unknown,"I recognize Hatzivassiliou et al.’s RAF-inhibitor paradoxical activation paper, but I don’t specifically recall the independent replication outcome for the pMEK/MEK comparison of -shCRAF versus +shCRAF cells treated with GDC-0879.","FAMILIARITY: recognized
VERDICT: unknown
NOTES: I recognize Hatzivassiliou et al.’s RAF-inhibitor paradoxical activation paper, but I don’t specifically recall the independent replication outcome for the pMEK/MEK comparison of -shCRAF versus +shCRAF cells treated with GDC-0879.",no
8,2,4,1,RAF inhibitors prime wild-type RAF to activate the MAPK pathway and enhance growth,recognized,unknown,"I recognize this as the Hatzivassiliou et al. RAF inhibitor paradoxical MAPK activation study and its formal RP:CB replication, but I don’t specifically recall the outcome of the shCRAF versus +shCRAF pMEK/MEK comparison after GDC-0879.","FAMILIARITY: recognized
VERDICT: unknown
NOTES: I recognize this as the Hatzivassiliou et al. RAF inhibitor paradoxical MAPK activation study and its formal RP:CB replication, but I don’t specifically recall the outcome of the shCRAF versus +shCRAF pMEK/MEK comparison after GDC-0879.",no
8,2,4,2,RAF inhibitors prime wild-type RAF to activate the MAPK pathway and enhance growth,recognized,replicable,"I recognize this as the Hatzivassiliou et al. RAF-inhibitor paradoxical MAPK activation paper, and I recall the independent replication finding the expected CRAF-dependent difference in pMEK/MEK with GDC-0879.","FAMILIARITY: recognized
VERDICT: replicable
NOTES: I recognize this as the Hatzivassiliou et al. RAF-inhibitor paradoxical MAPK activation paper, and I recall the independent replication finding the expected CRAF-dependent difference in pMEK/MEK with GDC-0879.",no
8,2,4,3,RAF inhibitors prime wild-type RAF to activate the MAPK pathway and enhance growth,recognized,unknown,"I recognize the Hatzivassiliou et al. RAF-inhibitor/paradoxical MAPK activation paper, but I don’t specifically recall the independent replication’s outcome for the pMEK/MEK comparison between -shCRAF and +shCRAF cells treated with GDC-0879.","FAMILIARITY: recognized
VERDICT: unknown
NOTES: I recognize the Hatzivassiliou et al. RAF-inhibitor/paradoxical MAPK activation paper, but I don’t specifically recall the independent replication’s outcome for the pMEK/MEK comparison between -shCRAF and +shCRAF cells treated with GDC-0879.",no
8,2,4,4,RAF inhibitors prime wild-type RAF to activate the MAPK pathway and enhance growth,recognized,unknown,"I recognize the Hatzivassiliou et al. RAF-inhibitor study and that it was later independently replicated, but I don’t recall the outcome for the specific pMEK/MEK comparison in -shCRAF versus +shCRAF cells treated with GDC-0879 well enough to classify it.","FAMILIARITY: recognized
VERDICT: unknown
NOTES: I recognize the Hatzivassiliou et al. RAF-inhibitor study and that it was later independently replicated, but I don’t recall the outcome for the specific pMEK/MEK comparison in -shCRAF versus +shCRAF cells treated with GDC-0879 well enough to classify it.",no
8,2,4,5,RAF inhibitors prime wild-type RAF to activate the MAPK pathway and enhance growth,recognized,replicable,"I recall the independent replication of this RAF-inhibitor/CRAF-dependent MEK phosphorylation result found the same direction of effect, with GDC-0879 changing pMEK/MEK differently in -shCRAF versus +shCRAF cells.","FAMILIARITY: recognized
VERDICT: replicable
NOTES: I recall the independent replication of this RAF-inhibitor/CRAF-dependent MEK phosphorylation result found the same direction of effect, with GDC-0879 changing pMEK/MEK differently in -shCRAF versus +shCRAF cells.",no
8,2,4,6,RAF inhibitors prime wild-type RAF to activate the MAPK pathway and enhance growth,recognized,unknown,"I recall this as the classic GDC-0879 paradoxical RAF-activation paper, but I do not specifically remember whether the replication of the -shCRAF vs +shCRAF pMEK/MEK comparison was judged successful.","FAMILIARITY: recognized
VERDICT: unknown
NOTES: I recall this as the classic GDC-0879 paradoxical RAF-activation paper, but I do not specifically remember whether the replication of the -shCRAF vs +shCRAF pMEK/MEK comparison was judged successful.",no
8,2,4,7,RAF inhibitors prime wild-type RAF to activate the MAPK pathway and enhance growth,recognized,replicable,"I recall this as the classic RAF-inhibitor paradoxical MAPK-activation study, and the independent replication was consistent with GDC-0879 increasing pMEK/MEK in control cells but not in shCRAF cells.","FAMILIARITY: recognized
VERDICT: replicable
NOTES: I recall this as the classic RAF-inhibitor paradoxical MAPK-activation study, and the independent replication was consistent with GDC-0879 increasing pMEK/MEK in control cells but not in shCRAF cells.",no
8,2,4,8,RAF inhibitors prime wild-type RAF to activate the MAPK pathway and enhance growth,recognized,unknown,"I recognize the 2010 RAF-inhibitor paradoxical MAPK activation paper, but I don’t specifically recall the independent replication’s outcome for the pMEK/MEK shCRAF/GDC-0879 experiment.","FAMILIARITY: recognized
VERDICT: unknown
NOTES: I recognize the 2010 RAF-inhibitor paradoxical MAPK activation paper, but I don’t specifically recall the independent replication’s outcome for the pMEK/MEK shCRAF/GDC-0879 experiment.",no
8,2,4,9,RAF inhibitors prime wild-type RAF to activate the MAPK pathway and enhance growth,recognized,replicable,"I recognize this as the Hatzivassiliou et al. RAF-inhibitor paradoxical activation study, and I recall the independent replication of the GDC-0879 pMEK/MEK difference in shCRAF versus control cells was successful.","FAMILIARITY: recognized
VERDICT: replicable
NOTES: I recognize this as the Hatzivassiliou et al. RAF-inhibitor paradoxical activation study, and I recall the independent replication of the GDC-0879 pMEK/MEK difference in shCRAF versus control cells was successful.",no
9,1,1,0,Wnt activity defines colon cancer stem cells and is regulated by the microenvironment,unsure,unknown,"I recognize the Wnt/TOP-GFP colon cancer stem cell paper, but I don’t specifically recall the independent replication result for the CD133 TOP-GFPlow vs TOP-GFPhigh comparison in 450 culture.","FAMILIARITY: unsure
VERDICT: unknown
NOTES: I recognize the Wnt/TOP-GFP colon cancer stem cell paper, but I don’t specifically recall the independent replication result for the CD133 TOP-GFPlow vs TOP-GFPhigh comparison in 450 culture.",yes
9,1,1,1,Wnt activity defines colon cancer stem cells and is regulated by the microenvironment,recognized,unknown,"I recognize this as a Reproducibility Project cancer-biology replication of the colon Wnt/stem-cell paper, but I don’t specifically recall whether the TOP-GFPhigh vs TOP-GFPlow CD133 difference in the 450 culture met the replication criteria.","FAMILIARITY: recognized
VERDICT: unknown
NOTES: I recognize this as a Reproducibility Project cancer-biology replication of the colon Wnt/stem-cell paper, but I don’t specifically recall whether the TOP-GFPhigh vs TOP-GFPlow CD133 difference in the 450 culture met the replication criteria.",yes
9,1,1,2,Wnt activity defines colon cancer stem cells and is regulated by the microenvironment,recognized,unknown,"I recognize the Vermeulen et al. colon cancer stem cell paper and remember an independent replication of the TOP-GFP^high vs TOP-GFP^low CD133 assay, but I don’t recall the replication result well enough to say whether it succeeded.","FAMILIARITY: recognized
VERDICT: unknown
NOTES: I recognize the Vermeulen et al. colon cancer stem cell paper and remember an independent replication of the TOP-GFP^high vs TOP-GFP^low CD133 assay, but I don’t recall the replication result well enough to say whether it succeeded.",yes
9,1,1,3,Wnt activity defines colon cancer stem cells and is regulated by the microenvironment,recognized,unknown,"I recognize Vermeulen et al.’s Wnt/colon cancer stem cell paper, but I don’t specifically recall the independent replication outcome for the TOP-GFP high vs low CD133 comparison in the 450 culture.","FAMILIARITY: recognized
VERDICT: unknown
NOTES: I recognize Vermeulen et al.’s Wnt/colon cancer stem cell paper, but I don’t specifically recall the independent replication outcome for the TOP-GFP high vs low CD133 comparison in the 450 culture.",yes
9,1,1,4,Wnt activity defines colon cancer stem cells and is regulated by the microenvironment,recognized,replicable,"I recall the replication study finding that TOP-GFPhigh 450-culture cells had higher CD133 expression than TOP-GFPlow cells, consistent with the original claim.","FAMILIARITY: recognized
VERDICT: replicable
NOTES: I recall the replication study finding that TOP-GFPhigh 450-culture cells had higher CD133 expression than TOP-GFPlow cells, consistent with the original claim.",yes
9,1,1,5,Wnt activity defines colon cancer stem cells and is regulated by the microenvironment,recognized,unknown,"I recall this Vermeulen et al. colon-cancer-stem-cell/Wnt reporter paper was targeted by the Cancer Biology reproducibility project, but I don’t specifically remember the replication outcome for the TOP-GFPlow vs TOP-GFPhigh CD133 comparison in 450 culture.","FAMILIARITY: recognized
VERDICT: unknown
NOTES: I recall this Vermeulen et al. colon-cancer-stem-cell/Wnt reporter paper was targeted by the Cancer Biology reproducibility project, but I don’t specifically remember the replication outcome for the TOP-GFPlow vs TOP-GFPhigh CD133 comparison in 450 culture.",yes
9,1,1,6,Wnt activity defines colon cancer stem cells and is regulated by the microenvironment,recognized,replicable,"I recognize this as the Reproducibility Project: Cancer Biology replication of the Vermeulen et al. Wnt/TOP-GFP colon cancer stem cell paper, and I recall the CD133 enrichment in TOP-GFPhigh versus TOP-GFPlow cells in 450 culture being reproduced.","FAMILIARITY: recognized
VERDICT: replicable
NOTES: I recognize this as the Reproducibility Project: Cancer Biology replication of the Vermeulen et al. Wnt/TOP-GFP colon cancer stem cell paper, and I recall the CD133 enrichment in TOP-GFPhigh versus TOP-GFPlow cells in 450 culture being reproduced.",yes
9,1,1,7,Wnt activity defines colon cancer stem cells and is regulated by the microenvironment,recognized,unknown,"I remember this Vermeulen et al. colon cancer stem cell/Wnt paper and that a formal replication attempt examined Wnt-high versus Wnt-low marker expression, but I don’t specifically recall the outcome for the CD133 comparison in the 450 culture.","FAMILIARITY: recognized
VERDICT: unknown
NOTES: I remember this Vermeulen et al. colon cancer stem cell/Wnt paper and that a formal replication attempt examined Wnt-high versus Wnt-low marker expression, but I don’t specifically recall the outcome for the CD133 comparison in the 450 culture.",yes
9,1,1,8,Wnt activity defines colon cancer stem cells and is regulated by the microenvironment,recognized,unknown,"I recognize this as the colon cancer stem cell/Wnt reporter study, but I don’t specifically recall the independent replication outcome for the CD133 TOP-GFP low vs high comparison in 450 culture.","FAMILIARITY: recognized
VERDICT: unknown
NOTES: I recognize this as the colon cancer stem cell/Wnt reporter study, but I don’t specifically recall the independent replication outcome for the CD133 TOP-GFP low vs high comparison in 450 culture.",yes
9,1,1,9,Wnt activity defines colon cancer stem cells and is regulated by the microenvironment,recognized,unknown,"I recognize the Vermeulen et al. colon cancer/Wnt activity paper, but I don’t specifically recall the outcome of the formal replication for the CD133 TOP-GFPlow vs TOP-GFPhigh comparison.","FAMILIARITY: recognized
VERDICT: unknown
NOTES: I recognize the Vermeulen et al. colon cancer/Wnt activity paper, but I don’t specifically recall the outcome of the formal replication for the CD133 TOP-GFPlow vs TOP-GFPhigh comparison.",yes
9,1,2,0,Wnt activity defines colon cancer stem cells and is regulated by the microenvironment,recognized,unknown,"I recognize this as the Vermeulen et al. colon cancer Wnt/TOP-GFP study and its Reproducibility Project: Cancer Biology follow-up, but I don’t specifically recall whether the CD24 difference in the 450 culture between TOP-GFP low and high cells was successfully reproduced.","FAMILIARITY: recognized
VERDICT: unknown
NOTES: I recognize this as the Vermeulen et al. colon cancer Wnt/TOP-GFP study and its Reproducibility Project: Cancer Biology follow-up, but I don’t specifically recall whether the CD24 difference in the 450 culture between TOP-GFP low and high cells was successfully reproduced.",yes
9,1,2,1,Wnt activity defines colon cancer stem cells and is regulated by the microenvironment,recognized,unknown,"I recognize the colon-cancer Wnt/TOP-GFP paper and that it was later independently replicated, but I don’t specifically recall the replication outcome for the CD24 comparison in 450 culture.","FAMILIARITY: recognized
VERDICT: unknown
NOTES: I recognize the colon-cancer Wnt/TOP-GFP paper and that it was later independently replicated, but I don’t specifically recall the replication outcome for the CD24 comparison in 450 culture.",yes
9,1,2,2,Wnt activity defines colon cancer stem cells and is regulated by the microenvironment,recognized,unreplicable,"I remember this as the Reproducibility Project: Cancer Biology replication of Vermeulen et al.’s colon cancer stem cell study, and the CD24 difference between TOP-GFPlow and TOP-GFPhigh in the 450 culture was not convincingly reproduced.","FAMILIARITY: recognized
VERDICT: unreplicable
NOTES: I remember this as the Reproducibility Project: Cancer Biology replication of Vermeulen et al.’s colon cancer stem cell study, and the CD24 difference between TOP-GFPlow and TOP-GFPhigh in the 450 culture was not convincingly reproduced.",yes
9,1,2,3,Wnt activity defines colon cancer stem cells and is regulated by the microenvironment,recognized,replicable,"I recall this as a Reproducibility Project: Cancer Biology replication of the Vermeulen et al. colon cancer stem cell paper, and the TOP-GFPhigh vs TOP-GFPlow CD24 difference in the 450 culture was reported in the same direction as the original.","FAMILIARITY: recognized
VERDICT: replicable
NOTES: I recall this as a Reproducibility Project: Cancer Biology replication of the Vermeulen et al. colon cancer stem cell paper, and the TOP-GFPhigh vs TOP-GFPlow CD24 difference in the 450 culture was reported in the same direction as the original.",yes
9,1,2,4,Wnt activity defines colon cancer stem cells and is regulated by the microenvironment,recognized,unknown,"I recognize this as the Reproducibility Project replication of Vermeulen et al., but I don’t confidently recall whether the TOP-GFPhigh population showed the same CD24 difference as the original in the 450 culture condition.","FAMILIARITY: recognized
VERDICT: unknown
NOTES: I recognize this as the Reproducibility Project replication of Vermeulen et al., but I don’t confidently recall whether the TOP-GFPhigh population showed the same CD24 difference as the original in the 450 culture condition.",yes
9,1,2,5,Wnt activity defines colon cancer stem cells and is regulated by the microenvironment,recognized,unknown,"I recognize the Vermeulen et al. colon cancer Wnt/TOP-GFP study, but I don’t specifically recall the independent replication’s outcome for the CD24 TOP-GFPlow vs TOP-GFPhigh comparison in 450 culture.","FAMILIARITY: recognized
VERDICT: unknown
NOTES: I recognize the Vermeulen et al. colon cancer Wnt/TOP-GFP study, but I don’t specifically recall the independent replication’s outcome for the CD24 TOP-GFPlow vs TOP-GFPhigh comparison in 450 culture.",yes
9,1,2,6,Wnt activity defines colon cancer stem cells and is regulated by the microenvironment,recognized,unknown,"I recognize this as the Vermeulen et al. colon cancer Wnt/TOP-GFP study, but I don’t specifically recall the independent replication result for the CD24 comparison in the 450 culture.","FAMILIARITY: recognized
VERDICT: unknown
NOTES: I recognize this as the Vermeulen et al. colon cancer Wnt/TOP-GFP study, but I don’t specifically recall the independent replication result for the CD24 comparison in the 450 culture.",yes
9,1,2,7,Wnt activity defines colon cancer stem cells and is regulated by the microenvironment,unsure,unknown,"I recognize Vermeulen et al.’s Wnt/colon cancer stem cell paper, but I don’t specifically recall the independent replication result for the TOP-GFPlow vs TOP-GFPhigh CD24 comparison in 450 culture.","FAMILIARITY: unsure
VERDICT: unknown
NOTES: I recognize Vermeulen et al.’s Wnt/colon cancer stem cell paper, but I don’t specifically recall the independent replication result for the TOP-GFPlow vs TOP-GFPhigh CD24 comparison in 450 culture.",yes
9,1,2,8,Wnt activity defines colon cancer stem cells and is regulated by the microenvironment,recognized,unknown,"I recognize the Vermeulen et al. colon-cancer Wnt/TOP-GFP study, but I do not specifically recall the independent replication result for the CD24 difference in the 450 culture.","FAMILIARITY: recognized
VERDICT: unknown
NOTES: I recognize the Vermeulen et al. colon-cancer Wnt/TOP-GFP study, but I do not specifically recall the independent replication result for the CD24 difference in the 450 culture.",yes
9,1,2,9,Wnt activity defines colon cancer stem cells and is regulated by the microenvironment,recognized,unknown,"I recognize this as the Vermeulen et al. colon cancer stem cell/Wnt reporter paper from the cancer-biology replication project, but I don’t specifically recall the replication result for the CD24 TOP-GFPlow vs TOP-GFPhigh comparison in 450 culture.","FAMILIARITY: recognized  
VERDICT: unknown  
NOTES: I recognize this as the Vermeulen et al. colon cancer stem cell/Wnt reporter paper from the cancer-biology replication project, but I don’t specifically recall the replication result for the CD24 TOP-GFPlow vs TOP-GFPhigh comparison in 450 culture.",yes
9,1,3,0,Wnt activity defines colon cancer stem cells and is regulated by the microenvironment,recognized,unknown,"I recognize this as the colon-cancer/Wnt-activity paper that was later checked by a formal replication project, but I don’t specifically recall the replication outcome for the CD29 TOP-GFPlow vs TOP-GFPhigh comparison in 450 culture.","FAMILIARITY: recognized
VERDICT: unknown
NOTES: I recognize this as the colon-cancer/Wnt-activity paper that was later checked by a formal replication project, but I don’t specifically recall the replication outcome for the CD29 TOP-GFPlow vs TOP-GFPhigh comparison in 450 culture.",yes
9,1,3,1,Wnt activity defines colon cancer stem cells and is regulated by the microenvironment,recognized,replicable,"This is the Vermeulen et al. colon cancer stem cell/Wnt activity paper, and I recall the replication attempt reproducing the higher CD29 expression in TOP-GFPhigh versus TOP-GFPlow cells in 450 culture.","FAMILIARITY: recognized
VERDICT: replicable
NOTES: This is the Vermeulen et al. colon cancer stem cell/Wnt activity paper, and I recall the replication attempt reproducing the higher CD29 expression in TOP-GFPhigh versus TOP-GFPlow cells in 450 culture.",yes
9,1,3,2,Wnt activity defines colon cancer stem cells and is regulated by the microenvironment,recognized,unreplicable,"I recall this Vermeulen et al. colon-cancer Wnt/TOP-GFP study was a Cancer Biology replication target, and the TOP-GFPhigh vs TOP-GFPlow CD29 difference in 450 culture was not reproduced convincingly in the independent attempt.","FAMILIARITY: recognized
VERDICT: unreplicable
NOTES: I recall this Vermeulen et al. colon-cancer Wnt/TOP-GFP study was a Cancer Biology replication target, and the TOP-GFPhigh vs TOP-GFPlow CD29 difference in 450 culture was not reproduced convincingly in the independent attempt.",yes
9,1,3,3,Wnt activity defines colon cancer stem cells and is regulated by the microenvironment,recognized,unknown,"I recall this colon cancer Wnt/TOP-GFP study and that CD29 was one of the surface markers compared between TOP-GFPlow and TOP-GFPhigh, but I do not specifically remember whether the independent replication of this exact assay succeeded.","FAMILIARITY: recognized
VERDICT: unknown
NOTES: I recall this colon cancer Wnt/TOP-GFP study and that CD29 was one of the surface markers compared between TOP-GFPlow and TOP-GFPhigh, but I do not specifically remember whether the independent replication of this exact assay succeeded.",yes
9,1,3,4,Wnt activity defines colon cancer stem cells and is regulated by the microenvironment,recognized,unknown,"I recognize the colon-cancer Wnt/TOP-GFP paper, but I don’t specifically recall the outcome of the replication for CD29 expression in TOP-GFPlow vs TOP-GFPhigh cells in the 450 culture.","FAMILIARITY: recognized
VERDICT: unknown
NOTES: I recognize the colon-cancer Wnt/TOP-GFP paper, but I don’t specifically recall the outcome of the replication for CD29 expression in TOP-GFPlow vs TOP-GFPhigh cells in the 450 culture.",yes
9,1,3,5,Wnt activity defines colon cancer stem cells and is regulated by the microenvironment,recognized,replicable,"I recall this as the RP:CB replication of Vermeulen et al., and the TOP-GFPhigh population remained enriched for CD29 relative to TOP-GFPlow in the 450 culture condition.","FAMILIARITY: recognized
VERDICT: replicable
NOTES: I recall this as the RP:CB replication of Vermeulen et al., and the TOP-GFPhigh population remained enriched for CD29 relative to TOP-GFPlow in the 450 culture condition.",yes
9,1,3,6,Wnt activity defines colon cancer stem cells and is regulated by the microenvironment,recognized,unknown,"I recognize the Vermeulen et al. colon-cancer Wnt paper and its RP:CB replication effort, but I don’t specifically recall whether the CD29 TOP-GFPlow vs TOP-GFPhigh effect in the 450 culture was reproduced.","FAMILIARITY: recognized
VERDICT: unknown
NOTES: I recognize the Vermeulen et al. colon-cancer Wnt paper and its RP:CB replication effort, but I don’t specifically recall whether the CD29 TOP-GFPlow vs TOP-GFPhigh effect in the 450 culture was reproduced.",yes
9,1,3,7,Wnt activity defines colon cancer stem cells and is regulated by the microenvironment,recognized,unknown,"I recognize the Vermeulen et al. colon cancer Wnt/TOP-GFP study and that it had an independent replication attempt, but I don’t specifically recall the outcome for the CD29 comparison in the 450 culture condition.","FAMILIARITY: recognized
VERDICT: unknown
NOTES: I recognize the Vermeulen et al. colon cancer Wnt/TOP-GFP study and that it had an independent replication attempt, but I don’t specifically recall the outcome for the CD29 comparison in the 450 culture condition.",yes
9,1,3,8,Wnt activity defines colon cancer stem cells and is regulated by the microenvironment,recognized,unknown,"I recognize Vermeulen et al.’s colon-cancer/Wnt activity paper, but I don’t specifically recall the formal replication outcome for the CD29 TOP-GFPlow vs TOP-GFPhigh result in the 450 culture.","FAMILIARITY: recognized
VERDICT: unknown
NOTES: I recognize Vermeulen et al.’s colon-cancer/Wnt activity paper, but I don’t specifically recall the formal replication outcome for the CD29 TOP-GFPlow vs TOP-GFPhigh result in the 450 culture.",yes
9,1,3,9,Wnt activity defines colon cancer stem cells and is regulated by the microenvironment,recognized,unknown,"I recognize this as the Vermeulen et al. colon cancer stem cell/Wnt activity paper, but I don’t specifically recall the independent replication of CD29 differences between TOP-GFP low and high cells in 450 culture well enough to judge the outcome.","FAMILIARITY: recognized
VERDICT: unknown
NOTES: I recognize this as the Vermeulen et al. colon cancer stem cell/Wnt activity paper, but I don’t specifically recall the independent replication of CD29 differences between TOP-GFP low and high cells in 450 culture well enough to judge the outcome.",yes
9,1,4,0,Wnt activity defines colon cancer stem cells and is regulated by the microenvironment,recognized,unknown,"I recognize this as the Vermeulen et al. colon cancer Wnt/TOP-GFP study, but I don’t specifically recall the outcome of the independent replication of CD44 expression in TOP-GFPlow vs TOP-GFPhigh cells under the 450 culture condition.","FAMILIARITY: recognized
VERDICT: unknown
NOTES: I recognize this as the Vermeulen et al. colon cancer Wnt/TOP-GFP study, but I don’t specifically recall the outcome of the independent replication of CD44 expression in TOP-GFPlow vs TOP-GFPhigh cells under the 450 culture condition.",no
9,1,4,1,Wnt activity defines colon cancer stem cells and is regulated by the microenvironment,recognized,replicable,"I recall this Reproducibility Project: Cancer Biology replication as finding higher CD44 expression in TOP-GFPhigh versus TOP-GFPlow cells in the 450 culture, matching the original direction.","FAMILIARITY: recognized
VERDICT: replicable
NOTES: I recall this Reproducibility Project: Cancer Biology replication as finding higher CD44 expression in TOP-GFPhigh versus TOP-GFPlow cells in the 450 culture, matching the original direction.",no
9,1,4,2,Wnt activity defines colon cancer stem cells and is regulated by the microenvironment,recognized,replicable,I recall the Reproducibility Project’s replication of this Vermeulen et al. colon cancer Wnt/TOP-GFP study found the CD44 enrichment in TOP-GFPhigh versus TOP-GFPlow cells in the 450 culture was reproduced.,"FAMILIARITY: recognized
VERDICT: replicable
NOTES: I recall the Reproducibility Project’s replication of this Vermeulen et al. colon cancer Wnt/TOP-GFP study found the CD44 enrichment in TOP-GFPhigh versus TOP-GFPlow cells in the 450 culture was reproduced.",no
9,1,4,3,Wnt activity defines colon cancer stem cells and is regulated by the microenvironment,recognized,unknown,"I remember this Vermeulen et al. colon-cancer Wnt/TOP-GFP study was later taken up by the Reproducibility Project: Cancer Biology, but I don’t specifically recall the replication outcome for the CD44 difference between TOP-GFPlow and TOP-GFPhigh in the 450 culture condition.","FAMILIARITY: recognized
VERDICT: unknown
NOTES: I remember this Vermeulen et al. colon-cancer Wnt/TOP-GFP study was later taken up by the Reproducibility Project: Cancer Biology, but I don’t specifically recall the replication outcome for the CD44 difference between TOP-GFPlow and TOP-GFPhigh in the 450 culture condition.",no
9,1,4,4,Wnt activity defines colon cancer stem cells and is regulated by the microenvironment,recognized,replicable,"I recall this Reproducibility Project replication of the Vermeulen et al. colon cancer stem-cell paper, where CD44 was higher in TOP-GFP-high than TOP-GFP-low cells in the culture condition tested, and the replication saw the same direction of effect.","FAMILIARITY: recognized
VERDICT: replicable
NOTES: I recall this Reproducibility Project replication of the Vermeulen et al. colon cancer stem-cell paper, where CD44 was higher in TOP-GFP-high than TOP-GFP-low cells in the culture condition tested, and the replication saw the same direction of effect.",no
9,1,4,5,Wnt activity defines colon cancer stem cells and is regulated by the microenvironment,recognized,replicable,"I recognize this as the colon-cancer Wnt/TOP-GFP paper, and I recall the replication attempt seeing higher CD44 in TOP-GFPhigh versus TOP-GFPlow cells in that culture condition.","FAMILIARITY: recognized
VERDICT: replicable
NOTES: I recognize this as the colon-cancer Wnt/TOP-GFP paper, and I recall the replication attempt seeing higher CD44 in TOP-GFPhigh versus TOP-GFPlow cells in that culture condition.",no
9,1,4,6,Wnt activity defines colon cancer stem cells and is regulated by the microenvironment,recognized,replicable,"I recall this replication reported the same directional result, with TOP-GFPhigh colon cancer cells showing higher CD44 expression than TOP-GFPlow cells in the 450 culture condition.","FAMILIARITY: recognized
VERDICT: replicable
NOTES: I recall this replication reported the same directional result, with TOP-GFPhigh colon cancer cells showing higher CD44 expression than TOP-GFPlow cells in the 450 culture condition.",no
9,1,4,7,Wnt activity defines colon cancer stem cells and is regulated by the microenvironment,recognized,unknown,"I recognize the Vermeulen et al. colon cancer stem cell/Wnt activity paper and that it was formally replicated, but I don’t specifically recall the replication outcome for the TOP-GFPlow vs TOP-GFPhigh CD44 readout in the 450 culture.","FAMILIARITY: recognized
VERDICT: unknown
NOTES: I recognize the Vermeulen et al. colon cancer stem cell/Wnt activity paper and that it was formally replicated, but I don’t specifically recall the replication outcome for the TOP-GFPlow vs TOP-GFPhigh CD44 readout in the 450 culture.",no
9,1,4,8,Wnt activity defines colon cancer stem cells and is regulated by the microenvironment,recognized,unknown,"I recognize the Vermeulen et al. colon cancer stem cell/Wnt reporter study, but I don’t specifically recall the formal replication result for the CD44 TOP-GFPlow vs TOP-GFPhigh comparison in 450 culture.","FAMILIARITY: recognized
VERDICT: unknown
NOTES: I recognize the Vermeulen et al. colon cancer stem cell/Wnt reporter study, but I don’t specifically recall the formal replication result for the CD44 TOP-GFPlow vs TOP-GFPhigh comparison in 450 culture.",no
9,1,4,9,Wnt activity defines colon cancer stem cells and is regulated by the microenvironment,recognized,replicable,"I recognize this as the Vermeulen et al. colon cancer stem cell/Wnt activity paper, and I recall the replication of higher CD44 in TOP-GFPhigh versus TOP-GFPlow 450 cells went in the same direction as the original.","FAMILIARITY: recognized
VERDICT: replicable
NOTES: I recognize this as the Vermeulen et al. colon cancer stem cell/Wnt activity paper, and I recall the replication of higher CD44 in TOP-GFPhigh versus TOP-GFPlow 450 cells went in the same direction as the original.",no
9,1,5,0,Wnt activity defines colon cancer stem cells and is regulated by the microenvironment,recognized,replicable,"I recognize this as the Reproducibility Project replication of Vermeulen et al.; CD166 was higher in TOP-GFPhigh than TOP-GFPlow in the 450-culture assay, and I recall that effect as being successfully reproduced.","FAMILIARITY: recognized
VERDICT: replicable
NOTES: I recognize this as the Reproducibility Project replication of Vermeulen et al.; CD166 was higher in TOP-GFPhigh than TOP-GFPlow in the 450-culture assay, and I recall that effect as being successfully reproduced.",yes
9,1,5,1,Wnt activity defines colon cancer stem cells and is regulated by the microenvironment,recognized,unknown,"I recognize the Vermeulen et al. colon cancer stem cell/Wnt paper and that it had a formal replication attempt, but I don’t specifically recall the CD166 TOP-GFPlow vs TOP-GFPhigh result in the 450 culture.","FAMILIARITY: recognized
VERDICT: unknown
NOTES: I recognize the Vermeulen et al. colon cancer stem cell/Wnt paper and that it had a formal replication attempt, but I don’t specifically recall the CD166 TOP-GFPlow vs TOP-GFPhigh result in the 450 culture.",yes
9,1,5,2,Wnt activity defines colon cancer stem cells and is regulated by the microenvironment,recognized,replicable,"This is the Vermeulen et al. colon cancer stem-cell paper, and I recall the formal replication of higher CD166 in TOP-GFPhigh versus TOP-GFPlow cells in 450 culture as successful.","FAMILIARITY: recognized
VERDICT: replicable
NOTES: This is the Vermeulen et al. colon cancer stem-cell paper, and I recall the formal replication of higher CD166 in TOP-GFPhigh versus TOP-GFPlow cells in 450 culture as successful.",yes
9,1,5,3,Wnt activity defines colon cancer stem cells and is regulated by the microenvironment,recognized,replicable,I recall the Reproducibility Project: Cancer Biology attempt on Vermeulen et al. reported CD166 enrichment in TOP-GFPhigh versus TOP-GFPlow 450 cells in the same direction as the original finding.,"FAMILIARITY: recognized
VERDICT: replicable
NOTES: I recall the Reproducibility Project: Cancer Biology attempt on Vermeulen et al. reported CD166 enrichment in TOP-GFPhigh versus TOP-GFPlow 450 cells in the same direction as the original finding.",yes
9,1,5,4,Wnt activity defines colon cancer stem cells and is regulated by the microenvironment,recognized,unknown,"I recognize this Vermeulen et al. colon-cancer Wnt/TOP-GFP study and that there was a replication of CD166 differences between TOP-GFPlow and TOP-GFPhigh in 450-cell culture, but I don’t reliably recall whether that specific replication succeeded.","FAMILIARITY: recognized
VERDICT: unknown
NOTES: I recognize this Vermeulen et al. colon-cancer Wnt/TOP-GFP study and that there was a replication of CD166 differences between TOP-GFPlow and TOP-GFPhigh in 450-cell culture, but I don’t reliably recall whether that specific replication succeeded.",yes
9,1,5,5,Wnt activity defines colon cancer stem cells and is regulated by the microenvironment,recognized,unknown,"I recognize the Vermeulen et al. Wnt/colon cancer stem cell paper, but I don’t specifically recall the independent replication outcome for the CD166 TOP-GFPlow vs TOP-GFPhigh comparison in the 450 culture.","FAMILIARITY: recognized
VERDICT: unknown
NOTES: I recognize the Vermeulen et al. Wnt/colon cancer stem cell paper, but I don’t specifically recall the independent replication outcome for the CD166 TOP-GFPlow vs TOP-GFPhigh comparison in the 450 culture.",yes
9,1,5,6,Wnt activity defines colon cancer stem cells and is regulated by the microenvironment,recognized,replicable,"I recall the Reproducibility Project replication of this colon cancer stem cell paper found CD166 was enriched in TOP-GFPhigh versus TOP-GFPlow cells in the 450 culture condition, in the same direction as the original finding.","FAMILIARITY: recognized
VERDICT: replicable
NOTES: I recall the Reproducibility Project replication of this colon cancer stem cell paper found CD166 was enriched in TOP-GFPhigh versus TOP-GFPlow cells in the 450 culture condition, in the same direction as the original finding.",yes
9,1,5,7,Wnt activity defines colon cancer stem cells and is regulated by the microenvironment,recognized,replicable,"I recall this as the Vermeulen et al. colon-cancer Wnt/TOP-GFP paper, and the independent replication of the CD166 enrichment in TOP-GFPhigh cells in the 450-culture condition was, to my memory, consistent with the original finding.","FAMILIARITY: recognized
VERDICT: replicable
NOTES: I recall this as the Vermeulen et al. colon-cancer Wnt/TOP-GFP paper, and the independent replication of the CD166 enrichment in TOP-GFPhigh cells in the 450-culture condition was, to my memory, consistent with the original finding.",yes
9,1,5,8,Wnt activity defines colon cancer stem cells and is regulated by the microenvironment,recognized,unknown,"I recognize the Vermeulen et al. Wnt/colon cancer stem cell paper, but I do not specifically recall the independent replication result for CD166 expression in TOP-GFPlow vs TOP-GFPhigh cells in the 450 culture.","FAMILIARITY: recognized
VERDICT: unknown
NOTES: I recognize the Vermeulen et al. Wnt/colon cancer stem cell paper, but I do not specifically recall the independent replication result for CD166 expression in TOP-GFPlow vs TOP-GFPhigh cells in the 450 culture.",yes
9,1,5,9,Wnt activity defines colon cancer stem cells and is regulated by the microenvironment,recognized,replicable,"I recognize the Vermeulen et al. colon-cancer Wnt/TOP-GFP study, and I recall the independent replication of CD166 enrichment in TOP-GFP-high versus TOP-GFP-low cells in the 450-culture condition as successful.","FAMILIARITY: recognized
VERDICT: replicable
NOTES: I recognize the Vermeulen et al. colon-cancer Wnt/TOP-GFP study, and I recall the independent replication of CD166 enrichment in TOP-GFP-high versus TOP-GFP-low cells in the 450-culture condition as successful.",yes
9,2,1,0,Wnt activity defines colon cancer stem cells and is regulated by the microenvironment,recognized,unknown,"I recognize this as the Vermeulen et al. colon cancer stem cell/Wnt activity paper, but I don’t specifically recall the independent replication result for the 450-cell TOP-GFPlow vs TOP-GFPhigh clonogenic assay.","FAMILIARITY: recognized
VERDICT: unknown
NOTES: I recognize this as the Vermeulen et al. colon cancer stem cell/Wnt activity paper, but I don’t specifically recall the independent replication result for the 450-cell TOP-GFPlow vs TOP-GFPhigh clonogenic assay.",yes
9,2,1,1,Wnt activity defines colon cancer stem cells and is regulated by the microenvironment,unsure,unknown,"I recognize the colon-cancer Wnt/TOP-GFP paper, but I don’t specifically recall the independent replication outcome for the 450-culture clonogenic-frequency assay.","FAMILIARITY: unsure
VERDICT: unknown
NOTES: I recognize the colon-cancer Wnt/TOP-GFP paper, but I don’t specifically recall the independent replication outcome for the 450-culture clonogenic-frequency assay.",yes
9,2,1,2,Wnt activity defines colon cancer stem cells and is regulated by the microenvironment,recognized,unknown,"I recognize this as the colon-cancer Wnt/TOP-GFP paper, but I don’t specifically recall the independent replication outcome for the clonogenic-frequency comparison between TOP-GFPlow and TOP-GFPhigh cells.","FAMILIARITY: recognized
VERDICT: unknown
NOTES: I recognize this as the colon-cancer Wnt/TOP-GFP paper, but I don’t specifically recall the independent replication outcome for the clonogenic-frequency comparison between TOP-GFPlow and TOP-GFPhigh cells.",yes
9,2,1,3,Wnt activity defines colon cancer stem cells and is regulated by the microenvironment,recognized,replicable,"I recall this cancer stem cell paper being replicated in the Reproducibility Project, and the TOP-GFPhigh cells again showed higher clonogenic frequency than TOP-GFPlow cells in the 450-cell colony assay.","FAMILIARITY: recognized  
VERDICT: replicable  
NOTES: I recall this cancer stem cell paper being replicated in the Reproducibility Project, and the TOP-GFPhigh cells again showed higher clonogenic frequency than TOP-GFPlow cells in the 450-cell colony assay.",yes
9,2,1,4,Wnt activity defines colon cancer stem cells and is regulated by the microenvironment,recognized,unknown,"I recognize the Vermeulen et al. colon-cancer Wnt/TOP-GFP paper, but I don’t specifically recall the independent replication outcome for the 450-cell TOP-GFPlow vs TOP-GFPhigh clonogenic-frequency assay.","FAMILIARITY: recognized
VERDICT: unknown
NOTES: I recognize the Vermeulen et al. colon-cancer Wnt/TOP-GFP paper, but I don’t specifically recall the independent replication outcome for the 450-cell TOP-GFPlow vs TOP-GFPhigh clonogenic-frequency assay.",yes
9,2,1,5,Wnt activity defines colon cancer stem cells and is regulated by the microenvironment,recognized,unknown,"I recognize the Vermeulen et al. colon cancer Wnt/TOP-GFP paper, but I don’t specifically remember whether the independent replication of the 450-cell clonogenic frequency comparison between TOP-GFPlow and TOP-GFPhigh succeeded.","FAMILIARITY: recognized
VERDICT: unknown
NOTES: I recognize the Vermeulen et al. colon cancer Wnt/TOP-GFP paper, but I don’t specifically remember whether the independent replication of the 450-cell clonogenic frequency comparison between TOP-GFPlow and TOP-GFPhigh succeeded.",yes
9,2,1,6,Wnt activity defines colon cancer stem cells and is regulated by the microenvironment,recognized,replicable,"I remember this as the Vermeulen et al. colon cancer stem cell/Wnt reporter paper, and the formal replication I recall found the same direction for higher clonogenic frequency in TOP-GFPhigh versus TOP-GFPlow cells in 450 culture.","FAMILIARITY: recognized
VERDICT: replicable
NOTES: I remember this as the Vermeulen et al. colon cancer stem cell/Wnt reporter paper, and the formal replication I recall found the same direction for higher clonogenic frequency in TOP-GFPhigh versus TOP-GFPlow cells in 450 culture.",yes
9,2,1,7,Wnt activity defines colon cancer stem cells and is regulated by the microenvironment,recognized,unknown,"I recognize the Vermeulen et al. colon-cancer Wnt/TOP-GFP study, but I don’t specifically recall the outcome of the formal replication of the TOP-GFPlow vs TOP-GFPhigh clonogenicity assay in 450 culture.","FAMILIARITY: recognized
VERDICT: unknown
NOTES: I recognize the Vermeulen et al. colon-cancer Wnt/TOP-GFP study, but I don’t specifically recall the outcome of the formal replication of the TOP-GFPlow vs TOP-GFPhigh clonogenicity assay in 450 culture.",yes
9,2,1,8,Wnt activity defines colon cancer stem cells and is regulated by the microenvironment,recognized,unknown,"I recognize the Vermeulen et al. Wnt/TOP-GFP colon cancer stem cell paper and the RP:CB attempt on the TOP-GFPlow vs TOP-GFPhigh clonogenic assay, but I don’t remember whether the 450-culture result was reproduced.","FAMILIARITY: recognized
VERDICT: unknown
NOTES: I recognize the Vermeulen et al. Wnt/TOP-GFP colon cancer stem cell paper and the RP:CB attempt on the TOP-GFPlow vs TOP-GFPhigh clonogenic assay, but I don’t remember whether the 450-culture result was reproduced.",yes
9,2,1,9,Wnt activity defines colon cancer stem cells and is regulated by the microenvironment,recognized,unknown,"I recognize the Vermeulen et al. colon cancer stem cell/Wnt reporter study, but I don’t specifically recall the outcome of the independent clonogenic-frequency replication between TOP-GFPlow and TOP-GFPhigh cells.","FAMILIARITY: recognized
VERDICT: unknown
NOTES: I recognize the Vermeulen et al. colon cancer stem cell/Wnt reporter study, but I don’t specifically recall the outcome of the independent clonogenic-frequency replication between TOP-GFPlow and TOP-GFPhigh cells.",yes
9,2,2,0,Wnt activity defines colon cancer stem cells and is regulated by the microenvironment,recognized,replicable,I recall this Vermeulen et al. colon cancer stem cell study and the formal replication of the HGF effect on TOP-GFP^low clonogenicity was broadly consistent with the original increase.,"FAMILIARITY: recognized
VERDICT: replicable
NOTES: I recall this Vermeulen et al. colon cancer stem cell study and the formal replication of the HGF effect on TOP-GFP^low clonogenicity was broadly consistent with the original increase.",no
9,2,2,1,Wnt activity defines colon cancer stem cells and is regulated by the microenvironment,recognized,unknown,"I recognize this as the Vermeulen et al. colon cancer/Wnt study and I recall a replication attempt of the HGF-enhanced clonogenicity assay, but I don’t specifically remember whether that TOP-GFPlow vs TOP-GFPlow + HGF comparison was judged to replicate.","FAMILIARITY: recognized
VERDICT: unknown
NOTES: I recognize this as the Vermeulen et al. colon cancer/Wnt study and I recall a replication attempt of the HGF-enhanced clonogenicity assay, but I don’t specifically remember whether that TOP-GFPlow vs TOP-GFPlow + HGF comparison was judged to replicate.",no
9,2,2,2,Wnt activity defines colon cancer stem cells and is regulated by the microenvironment,recognized,unknown,"I recognize the Vermeulen et al. colon cancer stem cell paper and that it was later included in the Reproducibility Project, but I don’t specifically recall the replication outcome for the 450-cell HGF clonogenicity comparison.","FAMILIARITY: recognized
VERDICT: unknown
NOTES: I recognize the Vermeulen et al. colon cancer stem cell paper and that it was later included in the Reproducibility Project, but I don’t specifically recall the replication outcome for the 450-cell HGF clonogenicity comparison.",no
9,2,2,3,Wnt activity defines colon cancer stem cells and is regulated by the microenvironment,recognized,unknown,"I recognize the Vermeulen et al. colon cancer stem cell paper and that it was formally replicated, but I don’t specifically recall the outcome for the TOP-GFPlow vs TOP-GFPlow + HGF clonogenic-frequency assay.","FAMILIARITY: recognized
VERDICT: unknown
NOTES: I recognize the Vermeulen et al. colon cancer stem cell paper and that it was formally replicated, but I don’t specifically recall the outcome for the TOP-GFPlow vs TOP-GFPlow + HGF clonogenic-frequency assay.",no
9,2,2,4,Wnt activity defines colon cancer stem cells and is regulated by the microenvironment,recognized,unknown,"I remember this as the Vermeulen et al. colon cancer stem cell/Wnt–HGF paper and its Cancer Biology replication, but I don’t specifically recall the outcome for the TOP-GFPlow vs TOP-GFPlow + HGF clonogenic-frequency comparison in 450 culture.","FAMILIARITY: recognized
VERDICT: unknown
NOTES: I remember this as the Vermeulen et al. colon cancer stem cell/Wnt–HGF paper and its Cancer Biology replication, but I don’t specifically recall the outcome for the TOP-GFPlow vs TOP-GFPlow + HGF clonogenic-frequency comparison in 450 culture.",no
9,2,2,5,Wnt activity defines colon cancer stem cells and is regulated by the microenvironment,recognized,unknown,"I recognize the Vermeulen et al. colon cancer stem cell paper and know it had a formal replication attempt, but I don’t specifically recall the replication outcome for the TOP-GFPlow vs TOP-GFPlow + HGF clonogenic-frequency assay.","FAMILIARITY: recognized
VERDICT: unknown
NOTES: I recognize the Vermeulen et al. colon cancer stem cell paper and know it had a formal replication attempt, but I don’t specifically recall the replication outcome for the TOP-GFPlow vs TOP-GFPlow + HGF clonogenic-frequency assay.",no
9,2,2,6,Wnt activity defines colon cancer stem cells and is regulated by the microenvironment,recognized,unknown,"I recall this as a Reproducibility Project: Cancer Biology case from Vermeulen et al. on colon cancer stem cells, but I don’t specifically remember whether the TOP-GFPlow + HGF clonogenic-frequency effect in 450 culture was confirmed.","FAMILIARITY: recognized  
VERDICT: unknown  
NOTES: I recall this as a Reproducibility Project: Cancer Biology case from Vermeulen et al. on colon cancer stem cells, but I don’t specifically remember whether the TOP-GFPlow + HGF clonogenic-frequency effect in 450 culture was confirmed.",no
9,2,2,7,Wnt activity defines colon cancer stem cells and is regulated by the microenvironment,recognized,unknown,"I recognize this as the Vermeulen et al. colon cancer stem cell/HGF paper from the Cancer Biology replication project, but I don’t specifically remember whether this TOP-GFPlow + HGF clonogenic-frequency effect was judged to replicate.","FAMILIARITY: recognized
VERDICT: unknown
NOTES: I recognize this as the Vermeulen et al. colon cancer stem cell/HGF paper from the Cancer Biology replication project, but I don’t specifically remember whether this TOP-GFPlow + HGF clonogenic-frequency effect was judged to replicate.",no
9,2,2,8,Wnt activity defines colon cancer stem cells and is regulated by the microenvironment,recognized,unknown,"I recognize the Vermeulen et al. colon-cancer/Wnt paper and recall a formal replication attempt on the HGF-conditioned clonogenic assay, but I don’t confidently remember whether that specific TOP-GFPlow vs TOP-GFPlow + HGF comparison reproduced.","FAMILIARITY: recognized
VERDICT: unknown
NOTES: I recognize the Vermeulen et al. colon-cancer/Wnt paper and recall a formal replication attempt on the HGF-conditioned clonogenic assay, but I don’t confidently remember whether that specific TOP-GFPlow vs TOP-GFPlow + HGF comparison reproduced.",no
9,2,2,9,Wnt activity defines colon cancer stem cells and is regulated by the microenvironment,recognized,unreplicable,"I recognize this as the RP:CB replication of the colon cancer Wnt/HGF clonogenicity assay, and I recall that the HGF-associated increase in clonogenic frequency of TOP-GFPlow cells was not clearly reproduced.","FAMILIARITY: recognized
VERDICT: unreplicable
NOTES: I recognize this as the RP:CB replication of the colon cancer Wnt/HGF clonogenicity assay, and I recall that the HGF-associated increase in clonogenic frequency of TOP-GFPlow cells was not clearly reproduced.",no
9,2,3,0,Wnt activity defines colon cancer stem cells and is regulated by the microenvironment,recognized,unreplicable,"I recall this as the Vermeulen et al. colon cancer stem cell/Wnt microenvironment paper, and the independent replication of the MFCM-induced increase in clonogenic frequency of TOP-GFPlow cells did not reproduce the original effect.","FAMILIARITY: recognized
VERDICT: unreplicable
NOTES: I recall this as the Vermeulen et al. colon cancer stem cell/Wnt microenvironment paper, and the independent replication of the MFCM-induced increase in clonogenic frequency of TOP-GFPlow cells did not reproduce the original effect.",yes
9,2,3,1,Wnt activity defines colon cancer stem cells and is regulated by the microenvironment,unsure,unknown,"I recognize the Vermeulen et al. Wnt/microenvironment paper and that it had an RP:CB replication, but I don’t specifically recall the outcome of this 450-cell TOP-GFP-low clonogenic assay with MFCM.","FAMILIARITY: unsure
VERDICT: unknown
NOTES: I recognize the Vermeulen et al. Wnt/microenvironment paper and that it had an RP:CB replication, but I don’t specifically recall the outcome of this 450-cell TOP-GFP-low clonogenic assay with MFCM.",yes
9,2,3,2,Wnt activity defines colon cancer stem cells and is regulated by the microenvironment,recognized,unreplicable,"I recognize this as the Vermeulen et al. colon cancer/Wnt study, and I recall the replication of the MFCM-associated increase in clonogenic frequency for TOP-GFPlow cells did not come through convincingly.","FAMILIARITY: recognized
VERDICT: unreplicable
NOTES: I recognize this as the Vermeulen et al. colon cancer/Wnt study, and I recall the replication of the MFCM-associated increase in clonogenic frequency for TOP-GFPlow cells did not come through convincingly.",yes
9,2,3,3,Wnt activity defines colon cancer stem cells and is regulated by the microenvironment,unsure,unknown,"I recognize the Wnt/colon-cancer-stem-cell paper and that it was later included in a formal replication effort, but I do not specifically recall the outcome of the TOP-GFPlow versus TOP-GFPlow + MFCM clonogenic-frequency assay.","FAMILIARITY: unsure
VERDICT: unknown
NOTES: I recognize the Wnt/colon-cancer-stem-cell paper and that it was later included in a formal replication effort, but I do not specifically recall the outcome of the TOP-GFPlow versus TOP-GFPlow + MFCM clonogenic-frequency assay.",yes
9,2,3,4,Wnt activity defines colon cancer stem cells and is regulated by the microenvironment,recognized,unreplicable,"I recognize the Vermeulen et al. colon cancer stem-cell paper, and I recall the independent replication of the MFCM effect on TOP-GFPlow clonogenic frequency did not reproduce the original increase.","FAMILIARITY: recognized
VERDICT: unreplicable
NOTES: I recognize the Vermeulen et al. colon cancer stem-cell paper, and I recall the independent replication of the MFCM effect on TOP-GFPlow clonogenic frequency did not reproduce the original increase.",yes
9,2,3,5,Wnt activity defines colon cancer stem cells and is regulated by the microenvironment,recognized,unknown,"I recognize the Vermeulen et al. colon-cancer stem-cell paper and the replication work around TOP-GFP/MFCM clonogenicity, but I don’t specifically recall the 450-cell TOP-GFPlow vs TOP-GFPlow + MFCM outcome.","FAMILIARITY: recognized
VERDICT: unknown
NOTES: I recognize the Vermeulen et al. colon-cancer stem-cell paper and the replication work around TOP-GFP/MFCM clonogenicity, but I don’t specifically recall the 450-cell TOP-GFPlow vs TOP-GFPlow + MFCM outcome.",yes
9,2,3,6,Wnt activity defines colon cancer stem cells and is regulated by the microenvironment,recognized,unknown,"I recognize the Vermeulen et al. colon-cancer Wnt/MFCM study and its RP:CB replication effort, but I don’t specifically recall the outcome of this exact 450-cell TOP-GFPlow vs TOP-GFPlow+MFCM clonogenicity comparison.","FAMILIARITY: recognized
VERDICT: unknown
NOTES: I recognize the Vermeulen et al. colon-cancer Wnt/MFCM study and its RP:CB replication effort, but I don’t specifically recall the outcome of this exact 450-cell TOP-GFPlow vs TOP-GFPlow+MFCM clonogenicity comparison.",yes
9,2,3,7,Wnt activity defines colon cancer stem cells and is regulated by the microenvironment,recognized,unknown,"I recall this Vermeulen et al. colon cancer stem cell/Wnt paper and that it was included in the Reproducibility Project, but I don’t specifically remember the outcome of the TOP-GFPlow vs TOP-GFPlow + MFCM clonogenic-frequency assay.","FAMILIARITY: recognized
VERDICT: unknown
NOTES: I recall this Vermeulen et al. colon cancer stem cell/Wnt paper and that it was included in the Reproducibility Project, but I don’t specifically remember the outcome of the TOP-GFPlow vs TOP-GFPlow + MFCM clonogenic-frequency assay.",yes
9,2,3,8,Wnt activity defines colon cancer stem cells and is regulated by the microenvironment,recognized,unreplicable,I recognize the Vermeulen et al. colon-cancer stem-cell paper and recall that the independent replication of the TOP-GFPlow clonogenicity increase with myofibroblast-conditioned medium did not reproduce the original effect.,"FAMILIARITY: recognized
VERDICT: unreplicable
NOTES: I recognize the Vermeulen et al. colon-cancer stem-cell paper and recall that the independent replication of the TOP-GFPlow clonogenicity increase with myofibroblast-conditioned medium did not reproduce the original effect.",yes
9,2,3,9,Wnt activity defines colon cancer stem cells and is regulated by the microenvironment,recognized,unknown,"I recognize the Vermeulen et al. colon cancer/Wnt microenvironment paper, but I don’t specifically recall the independent replication’s result for this exact TOP-GFPlow + MFCM clonogenic-frequency comparison.","FAMILIARITY: recognized
VERDICT: unknown
NOTES: I recognize the Vermeulen et al. colon cancer/Wnt microenvironment paper, but I don’t specifically recall the independent replication’s result for this exact TOP-GFPlow + MFCM clonogenic-frequency comparison.",yes
9,2,4,0,Wnt activity defines colon cancer stem cells and is regulated by the microenvironment,recognized,unknown,"I recognize this as the Vermeulen et al. colon cancer stem cell paper and vaguely recall a Cancer Biology replication involving the HGF/PHA clonogenic assay, but I don’t remember the outcome of this exact comparison.","FAMILIARITY: recognized
VERDICT: unknown
NOTES: I recognize this as the Vermeulen et al. colon cancer stem cell paper and vaguely recall a Cancer Biology replication involving the HGF/PHA clonogenic assay, but I don’t remember the outcome of this exact comparison.",yes
9,2,4,1,Wnt activity defines colon cancer stem cells and is regulated by the microenvironment,recognized,unknown,"I recognize this as the Vermeulen et al. colon-cancer-stem-cell paper and recall that it had a formal replication attempt, but I don’t specifically remember whether the HGF vs HGF+PHA clonogenic-frequency effect was reproduced.","FAMILIARITY: recognized
VERDICT: unknown
NOTES: I recognize this as the Vermeulen et al. colon-cancer-stem-cell paper and recall that it had a formal replication attempt, but I don’t specifically remember whether the HGF vs HGF+PHA clonogenic-frequency effect was reproduced.",yes
9,2,4,2,Wnt activity defines colon cancer stem cells and is regulated by the microenvironment,recognized,unknown,"I recognize this as the Vermeulen et al. colon cancer Wnt/microenvironment paper and its formal replication effort, but I do not specifically recall whether the TOP-GFPlow + HGF vs TOP-GFPlow + HGF + PHA clonogenic-frequency comparison at 450 cells was reproduced.","FAMILIARITY: recognized
VERDICT: unknown
NOTES: I recognize this as the Vermeulen et al. colon cancer Wnt/microenvironment paper and its formal replication effort, but I do not specifically recall whether the TOP-GFPlow + HGF vs TOP-GFPlow + HGF + PHA clonogenic-frequency comparison at 450 cells was reproduced.",yes
9,2,4,3,Wnt activity defines colon cancer stem cells and is regulated by the microenvironment,recognized,unknown,"I recognize this as the Vermeulen et al. colon-cancer-stem-cell/Wnt study that was later revisited by an RP:CB replication, but I don’t recall the specific HGF + PHA clonogenic-frequency result well enough to say whether it replicated.","FAMILIARITY: recognized
VERDICT: unknown
NOTES: I recognize this as the Vermeulen et al. colon-cancer-stem-cell/Wnt study that was later revisited by an RP:CB replication, but I don’t recall the specific HGF + PHA clonogenic-frequency result well enough to say whether it replicated.",yes
9,2,4,4,Wnt activity defines colon cancer stem cells and is regulated by the microenvironment,recognized,unknown,"I recognize this as the Vermeulen et al. colon-cancer Wnt/microenvironment paper that was later included in the Reproducibility Project, but I don’t specifically recall the outcome of this exact HGF vs HGF+PHA clonogenic-frequency comparison.","FAMILIARITY: recognized
VERDICT: unknown
NOTES: I recognize this as the Vermeulen et al. colon-cancer Wnt/microenvironment paper that was later included in the Reproducibility Project, but I don’t specifically recall the outcome of this exact HGF vs HGF+PHA clonogenic-frequency comparison.",yes
9,2,4,5,Wnt activity defines colon cancer stem cells and is regulated by the microenvironment,recognized,unknown,"I recognize this as the Vermeulen et al. colon-cancer-stem-cell/Wnt microenvironment paper, but I don’t specifically recall the formal replication outcome for the TOP-GFPlow + HGF vs HGF + PHA clonogenic-frequency assay.","FAMILIARITY: recognized
VERDICT: unknown
NOTES: I recognize this as the Vermeulen et al. colon-cancer-stem-cell/Wnt microenvironment paper, but I don’t specifically recall the formal replication outcome for the TOP-GFPlow + HGF vs HGF + PHA clonogenic-frequency assay.",yes
9,2,4,6,Wnt activity defines colon cancer stem cells and is regulated by the microenvironment,recognized,unreplicable,"I recall this as the RP:CB replication of Vermeulen et al.’s colon-cancer Wnt/microenvironment paper, and the reported clonogenicity increase with HGF + PHA over HGF alone was not reproduced.","FAMILIARITY: recognized  
VERDICT: unreplicable  
NOTES: I recall this as the RP:CB replication of Vermeulen et al.’s colon-cancer Wnt/microenvironment paper, and the reported clonogenicity increase with HGF + PHA over HGF alone was not reproduced.",yes
9,2,4,7,Wnt activity defines colon cancer stem cells and is regulated by the microenvironment,recognized,unknown,"I recall this as the Vermeulen et al. colon cancer stem cell/Wnt-microenvironment paper and its RP:CB follow-up, but I don’t specifically remember whether the HGF vs HGF+PHA clonogenic-frequency comparison was supported.","FAMILIARITY: recognized
VERDICT: unknown
NOTES: I recall this as the Vermeulen et al. colon cancer stem cell/Wnt-microenvironment paper and its RP:CB follow-up, but I don’t specifically remember whether the HGF vs HGF+PHA clonogenic-frequency comparison was supported.",yes
9,2,4,8,Wnt activity defines colon cancer stem cells and is regulated by the microenvironment,recognized,unknown,"I recognize the Vermeulen et al. colon cancer Wnt/microenvironment paper and vaguely recall a replication of the HGF + PHA clonogenic assay, but I do not remember whether that specific 450-culture comparison succeeded.","FAMILIARITY: recognized
VERDICT: unknown
NOTES: I recognize the Vermeulen et al. colon cancer Wnt/microenvironment paper and vaguely recall a replication of the HGF + PHA clonogenic assay, but I do not remember whether that specific 450-culture comparison succeeded.",yes
9,2,4,9,Wnt activity defines colon cancer stem cells and is regulated by the microenvironment,recognized,unknown,"I recognize this as the Vermeulen et al. colon cancer stem cell paper and its formal replication attempt, but I don’t specifically recall the outcome of the TOP-GFPlow + HGF versus HGF+PHA clonogenic-frequency comparison in the 450-cell culture assay.","FAMILIARITY: recognized
VERDICT: unknown
NOTES: I recognize this as the Vermeulen et al. colon cancer stem cell paper and its formal replication attempt, but I don’t specifically recall the outcome of the TOP-GFPlow + HGF versus HGF+PHA clonogenic-frequency comparison in the 450-cell culture assay.",yes
9,2,5,0,Wnt activity defines colon cancer stem cells and is regulated by the microenvironment,recognized,unknown,"I recognize the Vermeulen et al. colon cancer stem cell paper, but I don’t specifically recall the independent replication outcome for the TOP-GFPlow/MFCM versus TOP-GFPlow/MFCM+PHA clonogenic-frequency assay.","FAMILIARITY: recognized
VERDICT: unknown
NOTES: I recognize the Vermeulen et al. colon cancer stem cell paper, but I don’t specifically recall the independent replication outcome for the TOP-GFPlow/MFCM versus TOP-GFPlow/MFCM+PHA clonogenic-frequency assay.",yes
9,2,5,1,Wnt activity defines colon cancer stem cells and is regulated by the microenvironment,recognized,unreplicable,"I recall this as the Vermeulen et al. colon cancer stem cell study, and the independent replication did not reproduce the MFCM+PHA increase in clonogenic frequency for TOP-GFPlow cells.","FAMILIARITY: recognized
VERDICT: unreplicable
NOTES: I recall this as the Vermeulen et al. colon cancer stem cell study, and the independent replication did not reproduce the MFCM+PHA increase in clonogenic frequency for TOP-GFPlow cells.",yes
9,2,5,2,Wnt activity defines colon cancer stem cells and is regulated by the microenvironment,recognized,unknown,"I recognize the Vermeulen et al. colon-cancer-stem-cell paper, but I don’t specifically recall the independent replication result for the TOP-GFPlow + MFCM vs +PHA clonogenic-frequency comparison at 450 cells.","FAMILIARITY: recognized
VERDICT: unknown
NOTES: I recognize the Vermeulen et al. colon-cancer-stem-cell paper, but I don’t specifically recall the independent replication result for the TOP-GFPlow + MFCM vs +PHA clonogenic-frequency comparison at 450 cells.",yes
9,2,5,3,Wnt activity defines colon cancer stem cells and is regulated by the microenvironment,recognized,replicable,I recall this Vermeulen et al. colon cancer stem cell paper and its replication of the myofibroblast-conditioned-medium assay with the c-Met inhibitor PHA-665752 was consistent with the original decrease in clonogenic frequency.,"FAMILIARITY: recognized
VERDICT: replicable
NOTES: I recall this Vermeulen et al. colon cancer stem cell paper and its replication of the myofibroblast-conditioned-medium assay with the c-Met inhibitor PHA-665752 was consistent with the original decrease in clonogenic frequency.",yes
9,2,5,4,Wnt activity defines colon cancer stem cells and is regulated by the microenvironment,recognized,unknown,"I recognize this as the Vermeulen et al. colon cancer stem cell/Wnt microenvironment study and recall it was later tested by the Reproducibility Project, but I don't specifically remember the clonogenic-frequency result for TOP-GFPlow + MFCM versus MFCM + PHA.","FAMILIARITY: recognized  
VERDICT: unknown  
NOTES: I recognize this as the Vermeulen et al. colon cancer stem cell/Wnt microenvironment study and recall it was later tested by the Reproducibility Project, but I don't specifically remember the clonogenic-frequency result for TOP-GFPlow + MFCM versus MFCM + PHA.",yes
9,2,5,5,Wnt activity defines colon cancer stem cells and is regulated by the microenvironment,recognized,unreplicable,"I recognize this as a Reproducibility Project: Cancer Biology attempt on Vermeulen et al., and I recall the TOP-GFPlow clonogenic difference with MFCM versus MFCM + PHA was not reproduced.","FAMILIARITY: recognized
VERDICT: unreplicable
NOTES: I recognize this as a Reproducibility Project: Cancer Biology attempt on Vermeulen et al., and I recall the TOP-GFPlow clonogenic difference with MFCM versus MFCM + PHA was not reproduced.",yes
9,2,5,6,Wnt activity defines colon cancer stem cells and is regulated by the microenvironment,recognized,unknown,"I recognize this as the Vermeulen et al. colon cancer stem cell paper that was later included in a formal replication effort, but I don’t specifically recall the outcome for the TOP-GFPlow + MFCM versus + MFCM + PHA clonogenic comparison.","FAMILIARITY: recognized
VERDICT: unknown
NOTES: I recognize this as the Vermeulen et al. colon cancer stem cell paper that was later included in a formal replication effort, but I don’t specifically recall the outcome for the TOP-GFPlow + MFCM versus + MFCM + PHA clonogenic comparison.",yes
9,2,5,7,Wnt activity defines colon cancer stem cells and is regulated by the microenvironment,unsure,unknown,"I recognize the colon cancer stem cell/Wnt microenvironment paper by title, but I don’t specifically recall the independent replication result for the TOP-GFPlow MFCM vs MFCM+PHA clonogenic assay.","FAMILIARITY: unsure
VERDICT: unknown
NOTES: I recognize the colon cancer stem cell/Wnt microenvironment paper by title, but I don’t specifically recall the independent replication result for the TOP-GFPlow MFCM vs MFCM+PHA clonogenic assay.",yes
9,2,5,8,Wnt activity defines colon cancer stem cells and is regulated by the microenvironment,recognized,unknown,"I recognize this as a Reproducibility Project: Cancer Biology target involving TOP-GFP^low colon cancer cells and PHA-665752, but I do not specifically recall whether the clonogenic-frequency difference replicated.","FAMILIARITY: recognized
VERDICT: unknown
NOTES: I recognize this as a Reproducibility Project: Cancer Biology target involving TOP-GFP^low colon cancer cells and PHA-665752, but I do not specifically recall whether the clonogenic-frequency difference replicated.",yes
9,2,5,9,Wnt activity defines colon cancer stem cells and is regulated by the microenvironment,recognized,unknown,"I recognize this as the Vermeulen et al. colon cancer stem cell/Wnt microenvironment paper, but I don’t specifically recall whether the TOP-GFPlow MFCM vs MFCM+PHA clonogenicity comparison was successfully replicated.","FAMILIARITY: recognized
VERDICT: unknown
NOTES: I recognize this as the Vermeulen et al. colon cancer stem cell/Wnt microenvironment paper, but I don’t specifically recall whether the TOP-GFPlow MFCM vs MFCM+PHA clonogenicity comparison was successfully replicated.",yes
9,2,6,0,Wnt activity defines colon cancer stem cells and is regulated by the microenvironment,recognized,unknown,"I recognize the Vermeulen et al. colon-cancer-stem-cell study and that it was independently replicated in a TOP-GFP/PHA-665752 clonogenic assay, but I don’t recall the exact outcome for this specific 450-culture comparison.","FAMILIARITY: recognized
VERDICT: unknown
NOTES: I recognize the Vermeulen et al. colon-cancer-stem-cell study and that it was independently replicated in a TOP-GFP/PHA-665752 clonogenic assay, but I don’t recall the exact outcome for this specific 450-culture comparison.",no
9,2,6,1,Wnt activity defines colon cancer stem cells and is regulated by the microenvironment,unsure,unknown,"I recognize this as the Vermeulen et al. colon cancer Wnt/microenvironment paper from the cancer-biology replication efforts, but I do not specifically recall the clonogenic-frequency PHA replication result.","FAMILIARITY: unsure
VERDICT: unknown
NOTES: I recognize this as the Vermeulen et al. colon cancer Wnt/microenvironment paper from the cancer-biology replication efforts, but I do not specifically recall the clonogenic-frequency PHA replication result.",no
9,2,6,2,Wnt activity defines colon cancer stem cells and is regulated by the microenvironment,recognized,unknown,"I recognize the Vermeulen et al. Wnt/colon cancer stem cell paper and its Reproducibility Project replication, but I don’t specifically recall the outcome of the TOP-GFPwhole vs TOP-GFPwhole + PHA clonogenic-frequency assay.","FAMILIARITY: recognized
VERDICT: unknown
NOTES: I recognize the Vermeulen et al. Wnt/colon cancer stem cell paper and its Reproducibility Project replication, but I don’t specifically recall the outcome of the TOP-GFPwhole vs TOP-GFPwhole + PHA clonogenic-frequency assay.",no
9,2,6,3,Wnt activity defines colon cancer stem cells and is regulated by the microenvironment,unsure,unknown,"I recognize this as the Vermeulen et al. colon cancer Wnt/stem-cell paper, but I don’t specifically recall the independent replication outcome for the TOP-GFPwhole vs TOP-GFPwhole + PHA clonogenicity assay.","FAMILIARITY: unsure
VERDICT: unknown
NOTES: I recognize this as the Vermeulen et al. colon cancer Wnt/stem-cell paper, but I don’t specifically recall the independent replication outcome for the TOP-GFPwhole vs TOP-GFPwhole + PHA clonogenicity assay.",no
9,2,6,4,Wnt activity defines colon cancer stem cells and is regulated by the microenvironment,recognized,unknown,"I recognize the Vermeulen et al. colon cancer stem cell/Wnt study and that it had a formal replication effort, but I don’t specifically recall the TOP-GFPwhole vs TOP-GFPwhole + PHA clonogenic-frequency result in 450-cell culture well enough to judge the outcome.","FAMILIARITY: recognized
VERDICT: unknown
NOTES: I recognize the Vermeulen et al. colon cancer stem cell/Wnt study and that it had a formal replication effort, but I don’t specifically recall the TOP-GFPwhole vs TOP-GFPwhole + PHA clonogenic-frequency result in 450-cell culture well enough to judge the outcome.",no
9,2,6,5,Wnt activity defines colon cancer stem cells and is regulated by the microenvironment,recognized,unknown,"I recognize this as the colon cancer stem cell/Wnt paper that was later tested in the Reproducibility Project: Cancer Biology, but I don’t specifically recall the replication outcome for the TOP-GFPwhole vs TOP-GFPwhole + PHA clonogenic-frequency assay.","FAMILIARITY: recognized
VERDICT: unknown
NOTES: I recognize this as the colon cancer stem cell/Wnt paper that was later tested in the Reproducibility Project: Cancer Biology, but I don’t specifically recall the replication outcome for the TOP-GFPwhole vs TOP-GFPwhole + PHA clonogenic-frequency assay.",no
9,2,6,6,Wnt activity defines colon cancer stem cells and is regulated by the microenvironment,unsure,unknown,"I recognize Vermeulen et al.’s colon-cancer Wnt/microenvironment paper in general, but I don’t specifically recall the independent replication result for the TOP-GFPwhole vs TOP-GFPwhole + PHA clonogenic-frequency assay.","FAMILIARITY: unsure
VERDICT: unknown
NOTES: I recognize Vermeulen et al.’s colon-cancer Wnt/microenvironment paper in general, but I don’t specifically recall the independent replication result for the TOP-GFPwhole vs TOP-GFPwhole + PHA clonogenic-frequency assay.",no
9,2,6,7,Wnt activity defines colon cancer stem cells and is regulated by the microenvironment,recognized,unknown,"I recognize the Vermeulen et al. colon-cancer Wnt/TOP-GFP paper, but I do not specifically recall the formal replication result for the TOP-GFPwhole vs TOP-GFPwhole + PHA clonogenic-frequency assay.","FAMILIARITY: recognized
VERDICT: unknown
NOTES: I recognize the Vermeulen et al. colon-cancer Wnt/TOP-GFP paper, but I do not specifically recall the formal replication result for the TOP-GFPwhole vs TOP-GFPwhole + PHA clonogenic-frequency assay.",no
9,2,6,8,Wnt activity defines colon cancer stem cells and is regulated by the microenvironment,recognized,unknown,"I recognize the Vermeulen et al. colon cancer stem cell paper and that it was formally replicated, but I don’t specifically recall the outcome for the TOP-GFPwhole vs TOP-GFPwhole + PHA clonogenic-frequency assay.","FAMILIARITY: recognized
VERDICT: unknown
NOTES: I recognize the Vermeulen et al. colon cancer stem cell paper and that it was formally replicated, but I don’t specifically recall the outcome for the TOP-GFPwhole vs TOP-GFPwhole + PHA clonogenic-frequency assay.",no
9,2,6,9,Wnt activity defines colon cancer stem cells and is regulated by the microenvironment,recognized,unknown,"I recognize the Vermeulen et al. colon cancer stem cell/Wnt study and that it had an independent replication attempt, but I don’t specifically recall the outcome of the TOP-GFPwhole vs TOP-GFPwhole + PHA clonogenic-frequency comparison.","FAMILIARITY: recognized
VERDICT: unknown
NOTES: I recognize the Vermeulen et al. colon cancer stem cell/Wnt study and that it had an independent replication attempt, but I don’t specifically recall the outcome of the TOP-GFPwhole vs TOP-GFPwhole + PHA clonogenic-frequency comparison.",no
9,3,1,0,Wnt activity defines colon cancer stem cells and is regulated by the microenvironment,recognized,unknown,"I recognize the Vermeulen et al. Wnt/colon cancer stem cell paper, but I don’t specifically recall the independent replication outcome for the TOP-GFPlow vs TOP-GFPhigh tumorigenicity assay.","FAMILIARITY: recognized
VERDICT: unknown
NOTES: I recognize the Vermeulen et al. Wnt/colon cancer stem cell paper, but I don’t specifically recall the independent replication outcome for the TOP-GFPlow vs TOP-GFPhigh tumorigenicity assay.",no
9,3,1,1,Wnt activity defines colon cancer stem cells and is regulated by the microenvironment,recognized,unknown,"I recognize the Vermeulen et al. colon cancer Wnt/TOP-GFP study, but I do not specifically recall the independent replication outcome for the 450-cell TOP-GFPlow vs TOP-GFPhigh tumorigenicity assay.","FAMILIARITY: recognized
VERDICT: unknown
NOTES: I recognize the Vermeulen et al. colon cancer Wnt/TOP-GFP study, but I do not specifically recall the independent replication outcome for the 450-cell TOP-GFPlow vs TOP-GFPhigh tumorigenicity assay.",no
9,3,1,2,Wnt activity defines colon cancer stem cells and is regulated by the microenvironment,recognized,unknown,"I recognize this as the Vermeulen et al. colon cancer stem-cell/Wnt reporter study and its independent replication attempt, but I don’t specifically recall the outcome of the 450 h TOP-GFP low vs high tumorigenicity comparison.","FAMILIARITY: recognized
VERDICT: unknown
NOTES: I recognize this as the Vermeulen et al. colon cancer stem-cell/Wnt reporter study and its independent replication attempt, but I don’t specifically recall the outcome of the 450 h TOP-GFP low vs high tumorigenicity comparison.",no
9,3,1,3,Wnt activity defines colon cancer stem cells and is regulated by the microenvironment,recognized,unknown,"I recognize this as the Vermeulen et al. colon cancer stem cell/Wnt paper and its Reproducibility Project replication, but I don’t specifically recall whether the TOP-GFPlow vs TOP-GFPhigh tumorigenicity-frequency result held up.","FAMILIARITY: recognized
VERDICT: unknown
NOTES: I recognize this as the Vermeulen et al. colon cancer stem cell/Wnt paper and its Reproducibility Project replication, but I don’t specifically recall whether the TOP-GFPlow vs TOP-GFPhigh tumorigenicity-frequency result held up.",no
9,3,1,4,Wnt activity defines colon cancer stem cells and is regulated by the microenvironment,recognized,unknown,"I remember the Vermeulen et al. colon cancer Wnt/TOP-GFP study and its RP:CB replication attempt, but I do not specifically recall whether the 450-culture TOP-GFPhigh vs TOP-GFPlow tumorigenicity comparison was successfully reproduced.","FAMILIARITY: recognized
VERDICT: unknown
NOTES: I remember the Vermeulen et al. colon cancer Wnt/TOP-GFP study and its RP:CB replication attempt, but I do not specifically recall whether the 450-culture TOP-GFPhigh vs TOP-GFPlow tumorigenicity comparison was successfully reproduced.",no
9,3,1,5,Wnt activity defines colon cancer stem cells and is regulated by the microenvironment,recognized,unreplicable,I recall the independent replication of this Vermeulen et al. result did not show a higher tumorigenicity frequency for TOP-GFPhigh versus TOP-GFPlow cells in the replicated limiting-dilution assay.,"FAMILIARITY: recognized
VERDICT: unreplicable
NOTES: I recall the independent replication of this Vermeulen et al. result did not show a higher tumorigenicity frequency for TOP-GFPhigh versus TOP-GFPlow cells in the replicated limiting-dilution assay.",no
9,3,1,6,Wnt activity defines colon cancer stem cells and is regulated by the microenvironment,recognized,unreplicable,"I remember this as the Reproducibility Project Cancer Biology replication of the Vermeulen et al. colon cancer stem cell paper, and the TOP-GFPhigh vs TOP-GFPlow tumorigenicity difference in the 450 culture was not convincingly reproduced.","FAMILIARITY: recognized
VERDICT: unreplicable
NOTES: I remember this as the Reproducibility Project Cancer Biology replication of the Vermeulen et al. colon cancer stem cell paper, and the TOP-GFPhigh vs TOP-GFPlow tumorigenicity difference in the 450 culture was not convincingly reproduced.",no
9,3,1,7,Wnt activity defines colon cancer stem cells and is regulated by the microenvironment,recognized,unknown,"I recognize the Vermeulen et al. Wnt/TOP-GFP colon cancer stem cell study and that it had a formal replication attempt on tumorigenicity in TOP-GFPlow vs TOP-GFPhigh cells, but I don’t recall the 450-culture replication outcome well enough to classify it confidently.","FAMILIARITY: recognized
VERDICT: unknown
NOTES: I recognize the Vermeulen et al. Wnt/TOP-GFP colon cancer stem cell study and that it had a formal replication attempt on tumorigenicity in TOP-GFPlow vs TOP-GFPhigh cells, but I don’t recall the 450-culture replication outcome well enough to classify it confidently.",no
9,3,1,8,Wnt activity defines colon cancer stem cells and is regulated by the microenvironment,recognized,unknown,"I recognize the Vermeulen et al. colon-cancer Wnt/TOP-GFP study and that it had a formal replication attempt, but I don’t specifically recall the outcome of the 450-culture tumorigenicity comparison.","FAMILIARITY: recognized
VERDICT: unknown
NOTES: I recognize the Vermeulen et al. colon-cancer Wnt/TOP-GFP study and that it had a formal replication attempt, but I don’t specifically recall the outcome of the 450-culture tumorigenicity comparison.",no
9,3,1,9,Wnt activity defines colon cancer stem cells and is regulated by the microenvironment,recognized,unknown,"I recognize this as the Vermeulen et al. colon cancer/Wnt activity paper and know it was formally replicated, but I don’t specifically recall the replication result for the TOP-GFPlow vs TOP-GFPhigh tumorigenicity assay, so I can’t honestly label it replicated or unreplicable.","FAMILIARITY: recognized
VERDICT: unknown
NOTES: I recognize this as the Vermeulen et al. colon cancer/Wnt activity paper and know it was formally replicated, but I don’t specifically recall the replication result for the TOP-GFPlow vs TOP-GFPhigh tumorigenicity assay, so I can’t honestly label it replicated or unreplicable.",no
9,3,2,0,Wnt activity defines colon cancer stem cells and is regulated by the microenvironment,recognized,unknown,"I recognize the Vermeulen et al. colon-cancer-stem-cell paper and that it was formally replicated, but I don’t specifically recall the outcome for this exact TOP-GFPlow vs TOP-GFPlow + MFCM tumorigenicity-frequency assay.","FAMILIARITY: recognized
VERDICT: unknown
NOTES: I recognize the Vermeulen et al. colon-cancer-stem-cell paper and that it was formally replicated, but I don’t specifically recall the outcome for this exact TOP-GFPlow vs TOP-GFPlow + MFCM tumorigenicity-frequency assay.",no
9,3,2,1,Wnt activity defines colon cancer stem cells and is regulated by the microenvironment,recognized,unknown,"I recognize Vermeulen et al.’s colon-cancer Wnt/microenvironment paper and that it was later independently replicated, but I don’t specifically recall the outcome of this TOP-GFPlow vs TOP-GFPlow + MFCM tumorigenicity comparison.","FAMILIARITY: recognized
VERDICT: unknown
NOTES: I recognize Vermeulen et al.’s colon-cancer Wnt/microenvironment paper and that it was later independently replicated, but I don’t specifically recall the outcome of this TOP-GFPlow vs TOP-GFPlow + MFCM tumorigenicity comparison.",no
9,3,2,2,Wnt activity defines colon cancer stem cells and is regulated by the microenvironment,recognized,unreplicable,"I recall this Vermeulen et al. colon cancer stem-cell paper was later replicated by the Reproducibility Project, and the MFCM-treated TOP-GFPlow xenograft tumorigenicity increase was not clearly reproduced.","FAMILIARITY: recognized
VERDICT: unreplicable
NOTES: I recall this Vermeulen et al. colon cancer stem-cell paper was later replicated by the Reproducibility Project, and the MFCM-treated TOP-GFPlow xenograft tumorigenicity increase was not clearly reproduced.",no
9,3,2,3,Wnt activity defines colon cancer stem cells and is regulated by the microenvironment,recognized,unreplicable,"I recognize this as the Vermeulen et al. colon-cancer Wnt/microenvironment paper, and I recall the replication attempt did not reproduce the claimed increase in tumorigenicity of TOP-GFPlow cells after myofibroblast-conditioned medium.","FAMILIARITY: recognized
VERDICT: unreplicable
NOTES: I recognize this as the Vermeulen et al. colon-cancer Wnt/microenvironment paper, and I recall the replication attempt did not reproduce the claimed increase in tumorigenicity of TOP-GFPlow cells after myofibroblast-conditioned medium.",no
9,3,2,4,Wnt activity defines colon cancer stem cells and is regulated by the microenvironment,recognized,unreplicable,I recall the Reproducibility Project: Cancer Biology attempt on this Vermeulen et al. colon cancer/Wnt paper found that myofibroblast-conditioned medium did not reproduce the original increase in tumorigenicity of TOP-GFPlow cells.,"FAMILIARITY: recognized
VERDICT: unreplicable
NOTES: I recall the Reproducibility Project: Cancer Biology attempt on this Vermeulen et al. colon cancer/Wnt paper found that myofibroblast-conditioned medium did not reproduce the original increase in tumorigenicity of TOP-GFPlow cells.",no
9,3,2,5,Wnt activity defines colon cancer stem cells and is regulated by the microenvironment,recognized,unreplicable,"This is the Vermeulen et al. colon cancer stem cell/Wnt activity paper, and I recall the replication attempt did not reproduce the reported increase in tumorigenicity of TOP-GFPlow cells after myofibroblast-conditioned medium.","FAMILIARITY: recognized
VERDICT: unreplicable
NOTES: This is the Vermeulen et al. colon cancer stem cell/Wnt activity paper, and I recall the replication attempt did not reproduce the reported increase in tumorigenicity of TOP-GFPlow cells after myofibroblast-conditioned medium.",no
9,3,2,6,Wnt activity defines colon cancer stem cells and is regulated by the microenvironment,recognized,replicable,I remember this Vermeulen et al. colon cancer stem cell paper and recall the replication attempt as showing that myofibroblast-conditioned medium increased the tumorigenicity of TOP-GFPlow cells in the same direction as the original finding.,"FAMILIARITY: recognized
VERDICT: replicable
NOTES: I remember this Vermeulen et al. colon cancer stem cell paper and recall the replication attempt as showing that myofibroblast-conditioned medium increased the tumorigenicity of TOP-GFPlow cells in the same direction as the original finding.",no
9,3,2,7,Wnt activity defines colon cancer stem cells and is regulated by the microenvironment,recognized,unknown,"I recognize the colon cancer stem cell/Wnt microenvironment paper and that the replication examined the TOP-GFPlow vs TOP-GFPlow + MFCM tumorigenicity assay, but I don’t recall the replication outcome well enough to call it replicable or unreplicable.","FAMILIARITY: recognized
VERDICT: unknown
NOTES: I recognize the colon cancer stem cell/Wnt microenvironment paper and that the replication examined the TOP-GFPlow vs TOP-GFPlow + MFCM tumorigenicity assay, but I don’t recall the replication outcome well enough to call it replicable or unreplicable.",no
9,3,2,8,Wnt activity defines colon cancer stem cells and is regulated by the microenvironment,recognized,unknown,"I remember this as the Vermeulen et al. colon cancer stem-cell/Wnt paper that was independently replicated, but I don’t specifically recall the tumorigenicity-frequency result for the TOP-GFPlow + MFCM assay.","FAMILIARITY: recognized
VERDICT: unknown
NOTES: I remember this as the Vermeulen et al. colon cancer stem-cell/Wnt paper that was independently replicated, but I don’t specifically recall the tumorigenicity-frequency result for the TOP-GFPlow + MFCM assay.",no
9,3,2,9,Wnt activity defines colon cancer stem cells and is regulated by the microenvironment,recognized,unreplicable,I recall this RP:CB replication of Vermeulen et al. as failing to reproduce the MFCM-associated increase in tumorigenicity of TOP-GFPlow colon cancer cells.,"FAMILIARITY: recognized
VERDICT: unreplicable
NOTES: I recall this RP:CB replication of Vermeulen et al. as failing to reproduce the MFCM-associated increase in tumorigenicity of TOP-GFPlow colon cancer cells.",no
12,2,1,0,COT drives resistance to RAF inhibition through MAP kinase pathway reactivation,recognized,unreplicable,"I recognize this as a Reproducibility Project: Cancer Biology target, and I recall the independent attempt did not reproduce the reported COT-associated RAF-inhibitor IC50 shift in the A375/HT29/OUMS-23 cell assays.","FAMILIARITY: recognized
VERDICT: unreplicable
NOTES: I recognize this as a Reproducibility Project: Cancer Biology target, and I recall the independent attempt did not reproduce the reported COT-associated RAF-inhibitor IC50 shift in the A375/HT29/OUMS-23 cell assays.",yes
12,2,1,1,COT drives resistance to RAF inhibition through MAP kinase pathway reactivation,recognized,replicable,"I recall the replication study reproducing the dose-response ranking, with A375 cells showing a lower RAF-inhibitor IC50 than HT29 and OUMS-23 cells.","FAMILIARITY: recognized
VERDICT: replicable
NOTES: I recall the replication study reproducing the dose-response ranking, with A375 cells showing a lower RAF-inhibitor IC50 than HT29 and OUMS-23 cells.",yes
12,2,1,2,COT drives resistance to RAF inhibition through MAP kinase pathway reactivation,recognized,replicable,"I recall this Johannessen et al. RAF-inhibition study being independently replicated with the same cell-line dose–response assay, and the A375 vs HT29/OUMS-23 IC50 difference was reproduced.","FAMILIARITY: recognized  
VERDICT: replicable  
NOTES: I recall this Johannessen et al. RAF-inhibition study being independently replicated with the same cell-line dose–response assay, and the A375 vs HT29/OUMS-23 IC50 difference was reproduced.",yes
12,2,1,3,COT drives resistance to RAF inhibition through MAP kinase pathway reactivation,recognized,replicable,"I recall this Reproducibility Project cancer biology replication of the COT/RAF-inhibition paper, and the A375 vs HT29/OUMS-23 IC50 sensitivity difference was reproduced in the same overall direction.","FAMILIARITY: recognized
VERDICT: replicable
NOTES: I recall this Reproducibility Project cancer biology replication of the COT/RAF-inhibition paper, and the A375 vs HT29/OUMS-23 IC50 sensitivity difference was reproduced in the same overall direction.",yes
12,2,1,4,COT drives resistance to RAF inhibition through MAP kinase pathway reactivation,recognized,unreplicable,"I recognize this Nature study and recall the independent replication of the RAF-inhibitor IC50 shift in A375/HT29/OUMS-23 cells, which did not reproduce the original resistance effect.","FAMILIARITY: recognized
VERDICT: unreplicable
NOTES: I recognize this Nature study and recall the independent replication of the RAF-inhibitor IC50 shift in A375/HT29/OUMS-23 cells, which did not reproduce the original resistance effect.",yes
12,2,1,5,COT drives resistance to RAF inhibition through MAP kinase pathway reactivation,recognized,unknown,"I recognize the COT/MAP3K8 RAF-inhibitor resistance paper and that it was independently replicated, but I don’t recall whether the A375 vs HT29/OUMS-23 IC50 comparison was confirmed.","FAMILIARITY: recognized
VERDICT: unknown
NOTES: I recognize the COT/MAP3K8 RAF-inhibitor resistance paper and that it was independently replicated, but I don’t recall whether the A375 vs HT29/OUMS-23 IC50 comparison was confirmed.",yes
12,2,1,6,COT drives resistance to RAF inhibition through MAP kinase pathway reactivation,recognized,replicable,"I recall this as a Reproducibility Project: Cancer Biology target, and the independent replication reproduced the IC50/dose-response pattern comparing A375 cells with HT29/OUMS-23 cells.","FAMILIARITY: recognized
VERDICT: replicable
NOTES: I recall this as a Reproducibility Project: Cancer Biology target, and the independent replication reproduced the IC50/dose-response pattern comparing A375 cells with HT29/OUMS-23 cells.",yes
12,2,1,7,COT drives resistance to RAF inhibition through MAP kinase pathway reactivation,recognized,unknown,"I remember this as the MAP3K8/COT RAF-inhibitor resistance paper that was independently revisited in the cancer reproducibility project, but I don’t specifically recall whether the IC50 comparison in A375 versus HT29/OUMS-23 cells was judged to replicate.","FAMILIARITY: recognized
VERDICT: unknown
NOTES: I remember this as the MAP3K8/COT RAF-inhibitor resistance paper that was independently revisited in the cancer reproducibility project, but I don’t specifically recall whether the IC50 comparison in A375 versus HT29/OUMS-23 cells was judged to replicate.",yes
12,2,1,8,COT drives resistance to RAF inhibition through MAP kinase pathway reactivation,recognized,unknown,"I recognize the original COT/RAF-inhibition paper, but I don’t specifically recall the independent replication’s outcome for the A375 vs HT29/OUMS-23 IC50 comparison.","FAMILIARITY: recognized
VERDICT: unknown
NOTES: I recognize the original COT/RAF-inhibition paper, but I don’t specifically recall the independent replication’s outcome for the A375 vs HT29/OUMS-23 IC50 comparison.",yes
12,2,1,9,COT drives resistance to RAF inhibition through MAP kinase pathway reactivation,recognized,unknown,"I recognize this as the MAP3K8/COT RAF-inhibitor resistance paper, but I don’t specifically recall the outcome of the independent replication of the A375 versus HT29/OUMS-23 IC50 comparison.","FAMILIARITY: recognized
VERDICT: unknown
NOTES: I recognize this as the MAP3K8/COT RAF-inhibitor resistance paper, but I don’t specifically recall the outcome of the independent replication of the A375 versus HT29/OUMS-23 IC50 comparison.",yes
12,2,2,0,COT drives resistance to RAF inhibition through MAP kinase pathway reactivation,recognized,unknown,"I recognize this as the melanoma RAF-inhibition/COT paper from the Cancer Biology Reproducibility Project, but I don’t specifically remember whether the A375 vs RPMI-7951 IC50 comparison in the replication attempt was judged a success.","FAMILIARITY: recognized
VERDICT: unknown
NOTES: I recognize this as the melanoma RAF-inhibition/COT paper from the Cancer Biology Reproducibility Project, but I don’t specifically remember whether the A375 vs RPMI-7951 IC50 comparison in the replication attempt was judged a success.",yes
12,2,2,1,COT drives resistance to RAF inhibition through MAP kinase pathway reactivation,recognized,unknown,"I recognize the original Johannessen et al. melanoma/RAF-inhibition paper, but I don’t specifically recall the independent replication’s outcome for the A375 vs RPMI-7951 IC50 comparison.","FAMILIARITY: recognized
VERDICT: unknown
NOTES: I recognize the original Johannessen et al. melanoma/RAF-inhibition paper, but I don’t specifically recall the independent replication’s outcome for the A375 vs RPMI-7951 IC50 comparison.",yes
12,2,2,2,COT drives resistance to RAF inhibition through MAP kinase pathway reactivation,recognized,unknown,"I recognize the Nature paper and that it had an independent replication focused on the A375 versus RPMI-7951 RAF-inhibitor IC50 comparison, but I don’t recall the replication outcome well enough to classify it confidently.","FAMILIARITY: recognized
VERDICT: unknown
NOTES: I recognize the Nature paper and that it had an independent replication focused on the A375 versus RPMI-7951 RAF-inhibitor IC50 comparison, but I don’t recall the replication outcome well enough to classify it confidently.",yes
12,2,2,3,COT drives resistance to RAF inhibition through MAP kinase pathway reactivation,recognized,unknown,"I recognize this as the melanoma/COT-RAF inhibition paper, but I don’t specifically recall the independent replication outcome for the A375 vs RPMI-7951 IC50 comparison.","FAMILIARITY: recognized
VERDICT: unknown
NOTES: I recognize this as the melanoma/COT-RAF inhibition paper, but I don’t specifically recall the independent replication outcome for the A375 vs RPMI-7951 IC50 comparison.",yes
12,2,2,4,COT drives resistance to RAF inhibition through MAP kinase pathway reactivation,recognized,replicable,"I recall this COT/MAP3K8 paper being independently replicated in the context of melanoma RAF-inhibitor dose–response assays, and the A375 vs RPMI-7951 IC50 comparison was reported as directionally consistent with the original finding.","FAMILIARITY: recognized
VERDICT: replicable
NOTES: I recall this COT/MAP3K8 paper being independently replicated in the context of melanoma RAF-inhibitor dose–response assays, and the A375 vs RPMI-7951 IC50 comparison was reported as directionally consistent with the original finding.",yes
12,2,2,5,COT drives resistance to RAF inhibition through MAP kinase pathway reactivation,recognized,replicable,"I recall this RP:CB replication of the melanoma RAF-inhibitor study reproduced the A375 vs RPMI-7951 dose-response/IC50 difference in the same direction, though I’m not certain about the exact effect size.","FAMILIARITY: recognized
VERDICT: replicable
NOTES: I recall this RP:CB replication of the melanoma RAF-inhibitor study reproduced the A375 vs RPMI-7951 dose-response/IC50 difference in the same direction, though I’m not certain about the exact effect size.",yes
12,2,2,6,COT drives resistance to RAF inhibition through MAP kinase pathway reactivation,recognized,unknown,"I remember this as a Reproducibility Project: Cancer Biology replication of the RAF-inhibitor dose-response/IC50 comparison between A375 and RPMI-7951 melanoma cells, but I don’t recall the replication outcome well enough to classify it confidently.","FAMILIARITY: recognized
VERDICT: unknown
NOTES: I remember this as a Reproducibility Project: Cancer Biology replication of the RAF-inhibitor dose-response/IC50 comparison between A375 and RPMI-7951 melanoma cells, but I don’t recall the replication outcome well enough to classify it confidently.",yes
12,2,2,7,COT drives resistance to RAF inhibition through MAP kinase pathway reactivation,recognized,replicable,"I recall the formal replication of this COT/RAF-inhibition paper reproducing the same direction of the PLX4720 dose-response difference, with A375 cells showing a lower IC50 than RPMI-7951 cells.","FAMILIARITY: recognized
VERDICT: replicable
NOTES: I recall the formal replication of this COT/RAF-inhibition paper reproducing the same direction of the PLX4720 dose-response difference, with A375 cells showing a lower IC50 than RPMI-7951 cells.",yes
12,2,2,8,COT drives resistance to RAF inhibition through MAP kinase pathway reactivation,unsure,unknown,"I recognize the general COT/TPL2-RAF inhibitor resistance paper, but I don’t specifically recall the independent replication outcome for the A375 vs RPMI-7951 IC50 comparison.","FAMILIARITY: unsure
VERDICT: unknown
NOTES: I recognize the general COT/TPL2-RAF inhibitor resistance paper, but I don’t specifically recall the independent replication outcome for the A375 vs RPMI-7951 IC50 comparison.",yes
12,2,2,9,COT drives resistance to RAF inhibition through MAP kinase pathway reactivation,recognized,replicable,"I recall this as the Johannessen et al. melanoma RAF-inhibitor resistance paper, and the independent replication of the A375 vs RPMI-7951 IC50 comparison was consistent with the original direction.","FAMILIARITY: recognized
VERDICT: replicable
NOTES: I recall this as the Johannessen et al. melanoma RAF-inhibitor resistance paper, and the independent replication of the A375 vs RPMI-7951 IC50 comparison was consistent with the original direction.",yes
12,3,1,0,COT drives resistance to RAF inhibition through MAP kinase pathway reactivation,recognized,unknown,"I recognize the melanoma/COT-MAP3K8 paper, but I don’t specifically recall whether the independent replication of the RPMI-7951 MAP3K8-inhibitor effect on pMEK levels succeeded.","FAMILIARITY: recognized
VERDICT: unknown
NOTES: I recognize the melanoma/COT-MAP3K8 paper, but I don’t specifically recall whether the independent replication of the RPMI-7951 MAP3K8-inhibitor effect on pMEK levels succeeded.",no
12,3,1,1,COT drives resistance to RAF inhibition through MAP kinase pathway reactivation,recognized,unreplicable,"I recognize this as the Reproducibility Project’s follow-up to the COT/MAP3K8 paper in RPMI-7951 melanoma cells, and I recall the MAP3K8 inhibitor treatment did not reproduce the reported pMEK reduction clearly.","FAMILIARITY: recognized
VERDICT: unreplicable
NOTES: I recognize this as the Reproducibility Project’s follow-up to the COT/MAP3K8 paper in RPMI-7951 melanoma cells, and I recall the MAP3K8 inhibitor treatment did not reproduce the reported pMEK reduction clearly.",no
12,3,1,2,COT drives resistance to RAF inhibition through MAP kinase pathway reactivation,recognized,unknown,"I recognize this as the COT/MAP3K8 melanoma signaling paper from the Cancer Biology replication effort, but I don’t specifically recall whether the RPMI-7951 pMEK response to the 20 µM inhibitor was judged a successful replication.","FAMILIARITY: recognized
VERDICT: unknown
NOTES: I recognize this as the COT/MAP3K8 melanoma signaling paper from the Cancer Biology replication effort, but I don’t specifically recall whether the RPMI-7951 pMEK response to the 20 µM inhibitor was judged a successful replication.",no
12,3,1,3,COT drives resistance to RAF inhibition through MAP kinase pathway reactivation,recognized,replicable,"I recall this RP: Cancer Biology replication of the COT/MAP3K8 inhibitor experiment in RPMI-7951 melanoma cells found reduced pMEK versus DMSO, consistent with the original claim.","FAMILIARITY: recognized
VERDICT: replicable
NOTES: I recall this RP: Cancer Biology replication of the COT/MAP3K8 inhibitor experiment in RPMI-7951 melanoma cells found reduced pMEK versus DMSO, consistent with the original claim.",no
12,3,1,4,COT drives resistance to RAF inhibition through MAP kinase pathway reactivation,recognized,unreplicable,I recall this Nature paper and a later replication attempt in RPMI-7951 cells that did not reproduce the expected decrease in pMEK after MAP3K8 inhibitor treatment versus DMSO.,"FAMILIARITY: recognized
VERDICT: unreplicable
NOTES: I recall this Nature paper and a later replication attempt in RPMI-7951 cells that did not reproduce the expected decrease in pMEK after MAP3K8 inhibitor treatment versus DMSO.",no
12,3,1,5,COT drives resistance to RAF inhibition through MAP kinase pathway reactivation,recognized,unknown,"I remember this as a Reproducibility Project: Cancer Biology case about MAP3K8/COT and RAF-inhibitor resistance, but I do not specifically recall whether the RPMI-7951 pMEK change with the MAP3K8 inhibitor was judged to replicate.","FAMILIARITY: recognized
VERDICT: unknown
NOTES: I remember this as a Reproducibility Project: Cancer Biology case about MAP3K8/COT and RAF-inhibitor resistance, but I do not specifically recall whether the RPMI-7951 pMEK change with the MAP3K8 inhibitor was judged to replicate.",no
12,3,1,6,COT drives resistance to RAF inhibition through MAP kinase pathway reactivation,recognized,unknown,"I recognize this as the COT/TPL2-mediated RAF inhibitor resistance paper, but I don’t specifically recall the independent replication outcome for the RPMI-7951 pMEK inhibitor assay.","FAMILIARITY: recognized
VERDICT: unknown
NOTES: I recognize this as the COT/TPL2-mediated RAF inhibitor resistance paper, but I don’t specifically recall the independent replication outcome for the RPMI-7951 pMEK inhibitor assay.",no
12,3,1,7,COT drives resistance to RAF inhibition through MAP kinase pathway reactivation,recognized,unknown,"I recognize the COT/MAP3K8 RAF-resistance paper and that it had an independent replication attempt, but I don’t recall the specific pMEK-in-RPMI-7951-with-inhibitor result well enough to classify it confidently.","FAMILIARITY: recognized
VERDICT: unknown
NOTES: I recognize the COT/MAP3K8 RAF-resistance paper and that it had an independent replication attempt, but I don’t recall the specific pMEK-in-RPMI-7951-with-inhibitor result well enough to classify it confidently.",no
12,3,1,8,COT drives resistance to RAF inhibition through MAP kinase pathway reactivation,recognized,unreplicable,"I recognize this as the RP:CB replication of Johannessen et al., and I recall that the MAP3K8 inhibitor did not convincingly reproduce the reported pMEK decrease in RPMI-7951 cells.","FAMILIARITY: recognized
VERDICT: unreplicable
NOTES: I recognize this as the RP:CB replication of Johannessen et al., and I recall that the MAP3K8 inhibitor did not convincingly reproduce the reported pMEK decrease in RPMI-7951 cells.",no
12,3,1,9,COT drives resistance to RAF inhibition through MAP kinase pathway reactivation,recognized,replicable,I recall the Cancer Biology Replication Project tested this MAP3K8 inhibitor effect in RPMI-7951 cells and found the pMEK decrease was consistent with the original report.,"FAMILIARITY: recognized
VERDICT: replicable
NOTES: I recall the Cancer Biology Replication Project tested this MAP3K8 inhibitor effect in RPMI-7951 cells and found the pMEK decrease was consistent with the original report.",no
12,3,2,0,COT drives resistance to RAF inhibition through MAP kinase pathway reactivation,recognized,unreplicable,"I recall this as a Reproducibility Project: Cancer Biology replication of the Johannessen et al. COT/MAP3K8 study, and the RPMI-7951 MAP3K8-inhibitor effect on pERK was not reproduced.","FAMILIARITY: recognized
VERDICT: unreplicable
NOTES: I recall this as a Reproducibility Project: Cancer Biology replication of the Johannessen et al. COT/MAP3K8 study, and the RPMI-7951 MAP3K8-inhibitor effect on pERK was not reproduced.",no
12,3,2,1,COT drives resistance to RAF inhibition through MAP kinase pathway reactivation,recognized,unknown,"I recognize this as the Johannessen et al. COT/MAP3K8 paper that was later replicated in the Reproducibility Project, but I don’t specifically recall whether the RPMI-7951 MAP3K8-inhibitor pERK effect reproduced.","FAMILIARITY: recognized
VERDICT: unknown
NOTES: I recognize this as the Johannessen et al. COT/MAP3K8 paper that was later replicated in the Reproducibility Project, but I don’t specifically recall whether the RPMI-7951 MAP3K8-inhibitor pERK effect reproduced.",no
12,3,2,2,COT drives resistance to RAF inhibition through MAP kinase pathway reactivation,recognized,unknown,"I recognize this as the COT/MAP3K8 melanoma study that was later included in the Reproducibility Project, but I don’t specifically recall the replication outcome for the RPMI-7951 pERK response to the MAP3K8 inhibitor.","FAMILIARITY: recognized
VERDICT: unknown
NOTES: I recognize this as the COT/MAP3K8 melanoma study that was later included in the Reproducibility Project, but I don’t specifically recall the replication outcome for the RPMI-7951 pERK response to the MAP3K8 inhibitor.",no
12,3,2,3,COT drives resistance to RAF inhibition through MAP kinase pathway reactivation,recognized,unknown,"I recognize this as the RP:CB replication of the Johannessen et al. COT/MAP3K8 study, but I don’t specifically recall whether the pERK response to the MAP3K8 inhibitor in RPMI-7951 cells was judged replicated or not.","FAMILIARITY: recognized
VERDICT: unknown
NOTES: I recognize this as the RP:CB replication of the Johannessen et al. COT/MAP3K8 study, but I don’t specifically recall whether the pERK response to the MAP3K8 inhibitor in RPMI-7951 cells was judged replicated or not.",no
12,3,2,4,COT drives resistance to RAF inhibition through MAP kinase pathway reactivation,recognized,unreplicable,"I recognize this as the Johannessen et al. COT/MAP3K8 RAF-inhibitor-resistance paper; in the independent replication, the RPMI-7951 pERK response to the MAP3K8 inhibitor was not clearly reproduced relative to DMSO.","FAMILIARITY: recognized
VERDICT: unreplicable
NOTES: I recognize this as the Johannessen et al. COT/MAP3K8 RAF-inhibitor-resistance paper; in the independent replication, the RPMI-7951 pERK response to the MAP3K8 inhibitor was not clearly reproduced relative to DMSO.",no
12,3,2,5,COT drives resistance to RAF inhibition through MAP kinase pathway reactivation,recognized,unreplicable,I recall this RP:CB replication of the RPMI-7951 pERK assay finding that the MAP3K8 inhibitor did not reproduce the original decrease relative to DMSO.,"FAMILIARITY: recognized
VERDICT: unreplicable
NOTES: I recall this RP:CB replication of the RPMI-7951 pERK assay finding that the MAP3K8 inhibitor did not reproduce the original decrease relative to DMSO.",no
12,3,2,6,COT drives resistance to RAF inhibition through MAP kinase pathway reactivation,unsure,unknown,"I recognize this as the MAP3K8/COT melanoma resistance paper that was later included in a Reproducibility Project: Cancer Biology replication effort, but I don’t specifically recall the replication outcome for the RPMI-7951 pERK inhibitor-vs-DMSO assay.","FAMILIARITY: unsure
VERDICT: unknown
NOTES: I recognize this as the MAP3K8/COT melanoma resistance paper that was later included in a Reproducibility Project: Cancer Biology replication effort, but I don’t specifically recall the replication outcome for the RPMI-7951 pERK inhibitor-vs-DMSO assay.",no
12,3,2,7,COT drives resistance to RAF inhibition through MAP kinase pathway reactivation,recognized,replicable,"I recall this RP: Cancer Biology replication of the Johannessen et al. COT/MAP3K8 paper as showing reduced pERK in RPMI-7951 cells with the MAP3K8 inhibitor, consistent with the original finding.","FAMILIARITY: recognized
VERDICT: replicable
NOTES: I recall this RP: Cancer Biology replication of the Johannessen et al. COT/MAP3K8 paper as showing reduced pERK in RPMI-7951 cells with the MAP3K8 inhibitor, consistent with the original finding.",no
12,3,2,8,COT drives resistance to RAF inhibition through MAP kinase pathway reactivation,recognized,unreplicable,I recall the Reproducibility Project’s replication of the RPMI-7951 MAP3K8-inhibitor assay did not reproduce the original pERK decrease relative to DMSO.,"FAMILIARITY: recognized
VERDICT: unreplicable
NOTES: I recall the Reproducibility Project’s replication of the RPMI-7951 MAP3K8-inhibitor assay did not reproduce the original pERK decrease relative to DMSO.",no
12,3,2,9,COT drives resistance to RAF inhibition through MAP kinase pathway reactivation,recognized,unknown,"I recognize this as the melanoma COT/MAP3K8 paper and recall that its pERK readout in RPMI-7951 cells was independently re-tested, but I don’t specifically remember whether that replication was judged successful.","FAMILIARITY: recognized
VERDICT: unknown
NOTES: I recognize this as the melanoma COT/MAP3K8 paper and recall that its pERK readout in RPMI-7951 cells was independently re-tested, but I don’t specifically remember whether that replication was judged successful.",no
15,1,1,0,Coadministration of a Tumor-Penetrating Peptide Enhances the Efficacy of Cancer Drugs,recognized,replicable,I recall the replication study finding the same direction of effect—higher doxorubicin accumulation in prostate tumors with iRGD than with PBS—consistent with the original result.,"FAMILIARITY: recognized
VERDICT: replicable
NOTES: I recall the replication study finding the same direction of effect—higher doxorubicin accumulation in prostate tumors with iRGD than with PBS—consistent with the original result.",no
15,1,1,1,Coadministration of a Tumor-Penetrating Peptide Enhances the Efficacy of Cancer Drugs,recognized,unreplicable,"I recall this as an independent replication attempt of the iRGD/DOX prostate tumor uptake result, and the replication did not reproduce a significant increase in doxorubicin accumulation with iRGD.","FAMILIARITY: recognized
VERDICT: unreplicable
NOTES: I recall this as an independent replication attempt of the iRGD/DOX prostate tumor uptake result, and the replication did not reproduce a significant increase in doxorubicin accumulation with iRGD.",no
15,1,1,2,Coadministration of a Tumor-Penetrating Peptide Enhances the Efficacy of Cancer Drugs,recognized,replicable,"I recall the Reproducibility Project: Cancer Biology replication of the iRGD paper reporting higher doxorubicin accumulation in prostate tumors with iRGD than with PBS, consistent with the original finding.","FAMILIARITY: recognized
VERDICT: replicable
NOTES: I recall the Reproducibility Project: Cancer Biology replication of the iRGD paper reporting higher doxorubicin accumulation in prostate tumors with iRGD than with PBS, consistent with the original finding.",no
15,1,1,3,Coadministration of a Tumor-Penetrating Peptide Enhances the Efficacy of Cancer Drugs,recognized,unknown,"I recognize the 2010 iRGD/tumor-penetrating peptide paper and recall that doxorubicin uptake in prostate tumors was directly replicated, but I don’t remember the replication outcome well enough to classify it confidently.","FAMILIARITY: recognized
VERDICT: unknown
NOTES: I recognize the 2010 iRGD/tumor-penetrating peptide paper and recall that doxorubicin uptake in prostate tumors was directly replicated, but I don’t remember the replication outcome well enough to classify it confidently.",no
15,1,1,4,Coadministration of a Tumor-Penetrating Peptide Enhances the Efficacy of Cancer Drugs,recognized,replicable,"I recall this as the iRGD tumor-penetrating peptide study, and the independent replication of increased doxorubicin accumulation in prostate tumors with iRGD was in the same direction as the original finding.","FAMILIARITY: recognized
VERDICT: replicable
NOTES: I recall this as the iRGD tumor-penetrating peptide study, and the independent replication of increased doxorubicin accumulation in prostate tumors with iRGD was in the same direction as the original finding.",no
15,1,1,5,Coadministration of a Tumor-Penetrating Peptide Enhances the Efficacy of Cancer Drugs,recognized,replicable,This is the 2010 iRGD paper by Sugahara et al.; I recall the independent replication of the doxorubicin accumulation experiment in 22Rv1 prostate tumors also found higher DOX with iRGD than with PBS.,"FAMILIARITY: recognized
VERDICT: replicable
NOTES: This is the 2010 iRGD paper by Sugahara et al.; I recall the independent replication of the doxorubicin accumulation experiment in 22Rv1 prostate tumors also found higher DOX with iRGD than with PBS.",no
15,1,1,6,Coadministration of a Tumor-Penetrating Peptide Enhances the Efficacy of Cancer Drugs,recognized,unknown,"I recall the original iRGD/tumor-penetrating peptide paper and its doxorubicin tumor-accumulation result in prostate tumors, but I don’t specifically remember the outcome of the formal independent replication attempt for that exact effect.","FAMILIARITY: recognized
VERDICT: unknown
NOTES: I recall the original iRGD/tumor-penetrating peptide paper and its doxorubicin tumor-accumulation result in prostate tumors, but I don’t specifically remember the outcome of the formal independent replication attempt for that exact effect.",no
15,1,1,7,Coadministration of a Tumor-Penetrating Peptide Enhances the Efficacy of Cancer Drugs,recognized,unknown,"I recognize the iRGD/tumor-penetrating peptide study, but I don’t specifically recall whether the independent replication of doxorubicin accumulation in prostate tumor tissue was successful.","FAMILIARITY: recognized
VERDICT: unknown
NOTES: I recognize the iRGD/tumor-penetrating peptide study, but I don’t specifically recall whether the independent replication of doxorubicin accumulation in prostate tumor tissue was successful.",no
15,1,1,8,Coadministration of a Tumor-Penetrating Peptide Enhances the Efficacy of Cancer Drugs,recognized,replicable,"I recall this as the iRGD/tumor-penetrating peptide paper, and the independent replication I remember reported the same direction of increased doxorubicin accumulation in prostate tumors with iRGD coadministration.","FAMILIARITY: recognized
VERDICT: replicable
NOTES: I recall this as the iRGD/tumor-penetrating peptide paper, and the independent replication I remember reported the same direction of increased doxorubicin accumulation in prostate tumors with iRGD coadministration.",no
15,1,1,9,Coadministration of a Tumor-Penetrating Peptide Enhances the Efficacy of Cancer Drugs,recognized,unknown,"I recognize the iRGD tumor-penetration study, but I don’t specifically recall the outcome of the independent replication of doxorubicin accumulation in prostate tumor tissue.","FAMILIARITY: recognized
VERDICT: unknown
NOTES: I recognize the iRGD tumor-penetration study, but I don’t specifically recall the outcome of the independent replication of doxorubicin accumulation in prostate tumor tissue.",no
15,2,1,0,Coadministration of a Tumor-Penetrating Peptide Enhances the Efficacy of Cancer Drugs,recognized,unknown,"I recognize the iRGD/doxorubicin tumor-penetration paper, but I don’t specifically recall the outcome of the independent replication of the tumor-weight comparison (DOX+PBS vs DOX+iRGD).","FAMILIARITY: recognized
VERDICT: unknown
NOTES: I recognize the iRGD/doxorubicin tumor-penetration paper, but I don’t specifically recall the outcome of the independent replication of the tumor-weight comparison (DOX+PBS vs DOX+iRGD).",no
15,2,1,1,Coadministration of a Tumor-Penetrating Peptide Enhances the Efficacy of Cancer Drugs,recognized,unknown,"I recognize this as the iRGD/doxorubicin tumor-penetration paper, but I don’t specifically recall the outcome of the independent replication for the DOX+PBS vs DOX+iRGD tumor-weight comparison.","FAMILIARITY: recognized
VERDICT: unknown
NOTES: I recognize this as the iRGD/doxorubicin tumor-penetration paper, but I don’t specifically recall the outcome of the independent replication for the DOX+PBS vs DOX+iRGD tumor-weight comparison.",no
15,2,1,2,Coadministration of a Tumor-Penetrating Peptide Enhances the Efficacy of Cancer Drugs,recognized,unknown,"I recognize the iRGD/doxorubicin mouse study, but I don’t specifically recall the outcome of the independent replication of the tumor-weight comparison (DOX+PBS vs DOX+iRGD).","FAMILIARITY: recognized
VERDICT: unknown
NOTES: I recognize the iRGD/doxorubicin mouse study, but I don’t specifically recall the outcome of the independent replication of the tumor-weight comparison (DOX+PBS vs DOX+iRGD).",no
15,2,1,3,Coadministration of a Tumor-Penetrating Peptide Enhances the Efficacy of Cancer Drugs,recognized,unknown,"I recognize the iRGD/doxorubicin mouse tumor-weight study, but I don’t recall the outcome of the specific independent replication attempt well enough to say whether it was replicated or not.","FAMILIARITY: recognized
VERDICT: unknown
NOTES: I recognize the iRGD/doxorubicin mouse tumor-weight study, but I don’t recall the outcome of the specific independent replication attempt well enough to say whether it was replicated or not.",no
15,2,1,4,Coadministration of a Tumor-Penetrating Peptide Enhances the Efficacy of Cancer Drugs,recognized,unknown,"I recognize this as the iRGD “tumor-penetrating peptide” doxorubicin study, but I don’t specifically recall the result of the formal replication of the tumor-weight comparison.","FAMILIARITY: recognized
VERDICT: unknown
NOTES: I recognize this as the iRGD “tumor-penetrating peptide” doxorubicin study, but I don’t specifically recall the result of the formal replication of the tumor-weight comparison.",no
15,2,1,5,Coadministration of a Tumor-Penetrating Peptide Enhances the Efficacy of Cancer Drugs,recognized,replicable,"This is the iRGD/doxorubicin tumor-penetration study, and I recall the independent replication was consistent with the original finding that DOX+iRGD reduced tumor weight versus DOX+PBS.","FAMILIARITY: recognized
VERDICT: replicable
NOTES: This is the iRGD/doxorubicin tumor-penetration study, and I recall the independent replication was consistent with the original finding that DOX+iRGD reduced tumor weight versus DOX+PBS.",no
15,2,1,6,Coadministration of a Tumor-Penetrating Peptide Enhances the Efficacy of Cancer Drugs,recognized,unknown,"I recognize the 2010 iRGD/doxorubicin tumor-penetrating peptide paper, but I don’t specifically recall the independent replication’s result for the DOX+PBS vs DOX+iRGD tumor-weight comparison.","FAMILIARITY: recognized
VERDICT: unknown
NOTES: I recognize the 2010 iRGD/doxorubicin tumor-penetrating peptide paper, but I don’t specifically recall the independent replication’s result for the DOX+PBS vs DOX+iRGD tumor-weight comparison.",no
15,2,1,7,Coadministration of a Tumor-Penetrating Peptide Enhances the Efficacy of Cancer Drugs,recognized,replicable,"I recall this as the iRGD tumor-penetrating peptide study, and the independent replication report found the DOX+iRGD group had lower tumor weight than DOX+PBS in the same direction as the original finding.","FAMILIARITY: recognized
VERDICT: replicable
NOTES: I recall this as the iRGD tumor-penetrating peptide study, and the independent replication report found the DOX+iRGD group had lower tumor weight than DOX+PBS in the same direction as the original finding.",no
15,2,1,8,Coadministration of a Tumor-Penetrating Peptide Enhances the Efficacy of Cancer Drugs,recognized,unknown,"I recognize this as the iRGD/doxorubicin mouse tumor-weight result that was independently replicated in the Reproducibility Project: Cancer Biology, but I don’t specifically recall whether that replication successfully reproduced the effect.","FAMILIARITY: recognized
VERDICT: unknown
NOTES: I recognize this as the iRGD/doxorubicin mouse tumor-weight result that was independently replicated in the Reproducibility Project: Cancer Biology, but I don’t specifically recall whether that replication successfully reproduced the effect.",no
15,2,1,9,Coadministration of a Tumor-Penetrating Peptide Enhances the Efficacy of Cancer Drugs,recognized,replicable,"I recognize the 2009 iRGD/doxorubicin tumor-penetrating peptide study, and I recall the independent replication also finding lower tumor weight with DOX+iRGD versus DOX+PBS.","FAMILIARITY: recognized
VERDICT: replicable
NOTES: I recognize the 2009 iRGD/doxorubicin tumor-penetrating peptide study, and I recall the independent replication also finding lower tumor weight with DOX+iRGD versus DOX+PBS.",no
15,2,2,0,Coadministration of a Tumor-Penetrating Peptide Enhances the Efficacy of Cancer Drugs,recognized,replicable,"I remember this as a Reproducibility Project: Cancer Biology replication of the iRGD/doxorubicin study, and the body-weight-shift toxicity panel was broadly consistent between original and replication even though the main efficacy claim was less robust.","FAMILIARITY: recognized
VERDICT: replicable
NOTES: I remember this as a Reproducibility Project: Cancer Biology replication of the iRGD/doxorubicin study, and the body-weight-shift toxicity panel was broadly consistent between original and replication even though the main efficacy claim was less robust.",no
15,2,2,1,Coadministration of a Tumor-Penetrating Peptide Enhances the Efficacy of Cancer Drugs,recognized,unknown,"I recognize the iRGD/doxorubicin tumor-penetrating peptide paper, but I don’t specifically recall the independent replication’s result for the body-weight shift endpoint.","FAMILIARITY: recognized
VERDICT: unknown
NOTES: I recognize the iRGD/doxorubicin tumor-penetrating peptide paper, but I don’t specifically recall the independent replication’s result for the body-weight shift endpoint.",no
15,2,2,2,Coadministration of a Tumor-Penetrating Peptide Enhances the Efficacy of Cancer Drugs,recognized,unknown,"I recognize the iRGD/doxorubicin tumor-penetrating peptide paper and that it had an independent replication attempt, but I don’t specifically recall the body-weight-shift outcome well enough to classify it confidently.","FAMILIARITY: recognized
VERDICT: unknown
NOTES: I recognize the iRGD/doxorubicin tumor-penetrating peptide paper and that it had an independent replication attempt, but I don’t specifically recall the body-weight-shift outcome well enough to classify it confidently.",no
15,2,2,3,Coadministration of a Tumor-Penetrating Peptide Enhances the Efficacy of Cancer Drugs,recognized,unknown,"I recognize this as the iRGD/doxorubicin tumor-penetrating peptide paper, but I don’t specifically recall the independent replication outcome for the percent body-weight-shift endpoint.","FAMILIARITY: recognized
VERDICT: unknown
NOTES: I recognize this as the iRGD/doxorubicin tumor-penetrating peptide paper, but I don’t specifically recall the independent replication outcome for the percent body-weight-shift endpoint.",no
15,2,2,4,Coadministration of a Tumor-Penetrating Peptide Enhances the Efficacy of Cancer Drugs,recognized,unknown,"I recognize the iRGD/doxorubicin study, but I don’t specifically recall the outcome of the independent replication for the body-weight-shift panel.","FAMILIARITY: recognized
VERDICT: unknown
NOTES: I recognize the iRGD/doxorubicin study, but I don’t specifically recall the outcome of the independent replication for the body-weight-shift panel.",no
15,2,2,5,Coadministration of a Tumor-Penetrating Peptide Enhances the Efficacy of Cancer Drugs,recognized,replicable,"I remember this as the iRGD/doxorubicin study from the reproducibility project, where the main antitumor efficacy was the hard part to reproduce but the body-weight shift/toxicity pattern looked similar in the replication.","FAMILIARITY: recognized
VERDICT: replicable
NOTES: I remember this as the iRGD/doxorubicin study from the reproducibility project, where the main antitumor efficacy was the hard part to reproduce but the body-weight shift/toxicity pattern looked similar in the replication.",no
15,2,2,6,Coadministration of a Tumor-Penetrating Peptide Enhances the Efficacy of Cancer Drugs,recognized,unknown,"I recognize the iRGD/doxorubicin mouse study and its independent replication attempt, but I don't specifically recall whether the percent body-weight shift result for PBS vs DOX+PBS vs DOX+iRGD was judged to replicate.","FAMILIARITY: recognized
VERDICT: unknown
NOTES: I recognize the iRGD/doxorubicin mouse study and its independent replication attempt, but I don't specifically recall whether the percent body-weight shift result for PBS vs DOX+PBS vs DOX+iRGD was judged to replicate.",no
15,2,2,7,Coadministration of a Tumor-Penetrating Peptide Enhances the Efficacy of Cancer Drugs,recognized,unknown,"I recognize the iRGD/tumor-penetrating peptide paper, but I don’t confidently remember the independent replication result for this specific body-weight-shift endpoint.","FAMILIARITY: recognized
VERDICT: unknown
NOTES: I recognize the iRGD/tumor-penetrating peptide paper, but I don’t confidently remember the independent replication result for this specific body-weight-shift endpoint.",no
15,2,2,8,Coadministration of a Tumor-Penetrating Peptide Enhances the Efficacy of Cancer Drugs,recognized,replicable,I recognize the Sugahara et al. iRGD paper and recall that the registered replication by the Reproducibility Project: Cancer Biology reproduced the body-weight trend for PBS vs DOX+PBS vs DOX+iRGD.,"FAMILIARITY: recognized
VERDICT: replicable
NOTES: I recognize the Sugahara et al. iRGD paper and recall that the registered replication by the Reproducibility Project: Cancer Biology reproduced the body-weight trend for PBS vs DOX+PBS vs DOX+iRGD.",no
15,2,2,9,Coadministration of a Tumor-Penetrating Peptide Enhances the Efficacy of Cancer Drugs,recognized,unknown,"I recognize this as the iRGD tumor-penetrating peptide/doxorubicin study from the cancer-biology replication project, but I don’t specifically recall the replication outcome for the body-weight-shift panel.","FAMILIARITY: recognized
VERDICT: unknown
NOTES: I recognize this as the iRGD tumor-penetrating peptide/doxorubicin study from the cancer-biology replication project, but I don’t specifically recall the replication outcome for the body-weight-shift panel.",no
15,3,1,0,Coadministration of a Tumor-Penetrating Peptide Enhances the Efficacy of Cancer Drugs,recognized,unknown,"I recognize the iRGD coadministration paper, but I don’t specifically recall the outcome of the independent replication of the prostate tumor apoptotic index result.","FAMILIARITY: recognized
VERDICT: unknown
NOTES: I recognize the iRGD coadministration paper, but I don’t specifically recall the outcome of the independent replication of the prostate tumor apoptotic index result.",no
15,3,1,1,Coadministration of a Tumor-Penetrating Peptide Enhances the Efficacy of Cancer Drugs,recognized,unknown,"I recognize the iRGD/tumor-penetrating peptide paper, but I don’t specifically recall whether the prostate tumor apoptotic-index comparison for DOX+PBS vs DOX+iRGD was successfully replicated.","FAMILIARITY: recognized
VERDICT: unknown
NOTES: I recognize the iRGD/tumor-penetrating peptide paper, but I don’t specifically recall whether the prostate tumor apoptotic-index comparison for DOX+PBS vs DOX+iRGD was successfully replicated.",no
15,3,1,2,Coadministration of a Tumor-Penetrating Peptide Enhances the Efficacy of Cancer Drugs,recognized,unreplicable,"I recall this as the iRGD tumor-penetrating peptide paper from the Cancer Biology Reproducibility Project, and the replication did not confirm the reported increase in prostate-tumor apoptotic index with DOX+iRGD versus DOX+PBS.","FAMILIARITY: recognized
VERDICT: unreplicable
NOTES: I recall this as the iRGD tumor-penetrating peptide paper from the Cancer Biology Reproducibility Project, and the replication did not confirm the reported increase in prostate-tumor apoptotic index with DOX+iRGD versus DOX+PBS.",no
15,3,1,3,Coadministration of a Tumor-Penetrating Peptide Enhances the Efficacy of Cancer Drugs,recognized,replicable,"I recall this being a formal replication of the iRGD tumor-penetrating peptide paper, and the prostate-tumor apoptosis readout was reported in the same direction as the original (higher with DOX+iRGD than DOX+PBS).","FAMILIARITY: recognized
VERDICT: replicable
NOTES: I recall this being a formal replication of the iRGD tumor-penetrating peptide paper, and the prostate-tumor apoptosis readout was reported in the same direction as the original (higher with DOX+iRGD than DOX+PBS).",no
15,3,1,4,Coadministration of a Tumor-Penetrating Peptide Enhances the Efficacy of Cancer Drugs,recognized,unreplicable,"I recognize this as the iRGD tumor-penetrating peptide study, and I recall the formal replication attempt did not reproduce the reported increase in prostate tumor apoptotic index with DOX+iRGD over DOX+PBS.","FAMILIARITY: recognized
VERDICT: unreplicable
NOTES: I recognize this as the iRGD tumor-penetrating peptide study, and I recall the formal replication attempt did not reproduce the reported increase in prostate tumor apoptotic index with DOX+iRGD over DOX+PBS.",no
15,3,1,5,Coadministration of a Tumor-Penetrating Peptide Enhances the Efficacy of Cancer Drugs,unsure,unknown,"I recognize this as the iRGD/doxorubicin prostate tumor study, but I don’t specifically recall the independent replication’s result for the apoptotic index comparison.","FAMILIARITY: unsure
VERDICT: unknown
NOTES: I recognize this as the iRGD/doxorubicin prostate tumor study, but I don’t specifically recall the independent replication’s result for the apoptotic index comparison.",no
15,3,1,6,Coadministration of a Tumor-Penetrating Peptide Enhances the Efficacy of Cancer Drugs,recognized,unknown,"I recognize the iRGD/doxorubicin tumor-penetration paper, but I don’t specifically recall the formal independent replication outcome for the prostate tumor apoptotic index comparison.","FAMILIARITY: recognized
VERDICT: unknown
NOTES: I recognize the iRGD/doxorubicin tumor-penetration paper, but I don’t specifically recall the formal independent replication outcome for the prostate tumor apoptotic index comparison.",no
15,3,1,7,Coadministration of a Tumor-Penetrating Peptide Enhances the Efficacy of Cancer Drugs,recognized,unknown,"I recognize this as the iRGD coadministration paper on prostate tumor apoptosis, but I don’t specifically recall the formal replication result for the DOX+PBS vs DOX+iRGD apoptotic index endpoint.","FAMILIARITY: recognized
VERDICT: unknown
NOTES: I recognize this as the iRGD coadministration paper on prostate tumor apoptosis, but I don’t specifically recall the formal replication result for the DOX+PBS vs DOX+iRGD apoptotic index endpoint.",no
15,3,1,8,Coadministration of a Tumor-Penetrating Peptide Enhances the Efficacy of Cancer Drugs,recognized,unreplicable,I recall the RP: Cancer Biology replication of the Sugahara et al. iRGD paper did not reproduce the increase in prostate-tumor apoptosis with DOX+iRGD over DOX+PBS.,"FAMILIARITY: recognized
VERDICT: unreplicable
NOTES: I recall the RP: Cancer Biology replication of the Sugahara et al. iRGD paper did not reproduce the increase in prostate-tumor apoptosis with DOX+iRGD over DOX+PBS.",no
15,3,1,9,Coadministration of a Tumor-Penetrating Peptide Enhances the Efficacy of Cancer Drugs,recognized,unknown,"I recognize this as the iRGD + doxorubicin prostate-tumor experiment from the Reproducibility Project: Cancer Biology, but I don’t recall the specific apoptotic-index replication outcome well enough to classify it confidently.","FAMILIARITY: recognized
VERDICT: unknown
NOTES: I recognize this as the iRGD + doxorubicin prostate-tumor experiment from the Reproducibility Project: Cancer Biology, but I don’t recall the specific apoptotic-index replication outcome well enough to classify it confidently.",no
16,1,1,0,The common feature of leukemia-associated IDH1 and IDH2 mutations is a neomorphic enzyme activity converting alpha-ketoglutarate to 2-hydroxyglutarate,recognized,replicable,"I recall this IDH1/IDH2 cancer-metabolism paper being taken up in a formal replication effort, and the wild-type IDH2 isocitrate-dependent NADPH assay was reported in the expected direction versus vector control.","FAMILIARITY: recognized
VERDICT: replicable
NOTES: I recall this IDH1/IDH2 cancer-metabolism paper being taken up in a formal replication effort, and the wild-type IDH2 isocitrate-dependent NADPH assay was reported in the expected direction versus vector control.",yes
16,1,1,1,The common feature of leukemia-associated IDH1 and IDH2 mutations is a neomorphic enzyme activity converting alpha-ketoglutarate to 2-hydroxyglutarate,recognized,unknown,"I recognize this Science paper on mutant IDH1/IDH2 neomorphic 2-hydroxyglutarate production, but I don’t specifically recall the outcome of the wild-type IDH2 vs vector-control NADPH assay replication.","FAMILIARITY: recognized
VERDICT: unknown
NOTES: I recognize this Science paper on mutant IDH1/IDH2 neomorphic 2-hydroxyglutarate production, but I don’t specifically recall the outcome of the wild-type IDH2 vs vector-control NADPH assay replication.",yes
16,1,1,2,The common feature of leukemia-associated IDH1 and IDH2 mutations is a neomorphic enzyme activity converting alpha-ketoglutarate to 2-hydroxyglutarate,recognized,replicable,"This is the Ward et al. IDH1/IDH2 neomorphic-activity paper, and I recall the formal replication of the wild-type IDH2 isocitrate-dependent NADPH assay showing the expected higher slope than vector control.","FAMILIARITY: recognized
VERDICT: replicable
NOTES: This is the Ward et al. IDH1/IDH2 neomorphic-activity paper, and I recall the formal replication of the wild-type IDH2 isocitrate-dependent NADPH assay showing the expected higher slope than vector control.",yes
16,1,1,3,The common feature of leukemia-associated IDH1 and IDH2 mutations is a neomorphic enzyme activity converting alpha-ketoglutarate to 2-hydroxyglutarate,recognized,replicable,"This is the Dang et al. IDH1/IDH2 neomorphic-activity paper, and I recall the replication of the wild-type IDH2 isocitrate-dependent NADPH assay versus vector control was consistent with the original finding.","FAMILIARITY: recognized
VERDICT: replicable
NOTES: This is the Dang et al. IDH1/IDH2 neomorphic-activity paper, and I recall the replication of the wild-type IDH2 isocitrate-dependent NADPH assay versus vector control was consistent with the original finding.",yes
16,1,1,4,The common feature of leukemia-associated IDH1 and IDH2 mutations is a neomorphic enzyme activity converting alpha-ketoglutarate to 2-hydroxyglutarate,recognized,replicable,"This is the Ward et al. Science paper on mutant IDH1/2 producing 2-HG, and I recall the independent replication reproducing the wild-type IDH2 isocitrate-dependent NADPH production effect versus vector control.","FAMILIARITY: recognized  
VERDICT: replicable  
NOTES: This is the Ward et al. Science paper on mutant IDH1/2 producing 2-HG, and I recall the independent replication reproducing the wild-type IDH2 isocitrate-dependent NADPH production effect versus vector control.",yes
16,1,1,5,The common feature of leukemia-associated IDH1 and IDH2 mutations is a neomorphic enzyme activity converting alpha-ketoglutarate to 2-hydroxyglutarate,recognized,replicable,I recall this Reproducibility Project replication of the IDH2 enzymatic assay as showing wild-type IDH2 with higher isocitrate-dependent NADPH production than vector control in the same direction as the original.,"FAMILIARITY: recognized
VERDICT: replicable
NOTES: I recall this Reproducibility Project replication of the IDH2 enzymatic assay as showing wild-type IDH2 with higher isocitrate-dependent NADPH production than vector control in the same direction as the original.",yes
16,1,1,6,The common feature of leukemia-associated IDH1 and IDH2 mutations is a neomorphic enzyme activity converting alpha-ketoglutarate to 2-hydroxyglutarate,recognized,replicable,"I recognize this as the classic Ward/Dang IDH1/2 neomorphic-activity paper, and I recall the independent replication as reproducing the WT IDH2 isocitrate-dependent NADPH assay relative to vector control.","FAMILIARITY: recognized  
VERDICT: replicable  
NOTES: I recognize this as the classic Ward/Dang IDH1/2 neomorphic-activity paper, and I recall the independent replication as reproducing the WT IDH2 isocitrate-dependent NADPH assay relative to vector control.",yes
16,1,1,7,The common feature of leukemia-associated IDH1 and IDH2 mutations is a neomorphic enzyme activity converting alpha-ketoglutarate to 2-hydroxyglutarate,recognized,replicable,"I recognize this as the Ward et al. Science paper on IDH1/IDH2 neomorphic 2-HG production, and I recall the independent replication of the wild-type IDH2 isocitrate-dependent NADPH assay as matching the original direction.","FAMILIARITY: recognized
VERDICT: replicable
NOTES: I recognize this as the Ward et al. Science paper on IDH1/IDH2 neomorphic 2-HG production, and I recall the independent replication of the wild-type IDH2 isocitrate-dependent NADPH assay as matching the original direction.",yes
16,1,1,8,The common feature of leukemia-associated IDH1 and IDH2 mutations is a neomorphic enzyme activity converting alpha-ketoglutarate to 2-hydroxyglutarate,recognized,replicable,"This is the Ward et al. IDH1/IDH2 neomorphic-activity paper, and I recall the wild-type IDH2 isocitrate-dependent NADPH production assay showing the same direction of effect in the independent replication.","FAMILIARITY: recognized
VERDICT: replicable
NOTES: This is the Ward et al. IDH1/IDH2 neomorphic-activity paper, and I recall the wild-type IDH2 isocitrate-dependent NADPH production assay showing the same direction of effect in the independent replication.",yes
16,1,1,9,The common feature of leukemia-associated IDH1 and IDH2 mutations is a neomorphic enzyme activity converting alpha-ketoglutarate to 2-hydroxyglutarate,recognized,replicable,I recognize the 2009 Science IDH1/IDH2 paper and recall that the independent replication of the wild-type IDH2 versus vector-control NADPH assay was in the same direction as the original finding.,"FAMILIARITY: recognized
VERDICT: replicable
NOTES: I recognize the 2009 Science IDH1/IDH2 paper and recall that the independent replication of the wild-type IDH2 versus vector-control NADPH assay was in the same direction as the original finding.",yes
16,1,2,0,The common feature of leukemia-associated IDH1 and IDH2 mutations is a neomorphic enzyme activity converting alpha-ketoglutarate to 2-hydroxyglutarate,recognized,replicable,"I recall this Ward et al. IDH1/2 study and the independent replication of the R172K IDH2 canonical-activity assay, which found the mutant still showed reduced isocitrate-dependent NADPH production relative to vector control.","FAMILIARITY: recognized
VERDICT: replicable
NOTES: I recall this Ward et al. IDH1/2 study and the independent replication of the R172K IDH2 canonical-activity assay, which found the mutant still showed reduced isocitrate-dependent NADPH production relative to vector control.",no
16,1,2,1,The common feature of leukemia-associated IDH1 and IDH2 mutations is a neomorphic enzyme activity converting alpha-ketoglutarate to 2-hydroxyglutarate,recognized,unknown,"I recognize the classic IDH1/IDH2 neomorphic-activity paper, but I do not specifically recall the independent replication result for the R172K mutant IDH2 isocitrate-dependent NADPH production assay versus vector control.","FAMILIARITY: recognized
VERDICT: unknown
NOTES: I recognize the classic IDH1/IDH2 neomorphic-activity paper, but I do not specifically recall the independent replication result for the R172K mutant IDH2 isocitrate-dependent NADPH production assay versus vector control.",no
16,1,2,2,The common feature of leukemia-associated IDH1 and IDH2 mutations is a neomorphic enzyme activity converting alpha-ketoglutarate to 2-hydroxyglutarate,recognized,unknown,"I recognize this as the Ward et al. IDH1/IDH2 neomorphic 2-hydroxyglutarate paper, but I don’t specifically recall the independent replication outcome for the R172K isocitrate-dependent NADPH-production slope comparison.","FAMILIARITY: recognized
VERDICT: unknown
NOTES: I recognize this as the Ward et al. IDH1/IDH2 neomorphic 2-hydroxyglutarate paper, but I don’t specifically recall the independent replication outcome for the R172K isocitrate-dependent NADPH-production slope comparison.",no
16,1,2,3,The common feature of leukemia-associated IDH1 and IDH2 mutations is a neomorphic enzyme activity converting alpha-ketoglutarate to 2-hydroxyglutarate,recognized,unknown,"I recognize the Ward et al. IDH1/IDH2 neomorphic 2-HG paper, but I don’t specifically recall the independent replication outcome for the R172K IDH2 isocitrate-dependent NADPH slope assay.","FAMILIARITY: recognized
VERDICT: unknown
NOTES: I recognize the Ward et al. IDH1/IDH2 neomorphic 2-HG paper, but I don’t specifically recall the independent replication outcome for the R172K IDH2 isocitrate-dependent NADPH slope assay.",no
16,1,2,4,The common feature of leukemia-associated IDH1 and IDH2 mutations is a neomorphic enzyme activity converting alpha-ketoglutarate to 2-hydroxyglutarate,recognized,unknown,"I recognize this as the IDH2 R172K assay from the Reproducibility Project: Cancer Biology, but I don’t specifically remember the replication outcome for the NADPH-slope comparison versus vector control.","FAMILIARITY: recognized
VERDICT: unknown
NOTES: I recognize this as the IDH2 R172K assay from the Reproducibility Project: Cancer Biology, but I don’t specifically remember the replication outcome for the NADPH-slope comparison versus vector control.",no
16,1,2,5,The common feature of leukemia-associated IDH1 and IDH2 mutations is a neomorphic enzyme activity converting alpha-ketoglutarate to 2-hydroxyglutarate,recognized,replicable,"I remember this as the Reproducibility Project/Cancer Biology replication of the 2009 Science IDH1/2 paper, and the R172K mutant IDH2 showed the expected reduced isocitrate-dependent NADPH production relative to vector control.","FAMILIARITY: recognized
VERDICT: replicable
NOTES: I remember this as the Reproducibility Project/Cancer Biology replication of the 2009 Science IDH1/2 paper, and the R172K mutant IDH2 showed the expected reduced isocitrate-dependent NADPH production relative to vector control.",no
16,1,2,6,The common feature of leukemia-associated IDH1 and IDH2 mutations is a neomorphic enzyme activity converting alpha-ketoglutarate to 2-hydroxyglutarate,recognized,replicable,"I recall the independent replication for this IDH2 R172K assay found reduced isocitrate-dependent NADPH production versus vector control, consistent with the original report.","FAMILIARITY: recognized
VERDICT: replicable
NOTES: I recall the independent replication for this IDH2 R172K assay found reduced isocitrate-dependent NADPH production versus vector control, consistent with the original report.",no
16,1,2,7,The common feature of leukemia-associated IDH1 and IDH2 mutations is a neomorphic enzyme activity converting alpha-ketoglutarate to 2-hydroxyglutarate,recognized,replicable,I recall this RP:CB replication of the Ward et al. IDH2 study as reproducing the R172K mutant’s altered isocitrate-dependent NADPH production relative to vector control.,"FAMILIARITY: recognized
VERDICT: replicable
NOTES: I recall this RP:CB replication of the Ward et al. IDH2 study as reproducing the R172K mutant’s altered isocitrate-dependent NADPH production relative to vector control.",no
16,1,2,8,The common feature of leukemia-associated IDH1 and IDH2 mutations is a neomorphic enzyme activity converting alpha-ketoglutarate to 2-hydroxyglutarate,recognized,unknown,"I recognize this as the classic IDH1/IDH2 neomorphic 2-hydroxyglutarate paper, but I don’t specifically recall the independent replication outcome for the R172K IDH2 isocitrate-dependent NADPH slope comparison.","FAMILIARITY: recognized
VERDICT: unknown
NOTES: I recognize this as the classic IDH1/IDH2 neomorphic 2-hydroxyglutarate paper, but I don’t specifically recall the independent replication outcome for the R172K IDH2 isocitrate-dependent NADPH slope comparison.",no
16,1,2,9,The common feature of leukemia-associated IDH1 and IDH2 mutations is a neomorphic enzyme activity converting alpha-ketoglutarate to 2-hydroxyglutarate,recognized,unknown,"I recognize this as the Nature paper on leukemia-associated IDH1/IDH2 mutations and recall that it was later replicated, but I do not specifically remember whether the R172K mutant IDH2 isocitrate-dependent NADPH production slope differed from vector control in the replication.","FAMILIARITY: recognized
VERDICT: unknown
NOTES: I recognize this as the Nature paper on leukemia-associated IDH1/IDH2 mutations and recall that it was later replicated, but I do not specifically remember whether the R172K mutant IDH2 isocitrate-dependent NADPH production slope differed from vector control in the replication.",no
16,1,3,0,The common feature of leukemia-associated IDH1 and IDH2 mutations is a neomorphic enzyme activity converting alpha-ketoglutarate to 2-hydroxyglutarate,unsure,unknown,"I recognize the original Dang et al. IDH1/IDH2 neomorphic-activity paper, but I don’t specifically recall the formal replication’s outcome for the wild-type IDH2 vs vector control NADPH-consumption slope comparison.","FAMILIARITY: unsure
VERDICT: unknown
NOTES: I recognize the original Dang et al. IDH1/IDH2 neomorphic-activity paper, but I don’t specifically recall the formal replication’s outcome for the wild-type IDH2 vs vector control NADPH-consumption slope comparison.",no
16,1,3,1,The common feature of leukemia-associated IDH1 and IDH2 mutations is a neomorphic enzyme activity converting alpha-ketoglutarate to 2-hydroxyglutarate,recognized,unknown,"I recognize this as the Dang et al. IDH1/IDH2 neomorphic-activity paper and its later replication attempt, but I don’t specifically recall whether the wild-type IDH2 vs vector-control NADPH-consumption slope comparison was successfully reproduced.","FAMILIARITY: recognized
VERDICT: unknown
NOTES: I recognize this as the Dang et al. IDH1/IDH2 neomorphic-activity paper and its later replication attempt, but I don’t specifically recall whether the wild-type IDH2 vs vector-control NADPH-consumption slope comparison was successfully reproduced.",no
16,1,3,2,The common feature of leukemia-associated IDH1 and IDH2 mutations is a neomorphic enzyme activity converting alpha-ketoglutarate to 2-hydroxyglutarate,recognized,unknown,"I recognize the 2009 Science IDH1/2 paper on 2-HG production, but I don’t specifically recall the replication outcome for the wild-type IDH2 vs vector control NADPH-consumption slope comparison.","FAMILIARITY: recognized
VERDICT: unknown
NOTES: I recognize the 2009 Science IDH1/2 paper on 2-HG production, but I don’t specifically recall the replication outcome for the wild-type IDH2 vs vector control NADPH-consumption slope comparison.",no
16,1,3,3,The common feature of leukemia-associated IDH1 and IDH2 mutations is a neomorphic enzyme activity converting alpha-ketoglutarate to 2-hydroxyglutarate,recognized,replicable,"I recognize the Ward et al. IDH1/IDH2 neomorphic-activity paper, and I recall the formal replication of this wild-type IDH2 NADPH-consumption control being consistent with the original result.","FAMILIARITY: recognized
VERDICT: replicable
NOTES: I recognize the Ward et al. IDH1/IDH2 neomorphic-activity paper, and I recall the formal replication of this wild-type IDH2 NADPH-consumption control being consistent with the original result.",no
16,1,3,4,The common feature of leukemia-associated IDH1 and IDH2 mutations is a neomorphic enzyme activity converting alpha-ketoglutarate to 2-hydroxyglutarate,recognized,unknown,"I recognize this as the 2009 Science IDH1/IDH2 neomorphic-2HG paper, but I don’t specifically recall whether the independent replication of the wild-type IDH2 α-ketoglutarate/NADPH slope comparison was judged successful.","FAMILIARITY: recognized
VERDICT: unknown
NOTES: I recognize this as the 2009 Science IDH1/IDH2 neomorphic-2HG paper, but I don’t specifically recall whether the independent replication of the wild-type IDH2 α-ketoglutarate/NADPH slope comparison was judged successful.",no
16,1,3,5,The common feature of leukemia-associated IDH1 and IDH2 mutations is a neomorphic enzyme activity converting alpha-ketoglutarate to 2-hydroxyglutarate,unsure,unknown,"I recognize the 2009 Science paper on leukemia-associated IDH1/2 mutations and 2-hydroxyglutarate production, but I don’t specifically recall the independent replication result for the wild-type IDH2 alpha-ketoglutarate-dependent NADPH consumption slope versus vector control.","FAMILIARITY: unsure
VERDICT: unknown
NOTES: I recognize the 2009 Science paper on leukemia-associated IDH1/2 mutations and 2-hydroxyglutarate production, but I don’t specifically recall the independent replication result for the wild-type IDH2 alpha-ketoglutarate-dependent NADPH consumption slope versus vector control.",no
16,1,3,6,The common feature of leukemia-associated IDH1 and IDH2 mutations is a neomorphic enzyme activity converting alpha-ketoglutarate to 2-hydroxyglutarate,recognized,replicable,"I recall this as the Dang et al. IDH1/IDH2 neomorphic-activity paper, and the wild-type IDH2 α-ketoglutarate-dependent NADPH consumption control was reproduced as essentially not different from vector control.","FAMILIARITY: recognized
VERDICT: replicable
NOTES: I recall this as the Dang et al. IDH1/IDH2 neomorphic-activity paper, and the wild-type IDH2 α-ketoglutarate-dependent NADPH consumption control was reproduced as essentially not different from vector control.",no
16,1,3,7,The common feature of leukemia-associated IDH1 and IDH2 mutations is a neomorphic enzyme activity converting alpha-ketoglutarate to 2-hydroxyglutarate,recognized,unknown,"I recognize this as the Ward et al. IDH1/IDH2 neomorphic 2-HG paper, but I don’t specifically recall the independent replication outcome for the wild-type IDH2 vs vector-control NADPH-consumption slope comparison.","FAMILIARITY: recognized
VERDICT: unknown
NOTES: I recognize this as the Ward et al. IDH1/IDH2 neomorphic 2-HG paper, but I don’t specifically recall the independent replication outcome for the wild-type IDH2 vs vector-control NADPH-consumption slope comparison.",no
16,1,3,8,The common feature of leukemia-associated IDH1 and IDH2 mutations is a neomorphic enzyme activity converting alpha-ketoglutarate to 2-hydroxyglutarate,recognized,unknown,"I recognize the Dang et al. IDH1/2 neomorphic-activity paper, but I don’t specifically remember the independent replication outcome for the wild-type IDH2 vs vector control NADPH-consumption slope comparison.","FAMILIARITY: recognized
VERDICT: unknown
NOTES: I recognize the Dang et al. IDH1/2 neomorphic-activity paper, but I don’t specifically remember the independent replication outcome for the wild-type IDH2 vs vector control NADPH-consumption slope comparison.",no
16,1,3,9,The common feature of leukemia-associated IDH1 and IDH2 mutations is a neomorphic enzyme activity converting alpha-ketoglutarate to 2-hydroxyglutarate,recognized,unknown,"I recognize the 2009 Nature paper on IDH1/IDH2 neomorphic 2-HG production and know it was later formally replicated, but I don’t specifically recall the outcome for the wild-type IDH2 vs vector-control NADPH-consumption slope comparison.","FAMILIARITY: recognized
VERDICT: unknown
NOTES: I recognize the 2009 Nature paper on IDH1/IDH2 neomorphic 2-HG production and know it was later formally replicated, but I don’t specifically recall the outcome for the wild-type IDH2 vs vector-control NADPH-consumption slope comparison.",no
16,1,4,0,The common feature of leukemia-associated IDH1 and IDH2 mutations is a neomorphic enzyme activity converting alpha-ketoglutarate to 2-hydroxyglutarate,recognized,replicable,I recall this as a Cancer Biology replication-project assay where the IDH2 R172K mutant showed higher alpha-ketoglutarate-dependent NADPH consumption than vector control in the same direction as the original finding.,"FAMILIARITY: recognized
VERDICT: replicable
NOTES: I recall this as a Cancer Biology replication-project assay where the IDH2 R172K mutant showed higher alpha-ketoglutarate-dependent NADPH consumption than vector control in the same direction as the original finding.",yes
16,1,4,1,The common feature of leukemia-associated IDH1 and IDH2 mutations is a neomorphic enzyme activity converting alpha-ketoglutarate to 2-hydroxyglutarate,recognized,replicable,"I recognize this as the Nature paper on IDH1/2 neomorphic 2-hydroxyglutarate production, and I recall the independent replication of the IDH2 R172K α-ketoglutarate-dependent NADPH consumption assay showing the same direction of effect versus vector control.","FAMILIARITY: recognized
VERDICT: replicable
NOTES: I recognize this as the Nature paper on IDH1/2 neomorphic 2-hydroxyglutarate production, and I recall the independent replication of the IDH2 R172K α-ketoglutarate-dependent NADPH consumption assay showing the same direction of effect versus vector control.",yes
16,1,4,2,The common feature of leukemia-associated IDH1 and IDH2 mutations is a neomorphic enzyme activity converting alpha-ketoglutarate to 2-hydroxyglutarate,recognized,replicable,"I recall this as the Ward et al. IDH1/2 neomorphic 2-HG paper, and the replication of the R172K IDH2 α-ketoglutarate-dependent NADPH consumption assay matched the original direction of effect.","FAMILIARITY: recognized
VERDICT: replicable
NOTES: I recall this as the Ward et al. IDH1/2 neomorphic 2-HG paper, and the replication of the R172K IDH2 α-ketoglutarate-dependent NADPH consumption assay matched the original direction of effect.",yes
16,1,4,3,The common feature of leukemia-associated IDH1 and IDH2 mutations is a neomorphic enzyme activity converting alpha-ketoglutarate to 2-hydroxyglutarate,recognized,replicable,"I recall this as the Ward et al. IDH1/2 neomorphic-activity paper, and the replication of the R172K IDH2 α-ketoglutarate-dependent NADPH consumption slope versus vector control was consistent with the original direction.","FAMILIARITY: recognized
VERDICT: replicable
NOTES: I recall this as the Ward et al. IDH1/2 neomorphic-activity paper, and the replication of the R172K IDH2 α-ketoglutarate-dependent NADPH consumption slope versus vector control was consistent with the original direction.",yes
16,1,4,4,The common feature of leukemia-associated IDH1 and IDH2 mutations is a neomorphic enzyme activity converting alpha-ketoglutarate to 2-hydroxyglutarate,recognized,replicable,"I recall this as the Ward et al. IDH1/IDH2 neomorphic-activity paper, and the independent replication of the R172K IDH2 α-ketoglutarate-dependent NADPH consumption assay matched the original direction.","FAMILIARITY: recognized
VERDICT: replicable
NOTES: I recall this as the Ward et al. IDH1/IDH2 neomorphic-activity paper, and the independent replication of the R172K IDH2 α-ketoglutarate-dependent NADPH consumption assay matched the original direction.",yes
16,1,4,5,The common feature of leukemia-associated IDH1 and IDH2 mutations is a neomorphic enzyme activity converting alpha-ketoglutarate to 2-hydroxyglutarate,recognized,replicable,"I recall an independent Cancer Biology replication attempt of this IDH1/IDH2 paper that found the IDH2 R172K mutant still showed higher α-ketoglutarate-dependent NADPH consumption than vector control, matching the original neomorphic activity result.","FAMILIARITY: recognized
VERDICT: replicable
NOTES: I recall an independent Cancer Biology replication attempt of this IDH1/IDH2 paper that found the IDH2 R172K mutant still showed higher α-ketoglutarate-dependent NADPH consumption than vector control, matching the original neomorphic activity result.",yes
16,1,4,6,The common feature of leukemia-associated IDH1 and IDH2 mutations is a neomorphic enzyme activity converting alpha-ketoglutarate to 2-hydroxyglutarate,recognized,replicable,"I recognize the 2009 Science paper on mutant IDH1/IDH2 neomorphic activity, and I recall a later formal replication finding the R172K IDH2 NADPH-consumption assay showed the same increased slope versus vector control.","FAMILIARITY: recognized
VERDICT: replicable
NOTES: I recognize the 2009 Science paper on mutant IDH1/IDH2 neomorphic activity, and I recall a later formal replication finding the R172K IDH2 NADPH-consumption assay showed the same increased slope versus vector control.",yes
16,1,4,7,The common feature of leukemia-associated IDH1 and IDH2 mutations is a neomorphic enzyme activity converting alpha-ketoglutarate to 2-hydroxyglutarate,recognized,replicable,"I recall this Reproducibility Project: Cancer Biology replication of the Dang et al. IDH study found the R172K IDH2 mutant showed greater alpha-ketoglutarate-dependent NADPH consumption than vector control, in line with the original result.","FAMILIARITY: recognized
VERDICT: replicable
NOTES: I recall this Reproducibility Project: Cancer Biology replication of the Dang et al. IDH study found the R172K IDH2 mutant showed greater alpha-ketoglutarate-dependent NADPH consumption than vector control, in line with the original result.",yes
16,1,4,8,The common feature of leukemia-associated IDH1 and IDH2 mutations is a neomorphic enzyme activity converting alpha-ketoglutarate to 2-hydroxyglutarate,recognized,replicable,"I recall this as the 2009 IDH1/IDH2 neomorphic-activity paper, and the independent replication of the R172K IDH2 alpha-ketoglutarate-dependent NADPH consumption assay reported the expected mutant-versus-vector difference.","FAMILIARITY: recognized
VERDICT: replicable
NOTES: I recall this as the 2009 IDH1/IDH2 neomorphic-activity paper, and the independent replication of the R172K IDH2 alpha-ketoglutarate-dependent NADPH consumption assay reported the expected mutant-versus-vector difference.",yes
16,1,4,9,The common feature of leukemia-associated IDH1 and IDH2 mutations is a neomorphic enzyme activity converting alpha-ketoglutarate to 2-hydroxyglutarate,recognized,replicable,"I recognize this as the IDH1/IDH2 neomorphic 2-hydroxyglutarate paper, and I recall the independent replication reproducing the R172K IDH2 alpha-ketoglutarate-dependent NADPH consumption effect versus vector control.","FAMILIARITY: recognized
VERDICT: replicable
NOTES: I recognize this as the IDH1/IDH2 neomorphic 2-hydroxyglutarate paper, and I recall the independent replication reproducing the R172K IDH2 alpha-ketoglutarate-dependent NADPH consumption effect versus vector control.",yes
16,2,1,0,The common feature of leukemia-associated IDH1 and IDH2 mutations is a neomorphic enzyme activity converting alpha-ketoglutarate to 2-hydroxyglutarate,recognized,replicable,"I remember this study on mutant IDH1/IDH2 gaining 2HG-producing activity, and the independent replication found the R172K IDH2 cells still showed clearly elevated 2HG relative to WT/control cells.","FAMILIARITY: recognized
VERDICT: replicable
NOTES: I remember this study on mutant IDH1/IDH2 gaining 2HG-producing activity, and the independent replication found the R172K IDH2 cells still showed clearly elevated 2HG relative to WT/control cells.",yes
16,2,1,1,The common feature of leukemia-associated IDH1 and IDH2 mutations is a neomorphic enzyme activity converting alpha-ketoglutarate to 2-hydroxyglutarate,recognized,replicable,"I recall this as the IDH1/IDH2 neomorphic 2HG paper, and the independent replication also found elevated 2HG in R172K mutant IDH2 compared with control/WT IDH2 cells.","FAMILIARITY: recognized
VERDICT: replicable
NOTES: I recall this as the IDH1/IDH2 neomorphic 2HG paper, and the independent replication also found elevated 2HG in R172K mutant IDH2 compared with control/WT IDH2 cells.",yes
16,2,1,2,The common feature of leukemia-associated IDH1 and IDH2 mutations is a neomorphic enzyme activity converting alpha-ketoglutarate to 2-hydroxyglutarate,recognized,replicable,I recall this Ward et al. IDH1/2 study and its independent replication of the IDH2 R172K assay likewise found 2HG levels elevated above the wild-type/control range.,"FAMILIARITY: recognized
VERDICT: replicable
NOTES: I recall this Ward et al. IDH1/2 study and its independent replication of the IDH2 R172K assay likewise found 2HG levels elevated above the wild-type/control range.",yes
16,2,1,3,The common feature of leukemia-associated IDH1 and IDH2 mutations is a neomorphic enzyme activity converting alpha-ketoglutarate to 2-hydroxyglutarate,recognized,replicable,"I recall this Nature paper and a formal replication attempt that found R172K mutant IDH2 cells produced elevated 2HG relative to controls, though I don’t remember the exact statistics.","FAMILIARITY: recognized
VERDICT: replicable
NOTES: I recall this Nature paper and a formal replication attempt that found R172K mutant IDH2 cells produced elevated 2HG relative to controls, though I don’t remember the exact statistics.",yes
16,2,1,4,The common feature of leukemia-associated IDH1 and IDH2 mutations is a neomorphic enzyme activity converting alpha-ketoglutarate to 2-hydroxyglutarate,recognized,replicable,"I recall the independent replication found that IDH2 R172K cells produced markedly higher 2-hydroxyglutarate than any WT/control condition, consistent with the original neomorphic activity result.","FAMILIARITY: recognized
VERDICT: replicable
NOTES: I recall the independent replication found that IDH2 R172K cells produced markedly higher 2-hydroxyglutarate than any WT/control condition, consistent with the original neomorphic activity result.",yes
16,2,1,5,The common feature of leukemia-associated IDH1 and IDH2 mutations is a neomorphic enzyme activity converting alpha-ketoglutarate to 2-hydroxyglutarate,recognized,replicable,"I recall this as the Dang et al. study on leukemia-associated IDH2 mutants generating 2HG, and the independent replication also found R172K-expressing cells had elevated 2HG above WT/control levels.","FAMILIARITY: recognized
VERDICT: replicable
NOTES: I recall this as the Dang et al. study on leukemia-associated IDH2 mutants generating 2HG, and the independent replication also found R172K-expressing cells had elevated 2HG above WT/control levels.",yes
16,2,1,6,The common feature of leukemia-associated IDH1 and IDH2 mutations is a neomorphic enzyme activity converting alpha-ketoglutarate to 2-hydroxyglutarate,recognized,replicable,"I recognize this as the Ward et al. IDH1/IDH2 study, and I recall the independent replication finding that IDH2 R172K cells had elevated 2HG relative to control/WT IDH2 cells, consistent with the original effect.","FAMILIARITY: recognized
VERDICT: replicable
NOTES: I recognize this as the Ward et al. IDH1/IDH2 study, and I recall the independent replication finding that IDH2 R172K cells had elevated 2HG relative to control/WT IDH2 cells, consistent with the original effect.",yes
16,2,1,7,The common feature of leukemia-associated IDH1 and IDH2 mutations is a neomorphic enzyme activity converting alpha-ketoglutarate to 2-hydroxyglutarate,recognized,replicable,"I recall this as the canonical IDH1/IDH2 neomorphic-2HG paper, and the replication attempt for the IDH2 R172K 2HG increase found the same direction of effect versus WT/control cells.","FAMILIARITY: recognized
VERDICT: replicable
NOTES: I recall this as the canonical IDH1/IDH2 neomorphic-2HG paper, and the replication attempt for the IDH2 R172K 2HG increase found the same direction of effect versus WT/control cells.",yes
16,2,1,8,The common feature of leukemia-associated IDH1 and IDH2 mutations is a neomorphic enzyme activity converting alpha-ketoglutarate to 2-hydroxyglutarate,recognized,replicable,"I recognize this as the IDH1/IDH2 neomorphic 2-hydroxyglutarate paper, and I recall the replication attempt observing elevated 2HG in R172K IDH2 cells relative to WT/control cells, consistent with the original finding.","FAMILIARITY: recognized
VERDICT: replicable
NOTES: I recognize this as the IDH1/IDH2 neomorphic 2-hydroxyglutarate paper, and I recall the replication attempt observing elevated 2HG in R172K IDH2 cells relative to WT/control cells, consistent with the original finding.",yes
16,2,1,9,The common feature of leukemia-associated IDH1 and IDH2 mutations is a neomorphic enzyme activity converting alpha-ketoglutarate to 2-hydroxyglutarate,recognized,replicable,"I recall the replication attempt reproduced the elevated 2HG signal for R172K mutant IDH2 relative to control/WT cells, matching the original neomorphic-activity finding.","FAMILIARITY: recognized
VERDICT: replicable
NOTES: I recall the replication attempt reproduced the elevated 2HG signal for R172K mutant IDH2 relative to control/WT cells, matching the original neomorphic-activity finding.",yes
16,3,1,0,The common feature of leukemia-associated IDH1 and IDH2 mutations is a neomorphic enzyme activity converting alpha-ketoglutarate to 2-hydroxyglutarate,recognized,replicable,I recall the RP:CB-style replication of the IDH1/IDH2 2-hydroxyglutarate assay found the R132C mutant IDH1 produced 2HG clearly above the highest wild-type IDH1 value.,"FAMILIARITY: recognized
VERDICT: replicable
NOTES: I recall the RP:CB-style replication of the IDH1/IDH2 2-hydroxyglutarate assay found the R132C mutant IDH1 produced 2HG clearly above the highest wild-type IDH1 value.",yes
16,3,1,1,The common feature of leukemia-associated IDH1 and IDH2 mutations is a neomorphic enzyme activity converting alpha-ketoglutarate to 2-hydroxyglutarate,recognized,replicable,"I recall this is the Dang et al. study on leukemia-associated IDH1/IDH2 mutations producing 2-hydroxyglutarate, and the independent replication of the R132C IDH1 2HG increase was in the same direction as the original result.","FAMILIARITY: recognized
VERDICT: replicable
NOTES: I recall this is the Dang et al. study on leukemia-associated IDH1/IDH2 mutations producing 2-hydroxyglutarate, and the independent replication of the R132C IDH1 2HG increase was in the same direction as the original result.",yes
16,3,1,2,The common feature of leukemia-associated IDH1 and IDH2 mutations is a neomorphic enzyme activity converting alpha-ketoglutarate to 2-hydroxyglutarate,recognized,replicable,"I recall this as the Dang et al. study on leukemia-associated IDH1/2 mutations, and the independent replication found R132C mutant IDH1 produced 2HG levels above the WT range, though the magnitude was not identical.","FAMILIARITY: recognized
VERDICT: replicable
NOTES: I recall this as the Dang et al. study on leukemia-associated IDH1/2 mutations, and the independent replication found R132C mutant IDH1 produced 2HG levels above the WT range, though the magnitude was not identical.",yes
16,3,1,3,The common feature of leukemia-associated IDH1 and IDH2 mutations is a neomorphic enzyme activity converting alpha-ketoglutarate to 2-hydroxyglutarate,recognized,replicable,"I remember the RP:CB-style replication of the IDH1 R132C 2-hydroxyglutarate assay, and it showed mutant IDH1 producing higher 2HG than WT, consistent with the original finding.","FAMILIARITY: recognized  
VERDICT: replicable  
NOTES: I remember the RP:CB-style replication of the IDH1 R132C 2-hydroxyglutarate assay, and it showed mutant IDH1 producing higher 2HG than WT, consistent with the original finding.",yes
16,3,1,4,The common feature of leukemia-associated IDH1 and IDH2 mutations is a neomorphic enzyme activity converting alpha-ketoglutarate to 2-hydroxyglutarate,recognized,replicable,"I recall this as the Dang et al. IDH1/IDH2 neomorphic 2-hydroxyglutarate paper, and the independent replication attempt also found elevated 2HG for the R132C IDH1 mutant relative to wild-type.","FAMILIARITY: recognized
VERDICT: replicable
NOTES: I recall this as the Dang et al. IDH1/IDH2 neomorphic 2-hydroxyglutarate paper, and the independent replication attempt also found elevated 2HG for the R132C IDH1 mutant relative to wild-type.",yes
16,3,1,5,The common feature of leukemia-associated IDH1 and IDH2 mutations is a neomorphic enzyme activity converting alpha-ketoglutarate to 2-hydroxyglutarate,recognized,replicable,"I recognize this as the Dang et al. IDH1/IDH2 neomorphic 2HG paper, and the formal replication I recall still found R132C IDH1 produced substantially more 2HG than wild-type IDH1.","FAMILIARITY: recognized
VERDICT: replicable
NOTES: I recognize this as the Dang et al. IDH1/IDH2 neomorphic 2HG paper, and the formal replication I recall still found R132C IDH1 produced substantially more 2HG than wild-type IDH1.",yes
16,3,1,6,The common feature of leukemia-associated IDH1 and IDH2 mutations is a neomorphic enzyme activity converting alpha-ketoglutarate to 2-hydroxyglutarate,recognized,replicable,"I recognize this as the Science paper on neomorphic IDH1/IDH2 mutations producing 2-hydroxyglutarate, and I recall the independent replication also found higher 2HG with IDH1 R132C than WT controls.","FAMILIARITY: recognized
VERDICT: replicable
NOTES: I recognize this as the Science paper on neomorphic IDH1/IDH2 mutations producing 2-hydroxyglutarate, and I recall the independent replication also found higher 2HG with IDH1 R132C than WT controls.",yes
16,3,1,7,The common feature of leukemia-associated IDH1 and IDH2 mutations is a neomorphic enzyme activity converting alpha-ketoglutarate to 2-hydroxyglutarate,recognized,replicable,"I recognize this as the classic IDH1/IDH2 neomorphic-2HG paper, and I recall the independent replication likewise found the R132C IDH1 mutant produced higher 2HG than WT controls.","FAMILIARITY: recognized
VERDICT: replicable
NOTES: I recognize this as the classic IDH1/IDH2 neomorphic-2HG paper, and I recall the independent replication likewise found the R132C IDH1 mutant produced higher 2HG than WT controls.",yes
16,3,1,8,The common feature of leukemia-associated IDH1 and IDH2 mutations is a neomorphic enzyme activity converting alpha-ketoglutarate to 2-hydroxyglutarate,recognized,replicable,"I recall the Science paper showing leukemia-associated IDH1/IDH2 mutants produce 2-hydroxyglutarate, and the replication found R132C IDH1 had 2HG levels well above WT.","FAMILIARITY: recognized
VERDICT: replicable
NOTES: I recall the Science paper showing leukemia-associated IDH1/IDH2 mutants produce 2-hydroxyglutarate, and the replication found R132C IDH1 had 2HG levels well above WT.",yes
16,3,1,9,The common feature of leukemia-associated IDH1 and IDH2 mutations is a neomorphic enzyme activity converting alpha-ketoglutarate to 2-hydroxyglutarate,recognized,replicable,"I recall the independent replication of this Dang et al. Science finding reported that IDH1 R132C produced clearly elevated 2HG relative to WT controls, consistent with the original effect.","FAMILIARITY: recognized
VERDICT: replicable
NOTES: I recall the independent replication of this Dang et al. Science finding reported that IDH1 R132C produced clearly elevated 2HG relative to WT controls, consistent with the original effect.",yes
16,3,2,0,The common feature of leukemia-associated IDH1 and IDH2 mutations is a neomorphic enzyme activity converting alpha-ketoglutarate to 2-hydroxyglutarate,recognized,replicable,"I recall this leukemia-IDH paper being independently replicated in the cancer biology reproducibility project, and the R172K mutant IDH2 effect on elevating 2HG above WT was reproduced.","FAMILIARITY: recognized
VERDICT: replicable
NOTES: I recall this leukemia-IDH paper being independently replicated in the cancer biology reproducibility project, and the R172K mutant IDH2 effect on elevating 2HG above WT was reproduced.",yes
16,3,2,1,The common feature of leukemia-associated IDH1 and IDH2 mutations is a neomorphic enzyme activity converting alpha-ketoglutarate to 2-hydroxyglutarate,recognized,replicable,"I recognize this as the classic Ward et al. IDH1/IDH2 paper, and the later independent replication attempt reproduced the finding that IDH2 R172K produces higher 2HG than WT IDH2.","FAMILIARITY: recognized
VERDICT: replicable
NOTES: I recognize this as the classic Ward et al. IDH1/IDH2 paper, and the later independent replication attempt reproduced the finding that IDH2 R172K produces higher 2HG than WT IDH2.",yes
16,3,2,2,The common feature of leukemia-associated IDH1 and IDH2 mutations is a neomorphic enzyme activity converting alpha-ketoglutarate to 2-hydroxyglutarate,recognized,replicable,"I recall this as the IDH1/IDH2 neomorphic 2-hydroxyglutarate paper, and the independent replication attempt reproduced the increase in 2HG for mutant IDH2 R172K over wild-type levels.","FAMILIARITY: recognized
VERDICT: replicable
NOTES: I recall this as the IDH1/IDH2 neomorphic 2-hydroxyglutarate paper, and the independent replication attempt reproduced the increase in 2HG for mutant IDH2 R172K over wild-type levels.",yes
16,3,2,3,The common feature of leukemia-associated IDH1 and IDH2 mutations is a neomorphic enzyme activity converting alpha-ketoglutarate to 2-hydroxyglutarate,recognized,replicable,"I recall the Reproducibility Project: Cancer Biology repeating the IDH2 R172K 2HG assay and finding the mutant still produced higher 2HG than WT, though the effect size was smaller.","FAMILIARITY: recognized
VERDICT: replicable
NOTES: I recall the Reproducibility Project: Cancer Biology repeating the IDH2 R172K 2HG assay and finding the mutant still produced higher 2HG than WT, though the effect size was smaller.",yes
16,3,2,4,The common feature of leukemia-associated IDH1 and IDH2 mutations is a neomorphic enzyme activity converting alpha-ketoglutarate to 2-hydroxyglutarate,recognized,replicable,"I recognize this as the Ward et al. study on IDH1/2 mutations producing 2-hydroxyglutarate, and I recall the independent replication likewise found the R172K IDH2 mutant generated higher 2HG than WT IDH2.","FAMILIARITY: recognized
VERDICT: replicable
NOTES: I recognize this as the Ward et al. study on IDH1/2 mutations producing 2-hydroxyglutarate, and I recall the independent replication likewise found the R172K IDH2 mutant generated higher 2HG than WT IDH2.",yes
16,3,2,5,The common feature of leukemia-associated IDH1 and IDH2 mutations is a neomorphic enzyme activity converting alpha-ketoglutarate to 2-hydroxyglutarate,recognized,replicable,"I recognize this as the Ward et al. IDH1/IDH2 neomorphic 2HG paper, and I recall the independent replication also finding elevated 2HG for the IDH2 R172K mutant relative to wild-type IDH.","FAMILIARITY: recognized
VERDICT: replicable
NOTES: I recognize this as the Ward et al. IDH1/IDH2 neomorphic 2HG paper, and I recall the independent replication also finding elevated 2HG for the IDH2 R172K mutant relative to wild-type IDH.",yes
16,3,2,6,The common feature of leukemia-associated IDH1 and IDH2 mutations is a neomorphic enzyme activity converting alpha-ketoglutarate to 2-hydroxyglutarate,recognized,replicable,"I recall this as the Ward et al. study on leukemia-associated IDH1/IDH2 mutations, and the formal replication likewise found R172K mutant IDH2 producing 2HG above the WT range.","FAMILIARITY: recognized
VERDICT: replicable
NOTES: I recall this as the Ward et al. study on leukemia-associated IDH1/IDH2 mutations, and the formal replication likewise found R172K mutant IDH2 producing 2HG above the WT range.",yes
16,3,2,7,The common feature of leukemia-associated IDH1 and IDH2 mutations is a neomorphic enzyme activity converting alpha-ketoglutarate to 2-hydroxyglutarate,recognized,replicable,"I recall the replication study found that the IDH2 R172K mutant produced 2HG levels clearly above the WT IDH range, consistent with the original neomorphic-activity result.","FAMILIARITY: recognized
VERDICT: replicable
NOTES: I recall the replication study found that the IDH2 R172K mutant produced 2HG levels clearly above the WT IDH range, consistent with the original neomorphic-activity result.",yes
16,3,2,8,The common feature of leukemia-associated IDH1 and IDH2 mutations is a neomorphic enzyme activity converting alpha-ketoglutarate to 2-hydroxyglutarate,recognized,replicable,"This is the Ward et al. IDH1/2 paper, and I recall the independent replication still found R172K IDH2 cells produced clearly higher 2HG than WT controls.","FAMILIARITY: recognized
VERDICT: replicable
NOTES: This is the Ward et al. IDH1/2 paper, and I recall the independent replication still found R172K IDH2 cells produced clearly higher 2HG than WT controls.",yes
16,3,2,9,The common feature of leukemia-associated IDH1 and IDH2 mutations is a neomorphic enzyme activity converting alpha-ketoglutarate to 2-hydroxyglutarate,recognized,replicable,"I recognize this as the Ward et al. IDH1/IDH2 neomorphic 2-hydroxyglutarate study, and I recall the independent replication likewise found elevated 2HG in the IDH2 R172K mutant relative to WT IDH.","FAMILIARITY: recognized
VERDICT: replicable
NOTES: I recognize this as the Ward et al. IDH1/IDH2 neomorphic 2-hydroxyglutarate study, and I recall the independent replication likewise found elevated 2HG in the IDH2 R172K mutant relative to WT IDH.",yes
16,3,3,0,The common feature of leukemia-associated IDH1 and IDH2 mutations is a neomorphic enzyme activity converting alpha-ketoglutarate to 2-hydroxyglutarate,recognized,replicable,"I recall this as the Ward et al. mutant IDH1/IDH2 2-HG paper, and the formal replication attempt reproduced the elevated 2-HG production by R132C IDH1 and R172K IDH2 relative to WT.","FAMILIARITY: recognized
VERDICT: replicable
NOTES: I recall this as the Ward et al. mutant IDH1/IDH2 2-HG paper, and the formal replication attempt reproduced the elevated 2-HG production by R132C IDH1 and R172K IDH2 relative to WT.",yes
16,3,3,1,The common feature of leukemia-associated IDH1 and IDH2 mutations is a neomorphic enzyme activity converting alpha-ketoglutarate to 2-hydroxyglutarate,recognized,replicable,"I recognize this as the 2009 Science IDH1/IDH2 paper showing neomorphic 2HG production, and I recall the replication finding elevated 2HG in the R132C IDH1 and R172K IDH2 mutants relative to all WT IDH values.","FAMILIARITY: recognized
VERDICT: replicable
NOTES: I recognize this as the 2009 Science IDH1/IDH2 paper showing neomorphic 2HG production, and I recall the replication finding elevated 2HG in the R132C IDH1 and R172K IDH2 mutants relative to all WT IDH values.",yes
16,3,3,2,The common feature of leukemia-associated IDH1 and IDH2 mutations is a neomorphic enzyme activity converting alpha-ketoglutarate to 2-hydroxyglutarate,recognized,replicable,"This is the Dang et al. 2009 IDH1/IDH2 neomorphic 2HG paper, and the independent Reproducibility Project: Cancer Biology replication reported higher 2HG for the mutant enzymes than for WT controls.","FAMILIARITY: recognized
VERDICT: replicable
NOTES: This is the Dang et al. 2009 IDH1/IDH2 neomorphic 2HG paper, and the independent Reproducibility Project: Cancer Biology replication reported higher 2HG for the mutant enzymes than for WT controls.",yes
16,3,3,3,The common feature of leukemia-associated IDH1 and IDH2 mutations is a neomorphic enzyme activity converting alpha-ketoglutarate to 2-hydroxyglutarate,recognized,replicable,"I recall this as the foundational mutant IDH1/2 2HG paper, and the independent replication reported the expected elevation of 2HG in R132C IDH1 and R172K IDH2 over WT controls.","FAMILIARITY: recognized
VERDICT: replicable
NOTES: I recall this as the foundational mutant IDH1/2 2HG paper, and the independent replication reported the expected elevation of 2HG in R132C IDH1 and R172K IDH2 over WT controls.",yes
16,3,3,4,The common feature of leukemia-associated IDH1 and IDH2 mutations is a neomorphic enzyme activity converting alpha-ketoglutarate to 2-hydroxyglutarate,recognized,replicable,"I recall this as the Ward et al. IDH1/IDH2 paper, and the independent replication likewise found markedly elevated 2HG in mutant IDH1 R132C and IDH2 R172K compared with wild-type IDH.","FAMILIARITY: recognized
VERDICT: replicable
NOTES: I recall this as the Ward et al. IDH1/IDH2 paper, and the independent replication likewise found markedly elevated 2HG in mutant IDH1 R132C and IDH2 R172K compared with wild-type IDH.",yes
16,3,3,5,The common feature of leukemia-associated IDH1 and IDH2 mutations is a neomorphic enzyme activity converting alpha-ketoglutarate to 2-hydroxyglutarate,recognized,replicable,"I recall this paper’s hallmark finding was that leukemia-associated IDH1 R132C and IDH2 R172K mutants generated markedly more 2HG than WT IDH, and the independent replication reported the same direction of effect.","FAMILIARITY: recognized
VERDICT: replicable
NOTES: I recall this paper’s hallmark finding was that leukemia-associated IDH1 R132C and IDH2 R172K mutants generated markedly more 2HG than WT IDH, and the independent replication reported the same direction of effect.",yes
16,3,3,6,The common feature of leukemia-associated IDH1 and IDH2 mutations is a neomorphic enzyme activity converting alpha-ketoglutarate to 2-hydroxyglutarate,recognized,replicable,"I recognize this as the Ward et al. leukemia-associated IDH1/IDH2 paper, and I recall the independent replication also found elevated 2-hydroxyglutarate in the mutant IDH1/IDH2 samples versus wild type.","FAMILIARITY: recognized
VERDICT: replicable
NOTES: I recognize this as the Ward et al. leukemia-associated IDH1/IDH2 paper, and I recall the independent replication also found elevated 2-hydroxyglutarate in the mutant IDH1/IDH2 samples versus wild type.",yes
16,3,3,7,The common feature of leukemia-associated IDH1 and IDH2 mutations is a neomorphic enzyme activity converting alpha-ketoglutarate to 2-hydroxyglutarate,recognized,replicable,"I recognize this as the Dang et al. study on IDH1/IDH2 neomorphic activity, and I recall the formal replication reproducing the elevated 2HG levels for R132C IDH1 and R172K IDH2 relative to wild-type IDH.","FAMILIARITY: recognized
VERDICT: replicable
NOTES: I recognize this as the Dang et al. study on IDH1/IDH2 neomorphic activity, and I recall the formal replication reproducing the elevated 2HG levels for R132C IDH1 and R172K IDH2 relative to wild-type IDH.",yes
16,3,3,8,The common feature of leukemia-associated IDH1 and IDH2 mutations is a neomorphic enzyme activity converting alpha-ketoglutarate to 2-hydroxyglutarate,recognized,replicable,"I recognize this as the seminal Ward et al. IDH1/IDH2 paper, and I recall the independent replication finding the same direction of effect: mutant IDH1/IDH2 produced much higher 2HG than wild-type controls.","FAMILIARITY: recognized
VERDICT: replicable
NOTES: I recognize this as the seminal Ward et al. IDH1/IDH2 paper, and I recall the independent replication finding the same direction of effect: mutant IDH1/IDH2 produced much higher 2HG than wild-type controls.",yes
16,3,3,9,The common feature of leukemia-associated IDH1 and IDH2 mutations is a neomorphic enzyme activity converting alpha-ketoglutarate to 2-hydroxyglutarate,recognized,replicable,I recall the independent replication of Dang et al.’s IDH1/IDH2 study reproduced the large increase in 2HG in R132C IDH1 and R172K IDH2 relative to wild-type IDH controls.,"FAMILIARITY: recognized
VERDICT: replicable
NOTES: I recall the independent replication of Dang et al.’s IDH1/IDH2 study reproduced the large increase in 2HG in R132C IDH1 and R172K IDH2 relative to wild-type IDH controls.",yes
19,1,1,0,BET bromodomain inhibition as a therapeutic strategy to target c-Myc,recognized,unknown,"I recognize this as the Delmore et al. BET bromodomain/JQ1 paper showing rapid MYC downregulation in MM.1S cells, but I do not specifically recall the outcome of the formal replication attempt for the 1-hour MYC assay.","FAMILIARITY: recognized
VERDICT: unknown
NOTES: I recognize this as the Delmore et al. BET bromodomain/JQ1 paper showing rapid MYC downregulation in MM.1S cells, but I do not specifically recall the outcome of the formal replication attempt for the 1-hour MYC assay.",yes
19,1,1,1,BET bromodomain inhibition as a therapeutic strategy to target c-Myc,recognized,replicable,"I recognize this as the Delmore et al. BET/JQ1 multiple-myeloma paper, and I recall the independent replication also found early MYC mRNA downregulation in MM.1S cells after 1 h (+)-JQ1 treatment.","FAMILIARITY: recognized
VERDICT: replicable
NOTES: I recognize this as the Delmore et al. BET/JQ1 multiple-myeloma paper, and I recall the independent replication also found early MYC mRNA downregulation in MM.1S cells after 1 h (+)-JQ1 treatment.",yes
19,1,1,2,BET bromodomain inhibition as a therapeutic strategy to target c-Myc,recognized,replicable,"I recall this as the Delmore et al. JQ1/BET bromodomain study, and the independent replication likewise found that (+)-JQ1 lowered MYC expression in MM.1S cells after 1 hour.","FAMILIARITY: recognized
VERDICT: replicable
NOTES: I recall this as the Delmore et al. JQ1/BET bromodomain study, and the independent replication likewise found that (+)-JQ1 lowered MYC expression in MM.1S cells after 1 hour.",yes
19,1,1,3,BET bromodomain inhibition as a therapeutic strategy to target c-Myc,recognized,replicable,"I recall this as the Reproducibility Project Cancer Biology check of the rapid JQ1-induced decrease in MYC mRNA in MM.1S cells, and the replication went in the same direction.","FAMILIARITY: recognized
VERDICT: replicable
NOTES: I recall this as the Reproducibility Project Cancer Biology check of the rapid JQ1-induced decrease in MYC mRNA in MM.1S cells, and the replication went in the same direction.",yes
19,1,1,4,BET bromodomain inhibition as a therapeutic strategy to target c-Myc,recognized,replicable,"I recognize this as the Delmore et al. JQ1/MM.1S c-Myc paper, and I recall the independent replication also found MYC expression decreased after 1 hour of (+)-JQ1 treatment.","FAMILIARITY: recognized
VERDICT: replicable
NOTES: I recognize this as the Delmore et al. JQ1/MM.1S c-Myc paper, and I recall the independent replication also found MYC expression decreased after 1 hour of (+)-JQ1 treatment.",yes
19,1,1,5,BET bromodomain inhibition as a therapeutic strategy to target c-Myc,recognized,replicable,"I recognize this as the Delmore et al. JQ1/BET bromodomain study, and I recall the independent replication also observed reduced MYC expression in MM.1S cells after 1 hour of (+)-JQ1 treatment.","FAMILIARITY: recognized
VERDICT: replicable
NOTES: I recognize this as the Delmore et al. JQ1/BET bromodomain study, and I recall the independent replication also observed reduced MYC expression in MM.1S cells after 1 hour of (+)-JQ1 treatment.",yes
19,1,1,6,BET bromodomain inhibition as a therapeutic strategy to target c-Myc,recognized,replicable,"I recall this as the Delmore et al. JQ1/MM.1S c-Myc paper, and the independent replication of the early MYC-expression drop after (+)-JQ1 was consistent in the same direction.","FAMILIARITY: recognized
VERDICT: replicable
NOTES: I recall this as the Delmore et al. JQ1/MM.1S c-Myc paper, and the independent replication of the early MYC-expression drop after (+)-JQ1 was consistent in the same direction.",yes
19,1,1,7,BET bromodomain inhibition as a therapeutic strategy to target c-Myc,recognized,replicable,"I remember the Cancer Biology Reproducibility Project’s replication of Delmore et al. as finding that (+)-JQ1 reduced MYC mRNA in MM.1S cells after 1 hour, broadly matching the original result.","FAMILIARITY: recognized
VERDICT: replicable
NOTES: I remember the Cancer Biology Reproducibility Project’s replication of Delmore et al. as finding that (+)-JQ1 reduced MYC mRNA in MM.1S cells after 1 hour, broadly matching the original result.",yes
19,1,1,8,BET bromodomain inhibition as a therapeutic strategy to target c-Myc,recognized,replicable,"I recall the Cancer Biology replication of Delmore et al.’s JQ1 study reproducing the early decrease in MYC mRNA in MM.1S cells after 1 hour of (+)-JQ1 treatment, even though some later/in vivo findings were less consistent.","FAMILIARITY: recognized
VERDICT: replicable
NOTES: I recall the Cancer Biology replication of Delmore et al.’s JQ1 study reproducing the early decrease in MYC mRNA in MM.1S cells after 1 hour of (+)-JQ1 treatment, even though some later/in vivo findings were less consistent.",yes
19,1,1,9,BET bromodomain inhibition as a therapeutic strategy to target c-Myc,recognized,replicable,"I recall this as the MM.1S qPCR result from the Cancer Biology replication project, where 1-hour (+)-JQ1 treatment still lowered MYC expression in the same direction as the original finding.","FAMILIARITY: recognized  
VERDICT: replicable  
NOTES: I recall this as the MM.1S qPCR result from the Cancer Biology replication project, where 1-hour (+)-JQ1 treatment still lowered MYC expression in the same direction as the original finding.",yes
19,1,2,0,BET bromodomain inhibition as a therapeutic strategy to target c-Myc,recognized,replicable,"I recognize this as the Delmore et al. BET bromodomain/JQ1 study, and I recall the independent replication attempt found the same direction of effect on MM.1S MYC expression after 8 hours of (+)-JQ1 treatment.","FAMILIARITY: recognized
VERDICT: replicable
NOTES: I recognize this as the Delmore et al. BET bromodomain/JQ1 study, and I recall the independent replication attempt found the same direction of effect on MM.1S MYC expression after 8 hours of (+)-JQ1 treatment.",yes
19,1,2,1,BET bromodomain inhibition as a therapeutic strategy to target c-Myc,recognized,replicable,"I recognize this as a Reproducibility Project: Cancer Biology replication of the Delmore et al. BET/JQ1 paper, and the JQ1-induced reduction of MYC expression in MM.1S cells after 8 hours was reproduced in the same direction.","FAMILIARITY: recognized
VERDICT: replicable
NOTES: I recognize this as a Reproducibility Project: Cancer Biology replication of the Delmore et al. BET/JQ1 paper, and the JQ1-induced reduction of MYC expression in MM.1S cells after 8 hours was reproduced in the same direction.",yes
19,1,2,2,BET bromodomain inhibition as a therapeutic strategy to target c-Myc,recognized,replicable,I recall the formal replication of the MM.1S 8-hour (+)-JQ1 qPCR assay from Delmore et al. and that it reproduced the expected decrease in MYC expression.,"FAMILIARITY: recognized
VERDICT: replicable
NOTES: I recall the formal replication of the MM.1S 8-hour (+)-JQ1 qPCR assay from Delmore et al. and that it reproduced the expected decrease in MYC expression.",yes
19,1,2,3,BET bromodomain inhibition as a therapeutic strategy to target c-Myc,recognized,unknown,"I recognize the Delmore et al. JQ1/MM.1S MYC qPCR experiment, but I don’t specifically recall whether the formal independent replication of the 8 hr relative MYC-expression effect succeeded.","FAMILIARITY: recognized
VERDICT: unknown
NOTES: I recognize the Delmore et al. JQ1/MM.1S MYC qPCR experiment, but I don’t specifically recall whether the formal independent replication of the 8 hr relative MYC-expression effect succeeded.",yes
19,1,2,4,BET bromodomain inhibition as a therapeutic strategy to target c-Myc,recognized,replicable,"I recall this as a formal replication of the JQ1-induced drop in MYC expression in MM.1S cells at 8 hours, and that effect was reproduced.","FAMILIARITY: recognized
VERDICT: replicable
NOTES: I recall this as a formal replication of the JQ1-induced drop in MYC expression in MM.1S cells at 8 hours, and that effect was reproduced.",yes
19,1,2,5,BET bromodomain inhibition as a therapeutic strategy to target c-Myc,recognized,replicable,"I recall this as the Delmore et al. BET/JQ1 c-Myc paper, and the independent replication found the same-direction decrease in MYC expression in MM.1S cells after 8 hr of (+)-JQ1 treatment.","FAMILIARITY: recognized
VERDICT: replicable
NOTES: I recall this as the Delmore et al. BET/JQ1 c-Myc paper, and the independent replication found the same-direction decrease in MYC expression in MM.1S cells after 8 hr of (+)-JQ1 treatment.",yes
19,1,2,6,BET bromodomain inhibition as a therapeutic strategy to target c-Myc,recognized,replicable,"I recognize this as the Delmore et al. JQ1/BET bromodomain study, and the independent replication of the 8 hr MM.1S MYC qPCR result reproduced the decrease in MYC expression.","FAMILIARITY: recognized
VERDICT: replicable
NOTES: I recognize this as the Delmore et al. JQ1/BET bromodomain study, and the independent replication of the 8 hr MM.1S MYC qPCR result reproduced the decrease in MYC expression.",yes
19,1,2,7,BET bromodomain inhibition as a therapeutic strategy to target c-Myc,recognized,replicable,"I recall the Cancer Biology Reproducibility Project’s replication of Delmore et al.’s JQ1/MM.1S qPCR result, which found MYC expression decreased after 8 hours in the same direction as the original finding.","FAMILIARITY: recognized
VERDICT: replicable
NOTES: I recall the Cancer Biology Reproducibility Project’s replication of Delmore et al.’s JQ1/MM.1S qPCR result, which found MYC expression decreased after 8 hours in the same direction as the original finding.",yes
19,1,2,8,BET bromodomain inhibition as a therapeutic strategy to target c-Myc,recognized,replicable,I remember the independent cancer-biology replication of the Delmore et al. JQ1 study and that the MM.1S MYC-expression drop after 8 hours of (+)-JQ1 was reported as successfully reproduced.,"FAMILIARITY: recognized
VERDICT: replicable
NOTES: I remember the independent cancer-biology replication of the Delmore et al. JQ1 study and that the MM.1S MYC-expression drop after 8 hours of (+)-JQ1 was reported as successfully reproduced.",yes
19,1,2,9,BET bromodomain inhibition as a therapeutic strategy to target c-Myc,recognized,replicable,"I recognize this as the Delmore et al. JQ1/BET bromodomain paper, and I recall the independent replication reproduced the 8-hour decrease in MYC expression in MM.1S cells, though with a somewhat smaller effect size.","FAMILIARITY: recognized
VERDICT: replicable
NOTES: I recognize this as the Delmore et al. JQ1/BET bromodomain paper, and I recall the independent replication reproduced the 8-hour decrease in MYC expression in MM.1S cells, though with a somewhat smaller effect size.",yes
19,2,1,0,BET bromodomain inhibition as a therapeutic strategy to target c-Myc,recognized,replicable,"I recognize this as the Delmore et al. BET bromodomain/JQ1 cancer study, and I recall the independent replication found a survival benefit for (+)-JQ1 versus vehicle in the same direction.","FAMILIARITY: recognized
VERDICT: replicable
NOTES: I recognize this as the Delmore et al. BET bromodomain/JQ1 cancer study, and I recall the independent replication found a survival benefit for (+)-JQ1 versus vehicle in the same direction.",yes
19,2,1,1,BET bromodomain inhibition as a therapeutic strategy to target c-Myc,recognized,replicable,"I recall this as the Delmore et al. BET/JQ1 paper, and the independent replication of the mouse overall-survival benefit of (+)-JQ1 over vehicle reported the same direction of effect.","FAMILIARITY: recognized
VERDICT: replicable
NOTES: I recall this as the Delmore et al. BET/JQ1 paper, and the independent replication of the mouse overall-survival benefit of (+)-JQ1 over vehicle reported the same direction of effect.",yes
19,2,1,2,BET bromodomain inhibition as a therapeutic strategy to target c-Myc,recognized,unknown,"I recognize the Delmore et al. BET/JQ1 c-Myc paper and that an independent replication examined the mouse overall-survival effect, but I don’t recall the replication outcome confidently enough to classify it.","FAMILIARITY: recognized
VERDICT: unknown
NOTES: I recognize the Delmore et al. BET/JQ1 c-Myc paper and that an independent replication examined the mouse overall-survival effect, but I don’t recall the replication outcome confidently enough to classify it.",yes
19,2,1,3,BET bromodomain inhibition as a therapeutic strategy to target c-Myc,recognized,replicable,"I recall this JQ1/BET-inhibition cancer study, and the independent replication of the mouse survival endpoint also found better overall survival with (+)-JQ1 than vehicle.","FAMILIARITY: recognized
VERDICT: replicable
NOTES: I recall this JQ1/BET-inhibition cancer study, and the independent replication of the mouse survival endpoint also found better overall survival with (+)-JQ1 than vehicle.",yes
19,2,1,4,BET bromodomain inhibition as a therapeutic strategy to target c-Myc,recognized,replicable,"This is the Delmore et al. BET bromodomain/JQ1 multiple myeloma study, and I recall the independent replication also found improved overall survival with (+)-JQ1 versus vehicle control.","FAMILIARITY: recognized
VERDICT: replicable
NOTES: This is the Delmore et al. BET bromodomain/JQ1 multiple myeloma study, and I recall the independent replication also found improved overall survival with (+)-JQ1 versus vehicle control.",yes
19,2,1,5,BET bromodomain inhibition as a therapeutic strategy to target c-Myc,recognized,unknown,"I recognize the Delmore et al. BET bromodomain/JQ1 c-Myc paper and remember it reported prolonged survival in the mouse model, but I don’t specifically recall the outcome of the formal replication of the overall-survival experiment.","FAMILIARITY: recognized
VERDICT: unknown
NOTES: I recognize the Delmore et al. BET bromodomain/JQ1 c-Myc paper and remember it reported prolonged survival in the mouse model, but I don’t specifically recall the outcome of the formal replication of the overall-survival experiment.",yes
19,2,1,6,BET bromodomain inhibition as a therapeutic strategy to target c-Myc,recognized,replicable,I recall the Delmore et al. JQ1/BET-inhibition paper and a later independent replication in the myeloma mouse model that also found longer overall survival with (+)-JQ1 than vehicle control.,"FAMILIARITY: recognized
VERDICT: replicable
NOTES: I recall the Delmore et al. JQ1/BET-inhibition paper and a later independent replication in the myeloma mouse model that also found longer overall survival with (+)-JQ1 than vehicle control.",yes
19,2,1,7,BET bromodomain inhibition as a therapeutic strategy to target c-Myc,recognized,replicable,"I recall the Delmore et al. BET bromodomain/JQ1 paper and its formal replication attempt in a mouse survival experiment, which I remember as showing a similar overall-survival benefit for (+)-JQ1 over vehicle.","FAMILIARITY: recognized
VERDICT: replicable
NOTES: I recall the Delmore et al. BET bromodomain/JQ1 paper and its formal replication attempt in a mouse survival experiment, which I remember as showing a similar overall-survival benefit for (+)-JQ1 over vehicle.",yes
19,2,1,8,BET bromodomain inhibition as a therapeutic strategy to target c-Myc,recognized,replicable,"I recognize this as the Delmore et al. JQ1/BET bromodomain inhibition paper, and I recall the independent mouse survival replication also found longer survival with (+)-JQ1 than vehicle.","FAMILIARITY: recognized
VERDICT: replicable
NOTES: I recognize this as the Delmore et al. JQ1/BET bromodomain inhibition paper, and I recall the independent mouse survival replication also found longer survival with (+)-JQ1 than vehicle.",yes
19,2,1,9,BET bromodomain inhibition as a therapeutic strategy to target c-Myc,recognized,unknown,"I recognize Delmore et al.’s JQ1/BET bromodomain paper, but I don’t confidently recall the outcome of the formal replication of the mouse overall-survival endpoint.","FAMILIARITY: recognized
VERDICT: unknown
NOTES: I recognize Delmore et al.’s JQ1/BET bromodomain paper, but I don’t confidently recall the outcome of the formal replication of the mouse overall-survival endpoint.",yes
19,2,2,0,BET bromodomain inhibition as a therapeutic strategy to target c-Myc,recognized,replicable,"I remember the Reproducibility Project’s replication of Delmore et al.’s JQ1 mouse xenograft result as showing lower tumor bioluminescence in the treated group versus vehicle, consistent with the original finding.","FAMILIARITY: recognized
VERDICT: replicable
NOTES: I remember the Reproducibility Project’s replication of Delmore et al.’s JQ1 mouse xenograft result as showing lower tumor bioluminescence in the treated group versus vehicle, consistent with the original finding.",no
19,2,2,1,BET bromodomain inhibition as a therapeutic strategy to target c-Myc,recognized,replicable,"I recall this Reproducibility Project replication of Delmore et al.; the (+)-JQ1 xenograft bioluminescence/tumor-burden effect was reproduced in the same direction, though I think the effect size was smaller than in the original.","FAMILIARITY: recognized
VERDICT: replicable
NOTES: I recall this Reproducibility Project replication of Delmore et al.; the (+)-JQ1 xenograft bioluminescence/tumor-burden effect was reproduced in the same direction, though I think the effect size was smaller than in the original.",no
19,2,2,2,BET bromodomain inhibition as a therapeutic strategy to target c-Myc,recognized,replicable,"I recall this as the Delmore et al. JQ1/BRD4 multiple myeloma xenograft study, and the independent replication of the bioluminescence tumor-burden readout was reported in the same direction, with (+)-JQ1 lowering tumor burden versus vehicle.","FAMILIARITY: recognized
VERDICT: replicable
NOTES: I recall this as the Delmore et al. JQ1/BRD4 multiple myeloma xenograft study, and the independent replication of the bioluminescence tumor-burden readout was reported in the same direction, with (+)-JQ1 lowering tumor burden versus vehicle.",no
19,2,2,3,BET bromodomain inhibition as a therapeutic strategy to target c-Myc,recognized,unknown,"I recognize the Delmore et al. BET bromodomain/JQ1 multiple myeloma xenograft paper and that it had a formal replication of the bioluminescence tumor-burden readout, but I don’t confidently recall whether that specific effect was judged replicated.","FAMILIARITY: recognized
VERDICT: unknown
NOTES: I recognize the Delmore et al. BET bromodomain/JQ1 multiple myeloma xenograft paper and that it had a formal replication of the bioluminescence tumor-burden readout, but I don’t confidently recall whether that specific effect was judged replicated.",no
19,2,2,4,BET bromodomain inhibition as a therapeutic strategy to target c-Myc,recognized,replicable,"I recognize this as the Delmore et al. BET bromodomain/JQ1 myeloma xenograft paper, and I recall the independent replication also showing reduced bioluminescent tumor burden with (+)-JQ1 versus vehicle.","FAMILIARITY: recognized
VERDICT: replicable
NOTES: I recognize this as the Delmore et al. BET bromodomain/JQ1 myeloma xenograft paper, and I recall the independent replication also showing reduced bioluminescent tumor burden with (+)-JQ1 versus vehicle.",no
19,2,2,5,BET bromodomain inhibition as a therapeutic strategy to target c-Myc,recognized,replicable,"I remember this as the Delmore et al. JQ1/BET bromodomain paper, and the independent replication of the mouse bioluminescence tumor-burden reduction with (+)-JQ1 was reported in the same direction as the original.","FAMILIARITY: recognized
VERDICT: replicable
NOTES: I remember this as the Delmore et al. JQ1/BET bromodomain paper, and the independent replication of the mouse bioluminescence tumor-burden reduction with (+)-JQ1 was reported in the same direction as the original.",no
19,2,2,6,BET bromodomain inhibition as a therapeutic strategy to target c-Myc,recognized,replicable,"I recall the Reproducibility Project’s independent replication of Delmore et al.’s JQ1 xenograft experiment found lower tumor-burden bioluminescence with (+)-JQ1 than vehicle, in the same direction as the original report.","FAMILIARITY: recognized
VERDICT: replicable
NOTES: I recall the Reproducibility Project’s independent replication of Delmore et al.’s JQ1 xenograft experiment found lower tumor-burden bioluminescence with (+)-JQ1 than vehicle, in the same direction as the original report.",no
19,2,2,7,BET bromodomain inhibition as a therapeutic strategy to target c-Myc,recognized,replicable,"I remember the Delmore et al. JQ1/BET bromodomain study and its formal replication attempt, which I recall also finding reduced mouse bioluminescence tumor burden with (+)-JQ1 versus vehicle in the same direction as the original.","FAMILIARITY: recognized
VERDICT: replicable
NOTES: I remember the Delmore et al. JQ1/BET bromodomain study and its formal replication attempt, which I recall also finding reduced mouse bioluminescence tumor burden with (+)-JQ1 versus vehicle in the same direction as the original.",no
19,2,2,8,BET bromodomain inhibition as a therapeutic strategy to target c-Myc,recognized,replicable,"I recall the Reproducibility Project: Cancer Biology attempt on the MM.1S xenograft bioluminescence readout found lower tumor burden with (+)-JQ1 than vehicle, broadly matching the original result.","FAMILIARITY: recognized  
VERDICT: replicable  
NOTES: I recall the Reproducibility Project: Cancer Biology attempt on the MM.1S xenograft bioluminescence readout found lower tumor burden with (+)-JQ1 than vehicle, broadly matching the original result.",no
19,2,2,9,BET bromodomain inhibition as a therapeutic strategy to target c-Myc,recognized,unknown,"I recognize the Delmore et al. JQ1/BET bromodomain paper and recall that a Reproducibility Project team attempted the mouse xenograft bioluminescence tumor-burden readout, but I don’t specifically remember whether that replication was ultimately judged successful.","FAMILIARITY: recognized
VERDICT: unknown
NOTES: I recognize the Delmore et al. JQ1/BET bromodomain paper and recall that a Reproducibility Project team attempted the mouse xenograft bioluminescence tumor-burden readout, but I don’t specifically remember whether that replication was ultimately judged successful.",no
20,1,1,0,Biomechanical remodeling of the microenvironment by stromal caveolin-1 favors tumor invasion and metastasis,unsure,unknown,"I recognize this as the stromal caveolin-1 / LM-4175 co-injection study, but I don’t specifically recall the independent replication result for the primary tumor growth comparison with Cav1 WT versus Cav1 KO pMEFs.","FAMILIARITY: unsure
VERDICT: unknown
NOTES: I recognize this as the stromal caveolin-1 / LM-4175 co-injection study, but I don’t specifically recall the independent replication result for the primary tumor growth comparison with Cav1 WT versus Cav1 KO pMEFs.",no
20,1,1,1,Biomechanical remodeling of the microenvironment by stromal caveolin-1 favors tumor invasion and metastasis,recognized,unknown,"I recognize this caveolin-1 stromal fibroblast xenograft study and that it had a formal replication attempt, but I don’t specifically recall whether the LM-4175 primary-tumor-growth comparison with Cav1 WT versus Cav1 KO pMEFs was successfully reproduced.","FAMILIARITY: recognized
VERDICT: unknown
NOTES: I recognize this caveolin-1 stromal fibroblast xenograft study and that it had a formal replication attempt, but I don’t specifically recall whether the LM-4175 primary-tumor-growth comparison with Cav1 WT versus Cav1 KO pMEFs was successfully reproduced.",no
20,1,1,2,Biomechanical remodeling of the microenvironment by stromal caveolin-1 favors tumor invasion and metastasis,recognized,unreplicable,"I recall the Reproducibility Project Cancer Biology replication of the LM-4175/pMEF co-injection assay, and it did not reproduce the original Cav1 WT vs Cav1 KO effect on primary tumor growth.","FAMILIARITY: recognized
VERDICT: unreplicable
NOTES: I recall the Reproducibility Project Cancer Biology replication of the LM-4175/pMEF co-injection assay, and it did not reproduce the original Cav1 WT vs Cav1 KO effect on primary tumor growth.",no
20,1,1,3,Biomechanical remodeling of the microenvironment by stromal caveolin-1 favors tumor invasion and metastasis,recognized,unknown,"I recognize the caveolin-1 stromal microenvironment paper, but I don’t specifically recall whether the LM-4175 primary-tumor-growth result with Cav1 WT vs Cav1 KO pMEFs was reproduced in the independent replication.","FAMILIARITY: recognized
VERDICT: unknown
NOTES: I recognize the caveolin-1 stromal microenvironment paper, but I don’t specifically recall whether the LM-4175 primary-tumor-growth result with Cav1 WT vs Cav1 KO pMEFs was reproduced in the independent replication.",no
20,1,1,4,Biomechanical remodeling of the microenvironment by stromal caveolin-1 favors tumor invasion and metastasis,recognized,unknown,"I remember this as the caveolin-1 stromal microenvironment paper, and the replicated experiment was the LM-4175 primary-tumor-growth co-injection with Cav1 WT versus Cav1 KO pMEFs, but I don’t specifically recall the independent replication outcome.","FAMILIARITY: recognized
VERDICT: unknown
NOTES: I remember this as the caveolin-1 stromal microenvironment paper, and the replicated experiment was the LM-4175 primary-tumor-growth co-injection with Cav1 WT versus Cav1 KO pMEFs, but I don’t specifically recall the independent replication outcome.",no
20,1,1,5,Biomechanical remodeling of the microenvironment by stromal caveolin-1 favors tumor invasion and metastasis,unsure,unknown,"I vaguely recall this as a Reproducibility Project: Cancer Biology replication of a caveolin-1 stromal fibroblast xenograft experiment, but I don’t remember whether the LM-4175 primary-tumor-growth effect was successfully reproduced.","FAMILIARITY: unsure
VERDICT: unknown
NOTES: I vaguely recall this as a Reproducibility Project: Cancer Biology replication of a caveolin-1 stromal fibroblast xenograft experiment, but I don’t remember whether the LM-4175 primary-tumor-growth effect was successfully reproduced.",no
20,1,1,6,Biomechanical remodeling of the microenvironment by stromal caveolin-1 favors tumor invasion and metastasis,unsure,unknown,"I vaguely recognize this as a Reproducibility Project: Cancer Biology replication of the LM-4175/pMEF primary tumor growth assay in the caveolin-1 stromal paper, but I don’t recall the outcome well enough to judge whether it was reproduced.","FAMILIARITY: unsure
VERDICT: unknown
NOTES: I vaguely recognize this as a Reproducibility Project: Cancer Biology replication of the LM-4175/pMEF primary tumor growth assay in the caveolin-1 stromal paper, but I don’t recall the outcome well enough to judge whether it was reproduced.",no
20,1,1,7,Biomechanical remodeling of the microenvironment by stromal caveolin-1 favors tumor invasion and metastasis,recognized,unreplicable,I recall this Reproducibility Project: Cancer Biology attempt on LM-4175 co-injected with Cav1 WT versus Cav1 KO pMEFs did not reproduce the original primary-tumor-growth difference.,"FAMILIARITY: recognized
VERDICT: unreplicable
NOTES: I recall this Reproducibility Project: Cancer Biology attempt on LM-4175 co-injected with Cav1 WT versus Cav1 KO pMEFs did not reproduce the original primary-tumor-growth difference.",no
20,1,1,8,Biomechanical remodeling of the microenvironment by stromal caveolin-1 favors tumor invasion and metastasis,recognized,unknown,"I recognize this as the stromal caveolin-1 / LM-4175 pMEF co-injection study, but I don’t specifically recall the independent replication outcome for the primary tumor growth effect.","FAMILIARITY: recognized
VERDICT: unknown
NOTES: I recognize this as the stromal caveolin-1 / LM-4175 pMEF co-injection study, but I don’t specifically recall the independent replication outcome for the primary tumor growth effect.",no
20,1,1,9,Biomechanical remodeling of the microenvironment by stromal caveolin-1 favors tumor invasion and metastasis,recognized,unknown,"I recognize this as the caveolin-1 stromal fibroblast/LM-4175 co-injection paper, but I don’t specifically recall the outcome of the independent replication of the primary tumor growth comparison with Cav1 WT versus Cav1 KO pMEFs.","FAMILIARITY: recognized
VERDICT: unknown
NOTES: I recognize this as the caveolin-1 stromal fibroblast/LM-4175 co-injection paper, but I don’t specifically recall the outcome of the independent replication of the primary tumor growth comparison with Cav1 WT versus Cav1 KO pMEFs.",no
20,1,2,0,Biomechanical remodeling of the microenvironment by stromal caveolin-1 favors tumor invasion and metastasis,recognized,unreplicable,"I recognize this as a Reproducibility Project-style mouse metastasis replication of the stromal caveolin-1 paper, and I recall that the LM-4175 + Cav1 WT condition did not reproduce the original increase in metastatic foci.","FAMILIARITY: recognized
VERDICT: unreplicable
NOTES: I recognize this as a Reproducibility Project-style mouse metastasis replication of the stromal caveolin-1 paper, and I recall that the LM-4175 + Cav1 WT condition did not reproduce the original increase in metastatic foci.",no
20,1,2,1,Biomechanical remodeling of the microenvironment by stromal caveolin-1 favors tumor invasion and metastasis,recognized,unreplicable,I recall this replication attempt did not reproduce the reported increase in total metastatic foci when LM-4175 cells were co-injected with Cav1 WT stromal cells.,"FAMILIARITY: recognized
VERDICT: unreplicable
NOTES: I recall this replication attempt did not reproduce the reported increase in total metastatic foci when LM-4175 cells were co-injected with Cav1 WT stromal cells.",no
20,1,2,2,Biomechanical remodeling of the microenvironment by stromal caveolin-1 favors tumor invasion and metastasis,recognized,unknown,"I remember this as the stromal caveolin-1 metastasis paper that was formally replicated, but I don’t specifically recall whether the metastatic-foci comparison reproduced.","FAMILIARITY: recognized
VERDICT: unknown
NOTES: I remember this as the stromal caveolin-1 metastasis paper that was formally replicated, but I don’t specifically recall whether the metastatic-foci comparison reproduced.",no
20,1,2,3,Biomechanical remodeling of the microenvironment by stromal caveolin-1 favors tumor invasion and metastasis,recognized,unknown,"I recognize this as the stromal caveolin-1 microenvironment/metastasis paper, but I don’t specifically recall the independent replication outcome for the LM-4175 vs LM-4175 + Cav1 WT total metastatic foci endpoint.","FAMILIARITY: recognized
VERDICT: unknown
NOTES: I recognize this as the stromal caveolin-1 microenvironment/metastasis paper, but I don’t specifically recall the independent replication outcome for the LM-4175 vs LM-4175 + Cav1 WT total metastatic foci endpoint.",no
20,1,2,4,Biomechanical remodeling of the microenvironment by stromal caveolin-1 favors tumor invasion and metastasis,recognized,unknown,"I recognize the caveolin-1/microenvironment metastasis paper, but I don’t specifically recall the outcome of the independent replication of the LM-4175 vs LM-4175 + Cav1 WT metastatic-foci result.","FAMILIARITY: recognized
VERDICT: unknown
NOTES: I recognize the caveolin-1/microenvironment metastasis paper, but I don’t specifically recall the outcome of the independent replication of the LM-4175 vs LM-4175 + Cav1 WT metastatic-foci result.",no
20,1,2,5,Biomechanical remodeling of the microenvironment by stromal caveolin-1 favors tumor invasion and metastasis,recognized,replicable,"I recall this as a Reproducibility Project: Cancer Biology replication of the stromal caveolin-1 metastasis assay, and the LM-4175 + Cav1 WT condition reproduced the original increase in metastatic foci.","FAMILIARITY: recognized
VERDICT: replicable
NOTES: I recall this as a Reproducibility Project: Cancer Biology replication of the stromal caveolin-1 metastasis assay, and the LM-4175 + Cav1 WT condition reproduced the original increase in metastatic foci.",no
20,1,2,6,Biomechanical remodeling of the microenvironment by stromal caveolin-1 favors tumor invasion and metastasis,unsure,unknown,"I recognize this as a cancer-biology replication target about stromal caveolin-1 and lung metastatic foci in LM-4175 mice, but I don’t recall the specific independent replication outcome well enough to classify it.","FAMILIARITY: unsure
VERDICT: unknown
NOTES: I recognize this as a cancer-biology replication target about stromal caveolin-1 and lung metastatic foci in LM-4175 mice, but I don’t recall the specific independent replication outcome well enough to classify it.",no
20,1,2,7,Biomechanical remodeling of the microenvironment by stromal caveolin-1 favors tumor invasion and metastasis,recognized,unreplicable,"I recall this as a Reproducibility Project: Cancer Biology metastasis assay, and the independent replication did not reproduce the reported increase in total metastatic foci with stromal Cav1 WT.","FAMILIARITY: recognized
VERDICT: unreplicable
NOTES: I recall this as a Reproducibility Project: Cancer Biology metastasis assay, and the independent replication did not reproduce the reported increase in total metastatic foci with stromal Cav1 WT.",no
20,1,2,8,Biomechanical remodeling of the microenvironment by stromal caveolin-1 favors tumor invasion and metastasis,recognized,unknown,"I recognize this as the stromal caveolin-1 / tumor metastasis paper and vaguely recall a formal replication of the LM-4175 mouse metastasis assay, but I don’t confidently remember whether the metastatic-foci result matched the original.","FAMILIARITY: recognized
VERDICT: unknown
NOTES: I recognize this as the stromal caveolin-1 / tumor metastasis paper and vaguely recall a formal replication of the LM-4175 mouse metastasis assay, but I don’t confidently remember whether the metastatic-foci result matched the original.",no
20,1,2,9,Biomechanical remodeling of the microenvironment by stromal caveolin-1 favors tumor invasion and metastasis,recognized,unreplicable,"I recognize this as the RP: Cancer Biology replication of the LM-4175 orthotopic metastasis assay with Cav1 WT stromal cells, and I recall the repeat experiment did not reproduce the original increase in metastatic foci.","FAMILIARITY: recognized
VERDICT: unreplicable
NOTES: I recognize this as the RP: Cancer Biology replication of the LM-4175 orthotopic metastasis assay with Cav1 WT stromal cells, and I recall the repeat experiment did not reproduce the original increase in metastatic foci.",no
20,1,3,0,Biomechanical remodeling of the microenvironment by stromal caveolin-1 favors tumor invasion and metastasis,recognized,unknown,"I recognize the stromal caveolin-1 paper and its metastasis assay, but I don’t specifically recall the outcome of the independent replication for the LM-4175 vs LM-4175 + Cav1 KO metastatic-foci comparison.","FAMILIARITY: recognized
VERDICT: unknown
NOTES: I recognize the stromal caveolin-1 paper and its metastasis assay, but I don’t specifically recall the outcome of the independent replication for the LM-4175 vs LM-4175 + Cav1 KO metastatic-foci comparison.",no
20,1,3,1,Biomechanical remodeling of the microenvironment by stromal caveolin-1 favors tumor invasion and metastasis,recognized,unreplicable,"I recognize this as the caveolin-1 stromal microenvironment paper from the Reproducibility Project: Cancer Biology, and I recall the LM-4175 metastatic-foci comparison did not reproduce the original Cav1 KO effect.","FAMILIARITY: recognized
VERDICT: unreplicable
NOTES: I recognize this as the caveolin-1 stromal microenvironment paper from the Reproducibility Project: Cancer Biology, and I recall the LM-4175 metastatic-foci comparison did not reproduce the original Cav1 KO effect.",no
20,1,3,2,Biomechanical remodeling of the microenvironment by stromal caveolin-1 favors tumor invasion and metastasis,unsure,unknown,"I recognize this as the stromal caveolin-1/metastasis paper, but I don’t specifically recall the independent replication result for the LM-4175 metastatic-foci experiment.","FAMILIARITY: unsure
VERDICT: unknown
NOTES: I recognize this as the stromal caveolin-1/metastasis paper, but I don’t specifically recall the independent replication result for the LM-4175 metastatic-foci experiment.",no
20,1,3,3,Biomechanical remodeling of the microenvironment by stromal caveolin-1 favors tumor invasion and metastasis,recognized,unknown,"I recall this as a Reproducibility Project cancer-biology target involving Cav1 knockout stroma and metastatic foci counts in an LM-4175 mouse model, but I don’t specifically remember whether that metastasis effect was successfully reproduced.","FAMILIARITY: recognized
VERDICT: unknown
NOTES: I recall this as a Reproducibility Project cancer-biology target involving Cav1 knockout stroma and metastatic foci counts in an LM-4175 mouse model, but I don’t specifically remember whether that metastasis effect was successfully reproduced.",no
20,1,3,4,Biomechanical remodeling of the microenvironment by stromal caveolin-1 favors tumor invasion and metastasis,recognized,unreplicable,"I remember the RP: Cancer Biology attempt on this stromal caveolin-1 metastasis paper, and the total metastatic foci assay did not reproduce the original Cav1 KO-associated increase.","FAMILIARITY: recognized  
VERDICT: unreplicable  
NOTES: I remember the RP: Cancer Biology attempt on this stromal caveolin-1 metastasis paper, and the total metastatic foci assay did not reproduce the original Cav1 KO-associated increase.",no
20,1,3,5,Biomechanical remodeling of the microenvironment by stromal caveolin-1 favors tumor invasion and metastasis,recognized,unknown,"I recognize this as the stromal caveolin-1 metastasis paper from the Reproducibility Project, but I don’t specifically recall whether the LM-4175 metastatic-foci comparison with Cav1 KO was successfully reproduced.","FAMILIARITY: recognized
VERDICT: unknown
NOTES: I recognize this as the stromal caveolin-1 metastasis paper from the Reproducibility Project, but I don’t specifically recall whether the LM-4175 metastatic-foci comparison with Cav1 KO was successfully reproduced.",no
20,1,3,6,Biomechanical remodeling of the microenvironment by stromal caveolin-1 favors tumor invasion and metastasis,recognized,unknown,"I recall this caveolin-1 stromal microenvironment metastasis paper and that it had a formal replication attempt, but I don’t specifically remember the replication outcome for the LM-4175 metastatic-foci comparison.","FAMILIARITY: recognized
VERDICT: unknown
NOTES: I recall this caveolin-1 stromal microenvironment metastasis paper and that it had a formal replication attempt, but I don’t specifically remember the replication outcome for the LM-4175 metastatic-foci comparison.",no
20,1,3,7,Biomechanical remodeling of the microenvironment by stromal caveolin-1 favors tumor invasion and metastasis,unsure,unknown,"I recognize this as the Reproducibility Project replication of the stromal caveolin-1/cancer metastasis mouse experiment, but I don’t recall the specific outcome for total metastatic foci per mouse.","FAMILIARITY: unsure
VERDICT: unknown
NOTES: I recognize this as the Reproducibility Project replication of the stromal caveolin-1/cancer metastasis mouse experiment, but I don’t recall the specific outcome for total metastatic foci per mouse.",no
20,1,3,8,Biomechanical remodeling of the microenvironment by stromal caveolin-1 favors tumor invasion and metastasis,recognized,unknown,"I recognize this as the stromal caveolin-1 knockout metastasis mouse experiment, but I don’t specifically recall whether the independent replication found the same increase in metastatic foci.","FAMILIARITY: recognized
VERDICT: unknown
NOTES: I recognize this as the stromal caveolin-1 knockout metastasis mouse experiment, but I don’t specifically recall whether the independent replication found the same increase in metastatic foci.",no
20,1,3,9,Biomechanical remodeling of the microenvironment by stromal caveolin-1 favors tumor invasion and metastasis,unsure,unknown,"I vaguely recognize this caveolin-1/stromal metastasis study, but I don’t specifically recall the independent replication result for the LM-4175 versus LM-4175 + Cav1 KO metastatic-foci comparison.","FAMILIARITY: unsure
VERDICT: unknown
NOTES: I vaguely recognize this caveolin-1/stromal metastasis study, but I don’t specifically recall the independent replication result for the LM-4175 versus LM-4175 + Cav1 KO metastatic-foci comparison.",no
20,1,4,0,Biomechanical remodeling of the microenvironment by stromal caveolin-1 favors tumor invasion and metastasis,recognized,unknown,"I recognize the caveolin-1 stromal metastasis paper, but I don’t specifically recall the replication outcome for the LM-4175 Cav1 WT vs Cav1 KO total metastatic foci comparison.","FAMILIARITY: recognized  
VERDICT: unknown  
NOTES: I recognize the caveolin-1 stromal metastasis paper, but I don’t specifically recall the replication outcome for the LM-4175 Cav1 WT vs Cav1 KO total metastatic foci comparison.",no
20,1,4,1,Biomechanical remodeling of the microenvironment by stromal caveolin-1 favors tumor invasion and metastasis,recognized,unknown,"I recognize this as a Reproducibility Project: Cancer Biology target involving stromal caveolin-1 and LM-4175 metastasis counts, but I don’t specifically recall whether the WT vs KO metastatic-foci replication was judged successful or not.","FAMILIARITY: recognized
VERDICT: unknown
NOTES: I recognize this as a Reproducibility Project: Cancer Biology target involving stromal caveolin-1 and LM-4175 metastasis counts, but I don’t specifically recall whether the WT vs KO metastatic-foci replication was judged successful or not.",no
20,1,4,2,Biomechanical remodeling of the microenvironment by stromal caveolin-1 favors tumor invasion and metastasis,recognized,unknown,"I recognize this as the caveolin-1/stromal metastasis paper that was later targeted by a formal replication, but I don’t specifically recall whether the LM-4175 metastatic-foci comparison between Cav1 WT and Cav1 KO was ultimately judged to replicate.","FAMILIARITY: recognized
VERDICT: unknown
NOTES: I recognize this as the caveolin-1/stromal metastasis paper that was later targeted by a formal replication, but I don’t specifically recall whether the LM-4175 metastatic-foci comparison between Cav1 WT and Cav1 KO was ultimately judged to replicate.",no
20,1,4,3,Biomechanical remodeling of the microenvironment by stromal caveolin-1 favors tumor invasion and metastasis,recognized,unknown,"I recognize this as the stromal caveolin-1 metastasis paper from the Reproducibility Project, but I don’t specifically recall whether the LM-4175 Cav1 WT vs Cav1 KO metastatic-foci replication came out positive or negative.","FAMILIARITY: recognized
VERDICT: unknown
NOTES: I recognize this as the stromal caveolin-1 metastasis paper from the Reproducibility Project, but I don’t specifically recall whether the LM-4175 Cav1 WT vs Cav1 KO metastatic-foci replication came out positive or negative.",no
20,1,4,4,Biomechanical remodeling of the microenvironment by stromal caveolin-1 favors tumor invasion and metastasis,recognized,unreplicable,"I recall this as a Reproducibility Project: Cancer Biology attempt on the stromal caveolin-1 metastasis assay, where the LM-4175 + Cav1 WT vs Cav1 KO comparison did not reproduce the original increase in total metastatic foci per mouse.","FAMILIARITY: recognized
VERDICT: unreplicable
NOTES: I recall this as a Reproducibility Project: Cancer Biology attempt on the stromal caveolin-1 metastasis assay, where the LM-4175 + Cav1 WT vs Cav1 KO comparison did not reproduce the original increase in total metastatic foci per mouse.",no
20,1,4,5,Biomechanical remodeling of the microenvironment by stromal caveolin-1 favors tumor invasion and metastasis,recognized,unknown,"I recognize this as the stromal caveolin-1 metastasis paper, but I don’t specifically recall the independent replication result for the LM-4175 metastatic foci comparison.","FAMILIARITY: recognized
VERDICT: unknown
NOTES: I recognize this as the stromal caveolin-1 metastasis paper, but I don’t specifically recall the independent replication result for the LM-4175 metastatic foci comparison.",no
20,1,4,6,Biomechanical remodeling of the microenvironment by stromal caveolin-1 favors tumor invasion and metastasis,recognized,unreplicable,"I remember this as a Reproducibility Project replication of the stromal caveolin-1 metastasis assay, and the LM-4175 + Cav1 WT versus KO metastatic-foci difference was not reproduced.","FAMILIARITY: recognized
VERDICT: unreplicable
NOTES: I remember this as a Reproducibility Project replication of the stromal caveolin-1 metastasis assay, and the LM-4175 + Cav1 WT versus KO metastatic-foci difference was not reproduced.",no
20,1,4,7,Biomechanical remodeling of the microenvironment by stromal caveolin-1 favors tumor invasion and metastasis,recognized,unreplicable,I recall the Reproducibility Project: Cancer Biology follow-up on this caveolin-1 study finding that the Cav1 KO group did not reproduce the original increase in total metastatic foci versus Cav1 WT.,"FAMILIARITY: recognized
VERDICT: unreplicable
NOTES: I recall the Reproducibility Project: Cancer Biology follow-up on this caveolin-1 study finding that the Cav1 KO group did not reproduce the original increase in total metastatic foci versus Cav1 WT.",no
20,1,4,8,Biomechanical remodeling of the microenvironment by stromal caveolin-1 favors tumor invasion and metastasis,recognized,unknown,"I recognize this stromal caveolin-1 metastasis paper, but I don’t specifically recall the outcome of the independent replication of the LM-4175 metastatic-foci count comparison.","FAMILIARITY: recognized
VERDICT: unknown
NOTES: I recognize this stromal caveolin-1 metastasis paper, but I don’t specifically recall the outcome of the independent replication of the LM-4175 metastatic-foci count comparison.",no
20,1,4,9,Biomechanical remodeling of the microenvironment by stromal caveolin-1 favors tumor invasion and metastasis,recognized,unknown,"I recognize this as a replication of the mouse metastasis assay comparing LM-4175 with Cav1 WT versus Cav1 KO stromal fibroblasts, but I don’t recall the replication outcome well enough to classify it confidently.","FAMILIARITY: recognized
VERDICT: unknown
NOTES: I recognize this as a replication of the mouse metastasis assay comparing LM-4175 with Cav1 WT versus Cav1 KO stromal fibroblasts, but I don’t recall the replication outcome well enough to classify it confidently.",no
20,2,1,0,Biomechanical remodeling of the microenvironment by stromal caveolin-1 favors tumor invasion and metastasis,recognized,unreplicable,I recall the Cancer Biology replication attempt did not reproduce the reported increase in fibronectin fiber alignment/percent within ±20° with Cav1 WT versus LM-4175 alone.,"FAMILIARITY: recognized
VERDICT: unreplicable
NOTES: I recall the Cancer Biology replication attempt did not reproduce the reported increase in fibronectin fiber alignment/percent within ±20° with Cav1 WT versus LM-4175 alone.",no
20,2,1,1,Biomechanical remodeling of the microenvironment by stromal caveolin-1 favors tumor invasion and metastasis,recognized,unknown,"I remember this as the caveolin-1/fibronectin fiber-alignment paper, but I don’t specifically recall whether the independent replication of that exact alignment metric succeeded.","FAMILIARITY: recognized
VERDICT: unknown
NOTES: I remember this as the caveolin-1/fibronectin fiber-alignment paper, but I don’t specifically recall whether the independent replication of that exact alignment metric succeeded.",no
20,2,1,2,Biomechanical remodeling of the microenvironment by stromal caveolin-1 favors tumor invasion and metastasis,unsure,unknown,"I recognize this as the caveolin-1/stromal remodeling paper with the fibronectin-fiber alignment assay, but I don’t specifically recall the outcome of the formal replication attempt for the LM-4175 vs LM-4175 + Cav1 WT comparison.","FAMILIARITY: unsure
VERDICT: unknown
NOTES: I recognize this as the caveolin-1/stromal remodeling paper with the fibronectin-fiber alignment assay, but I don’t specifically recall the outcome of the formal replication attempt for the LM-4175 vs LM-4175 + Cav1 WT comparison.",no
20,2,1,3,Biomechanical remodeling of the microenvironment by stromal caveolin-1 favors tumor invasion and metastasis,recognized,replicable,"I remember this as the caveolin-1 stromal remodeling paper from the Cancer Biology Reproducibility Project, and the fibronectin-fiber alignment increase with Cav1 WT was reported as reproduced in the replication.","FAMILIARITY: recognized
VERDICT: replicable
NOTES: I remember this as the caveolin-1 stromal remodeling paper from the Cancer Biology Reproducibility Project, and the fibronectin-fiber alignment increase with Cav1 WT was reported as reproduced in the replication.",no
20,2,1,4,Biomechanical remodeling of the microenvironment by stromal caveolin-1 favors tumor invasion and metastasis,recognized,unknown,"I recognize this caveolin-1/fibronectin-matrix paper, but I don’t specifically recall the independent replication outcome for the fiber-alignment metric you named.","FAMILIARITY: recognized
VERDICT: unknown
NOTES: I recognize this caveolin-1/fibronectin-matrix paper, but I don’t specifically recall the independent replication outcome for the fiber-alignment metric you named.",no
20,2,1,5,Biomechanical remodeling of the microenvironment by stromal caveolin-1 favors tumor invasion and metastasis,recognized,unknown,"I recognize this caveolin-1/fibronectin-alignment paper as one that was independently replicated, but I don’t specifically recall whether the replication reproduced the percent-aligned-fibronectin effect.","FAMILIARITY: recognized
VERDICT: unknown
NOTES: I recognize this caveolin-1/fibronectin-alignment paper as one that was independently replicated, but I don’t specifically recall whether the replication reproduced the percent-aligned-fibronectin effect.",no
20,2,1,6,Biomechanical remodeling of the microenvironment by stromal caveolin-1 favors tumor invasion and metastasis,recognized,unknown,"I remember this as the caveolin-1 stromal remodeling paper claiming increased fibronectin fiber alignment and invasion/metastasis, but I don’t specifically recall the independent replication outcome for the LM-4175 fiber-orientation metric.","FAMILIARITY: recognized
VERDICT: unknown
NOTES: I remember this as the caveolin-1 stromal remodeling paper claiming increased fibronectin fiber alignment and invasion/metastasis, but I don’t specifically recall the independent replication outcome for the LM-4175 fiber-orientation metric.",no
20,2,1,7,Biomechanical remodeling of the microenvironment by stromal caveolin-1 favors tumor invasion and metastasis,unsure,unknown,"I vaguely recognize this caveolin-1/fibronectin-alignment study from the cancer biology replication effort, but I do not specifically recall the independent replication outcome for the LM-4175 fiber-orientation effect.","FAMILIARITY: unsure
VERDICT: unknown
NOTES: I vaguely recognize this caveolin-1/fibronectin-alignment study from the cancer biology replication effort, but I do not specifically recall the independent replication outcome for the LM-4175 fiber-orientation effect.",no
20,2,1,8,Biomechanical remodeling of the microenvironment by stromal caveolin-1 favors tumor invasion and metastasis,recognized,unknown,"I recognize the caveolin-1/fibronectin-alignment paper and the LM-4175 plus Cav1 WT assay, but I do not specifically recall the outcome of the independent replication for this exact fiber-orientation comparison.","FAMILIARITY: recognized
VERDICT: unknown
NOTES: I recognize the caveolin-1/fibronectin-alignment paper and the LM-4175 plus Cav1 WT assay, but I do not specifically recall the outcome of the independent replication for this exact fiber-orientation comparison.",no
20,2,1,9,Biomechanical remodeling of the microenvironment by stromal caveolin-1 favors tumor invasion and metastasis,recognized,unknown,"I recognize this as a Reproducibility Project: Cancer Biology target from the stromal caveolin-1 paper, but I don’t specifically recall whether the LM-4175 vs LM-4175 + Cav1 WT fibronectin-fiber alignment result replicated.","FAMILIARITY: recognized  
VERDICT: unknown  
NOTES: I recognize this as a Reproducibility Project: Cancer Biology target from the stromal caveolin-1 paper, but I don’t specifically recall whether the LM-4175 vs LM-4175 + Cav1 WT fibronectin-fiber alignment result replicated.",no
20,2,2,0,Biomechanical remodeling of the microenvironment by stromal caveolin-1 favors tumor invasion and metastasis,recognized,replicable,"I recall this Cancer Biology Reproducibility Project test showing the same Cav1 WT vs Cav1 KO difference in fibronectin fiber alignment around LM-4175 cells, with the replication matching the original direction of effect.","FAMILIARITY: recognized
VERDICT: replicable
NOTES: I recall this Cancer Biology Reproducibility Project test showing the same Cav1 WT vs Cav1 KO difference in fibronectin fiber alignment around LM-4175 cells, with the replication matching the original direction of effect.",no
20,2,2,1,Biomechanical remodeling of the microenvironment by stromal caveolin-1 favors tumor invasion and metastasis,recognized,unknown,"I remember this as a Reproducibility Project: Cancer Biology target involving caveolin-1 and fibronectin fiber alignment, but I don’t recall the published replication outcome well enough to classify it confidently.","FAMILIARITY: recognized
VERDICT: unknown
NOTES: I remember this as a Reproducibility Project: Cancer Biology target involving caveolin-1 and fibronectin fiber alignment, but I don’t recall the published replication outcome well enough to classify it confidently.",no
20,2,2,2,Biomechanical remodeling of the microenvironment by stromal caveolin-1 favors tumor invasion and metastasis,recognized,unreplicable,"I recall this as a Reproducibility Project: Cancer Biology target, and the independent attempt did not reproduce the fibronectin-fiber alignment difference between Cav1 WT and Cav1 KO conditions.","FAMILIARITY: recognized
VERDICT: unreplicable
NOTES: I recall this as a Reproducibility Project: Cancer Biology target, and the independent attempt did not reproduce the fibronectin-fiber alignment difference between Cav1 WT and Cav1 KO conditions.",no
20,2,2,3,Biomechanical remodeling of the microenvironment by stromal caveolin-1 favors tumor invasion and metastasis,recognized,unknown,"I recognize this as the caveolin-1/fibronectin remodeling paper and recall that a formal replication attempted the fiber-alignment comparison, but I do not specifically remember whether the LM-4175 + Cav1 WT vs KO effect was ultimately reproduced.","FAMILIARITY: recognized
VERDICT: unknown
NOTES: I recognize this as the caveolin-1/fibronectin remodeling paper and recall that a formal replication attempted the fiber-alignment comparison, but I do not specifically remember whether the LM-4175 + Cav1 WT vs KO effect was ultimately reproduced.",no
20,2,2,4,Biomechanical remodeling of the microenvironment by stromal caveolin-1 favors tumor invasion and metastasis,recognized,unreplicable,"I recall this Reproducibility Project: Cancer Biology replication of the stromal caveolin-1/fibronectin-alignment result, and the replication did not recover the original Cav1 WT vs Cav1 KO difference in aligned fibronectin fibers.","FAMILIARITY: recognized
VERDICT: unreplicable
NOTES: I recall this Reproducibility Project: Cancer Biology replication of the stromal caveolin-1/fibronectin-alignment result, and the replication did not recover the original Cav1 WT vs Cav1 KO difference in aligned fibronectin fibers.",no
20,2,2,5,Biomechanical remodeling of the microenvironment by stromal caveolin-1 favors tumor invasion and metastasis,recognized,unknown,"I recognize this as the stromal caveolin-1/fibronectin-alignment paper from the Reproducibility Project, but I do not specifically recall whether the independent replication of this fiber-orientation effect succeeded.","FAMILIARITY: recognized
VERDICT: unknown
NOTES: I recognize this as the stromal caveolin-1/fibronectin-alignment paper from the Reproducibility Project, but I do not specifically recall whether the independent replication of this fiber-orientation effect succeeded.",no
20,2,2,6,Biomechanical remodeling of the microenvironment by stromal caveolin-1 favors tumor invasion and metastasis,recognized,unknown,"I recognize this as the stromal caveolin-1 / fibronectin-alignment metastasis paper, but I don’t specifically recall the independent replication outcome for the LM-4175 Cav1 WT vs Cav1 KO fiber-orientation measure.","FAMILIARITY: recognized
VERDICT: unknown
NOTES: I recognize this as the stromal caveolin-1 / fibronectin-alignment metastasis paper, but I don’t specifically recall the independent replication outcome for the LM-4175 Cav1 WT vs Cav1 KO fiber-orientation measure.",no
20,2,2,7,Biomechanical remodeling of the microenvironment by stromal caveolin-1 favors tumor invasion and metastasis,recognized,unknown,"I recognize this as the caveolin-1 stromal/fibronectin-alignment study, but I don’t specifically recall the outcome of the independent replication of the LM-4175 + Cav1 WT versus KO fiber-angle effect.","FAMILIARITY: recognized
VERDICT: unknown
NOTES: I recognize this as the caveolin-1 stromal/fibronectin-alignment study, but I don’t specifically recall the outcome of the independent replication of the LM-4175 + Cav1 WT versus KO fiber-angle effect.",no
20,2,2,8,Biomechanical remodeling of the microenvironment by stromal caveolin-1 favors tumor invasion and metastasis,unsure,unknown,"I recognize this as the caveolin-1/fibronectin-alignment paper from the cancer reproducibility literature, but I don’t specifically recall the outcome of the exact LM-4175 + Cav1 WT vs Cav1 KO fiber-orientation replication.","FAMILIARITY: unsure
VERDICT: unknown
NOTES: I recognize this as the caveolin-1/fibronectin-alignment paper from the cancer reproducibility literature, but I don’t specifically recall the outcome of the exact LM-4175 + Cav1 WT vs Cav1 KO fiber-orientation replication.",no
20,2,2,9,Biomechanical remodeling of the microenvironment by stromal caveolin-1 favors tumor invasion and metastasis,recognized,unknown,"I recognize this as a Reproducibility Project: Cancer Biology target on stromal caveolin-1 and fibronectin alignment, but I don’t specifically recall whether the LM-4175 Cav1 WT vs Cav1 KO fiber-orientation effect was successfully reproduced.","FAMILIARITY: recognized
VERDICT: unknown
NOTES: I recognize this as a Reproducibility Project: Cancer Biology target on stromal caveolin-1 and fibronectin alignment, but I don’t specifically recall whether the LM-4175 Cav1 WT vs Cav1 KO fiber-orientation effect was successfully reproduced.",no
20,2,3,0,Biomechanical remodeling of the microenvironment by stromal caveolin-1 favors tumor invasion and metastasis,unsure,unknown,"I recognize this as a Reproducibility Project: Cancer Biology target about stromal caveolin-1 and extracellular-matrix alignment, but I do not recall the specific replication outcome for the fibronectin-fiber/metastasis correlation.","FAMILIARITY: unsure
VERDICT: unknown
NOTES: I recognize this as a Reproducibility Project: Cancer Biology target about stromal caveolin-1 and extracellular-matrix alignment, but I do not recall the specific replication outcome for the fibronectin-fiber/metastasis correlation.",no
20,2,3,1,Biomechanical remodeling of the microenvironment by stromal caveolin-1 favors tumor invasion and metastasis,unsure,unknown,"I recognize this as the caveolin-1 stromal microenvironment/metastasis paper, but I do not specifically recall the independent replication result for the fibronectin-fiber alignment versus metastasis correlation.","FAMILIARITY: unsure
VERDICT: unknown
NOTES: I recognize this as the caveolin-1 stromal microenvironment/metastasis paper, but I do not specifically recall the independent replication result for the fibronectin-fiber alignment versus metastasis correlation.",no
20,2,3,2,Biomechanical remodeling of the microenvironment by stromal caveolin-1 favors tumor invasion and metastasis,recognized,unknown,"I recognize this as the stromal caveolin-1/fibronectin-alignment cancer biology study that was independently replicated, but I don’t specifically recall whether that correlation with metastasis count was reproduced.","FAMILIARITY: recognized
VERDICT: unknown
NOTES: I recognize this as the stromal caveolin-1/fibronectin-alignment cancer biology study that was independently replicated, but I don’t specifically recall whether that correlation with metastasis count was reproduced.",no
20,2,3,3,Biomechanical remodeling of the microenvironment by stromal caveolin-1 favors tumor invasion and metastasis,recognized,unknown,"I recognize this as a Reproducibility Project: Cancer Biology target, but I don’t specifically recall whether the fibronectin-fiber alignment/metastasis correlation replicated.","FAMILIARITY: recognized
VERDICT: unknown
NOTES: I recognize this as a Reproducibility Project: Cancer Biology target, but I don’t specifically recall whether the fibronectin-fiber alignment/metastasis correlation replicated.",no
20,2,3,4,Biomechanical remodeling of the microenvironment by stromal caveolin-1 favors tumor invasion and metastasis,unsure,unknown,"I vaguely recognize the caveolin-1/stromal remodeling paper, but I do not specifically recall the independent replication of the fibronectin-fiber alignment versus metastasis correlation or its outcome.","FAMILIARITY: unsure
VERDICT: unknown
NOTES: I vaguely recognize the caveolin-1/stromal remodeling paper, but I do not specifically recall the independent replication of the fibronectin-fiber alignment versus metastasis correlation or its outcome.",no
20,2,3,5,Biomechanical remodeling of the microenvironment by stromal caveolin-1 favors tumor invasion and metastasis,unsure,unknown,"I recognize this as the caveolin-1/ECM-alignment metastasis paper, but I don’t specifically recall the formal replication attempt or whether that fibronectin-fiber/metastasis correlation was reproduced.","FAMILIARITY: unsure
VERDICT: unknown
NOTES: I recognize this as the caveolin-1/ECM-alignment metastasis paper, but I don’t specifically recall the formal replication attempt or whether that fibronectin-fiber/metastasis correlation was reproduced.",no
20,2,3,6,Biomechanical remodeling of the microenvironment by stromal caveolin-1 favors tumor invasion and metastasis,recognized,unknown,"I recognize this as the stromal caveolin-1 / ECM remodeling metastasis paper, but I do not specifically recall the outcome of the independent replication of the fibronectin-fiber-alignment vs. metastasis correlation.","FAMILIARITY: recognized
VERDICT: unknown
NOTES: I recognize this as the stromal caveolin-1 / ECM remodeling metastasis paper, but I do not specifically recall the outcome of the independent replication of the fibronectin-fiber-alignment vs. metastasis correlation.",no
20,2,3,7,Biomechanical remodeling of the microenvironment by stromal caveolin-1 favors tumor invasion and metastasis,unsure,unknown,"I remember this as the caveolin-1/fibronectin-alignment and metastasis paper, but I don’t specifically recall the outcome of the independent replication for this exact correlation.","FAMILIARITY: unsure
VERDICT: unknown
NOTES: I remember this as the caveolin-1/fibronectin-alignment and metastasis paper, but I don’t specifically recall the outcome of the independent replication for this exact correlation.",no
20,2,3,8,Biomechanical remodeling of the microenvironment by stromal caveolin-1 favors tumor invasion and metastasis,recognized,unreplicable,"I remember this as the RP:CB-style replication of the fibronectin-fiber alignment versus metastasis correlation, and the replication did not reproduce the original positive association.","FAMILIARITY: recognized
VERDICT: unreplicable
NOTES: I remember this as the RP:CB-style replication of the fibronectin-fiber alignment versus metastasis correlation, and the replication did not reproduce the original positive association.",no
20,2,3,9,Biomechanical remodeling of the microenvironment by stromal caveolin-1 favors tumor invasion and metastasis,recognized,unknown,"I recognize this as the caveolin-1/fibronectin metastasis paper from cancer-biology replication efforts, but I do not specifically recall whether the alignment-vs-metastasis correlation was successfully reproduced.","FAMILIARITY: recognized
VERDICT: unknown
NOTES: I recognize this as the caveolin-1/fibronectin metastasis paper from cancer-biology replication efforts, but I do not specifically recall whether the alignment-vs-metastasis correlation was successfully reproduced.",no
21,1,1,0,Discovery and Preclinical Validation of Drug Indications Using Compendia of Public Gene Expression Data,recognized,unreplicable,"I recall this as the cimetidine A549 xenograft drug-repurposing finding, and the independent replication in the Reproducibility Project did not find a significant reduction in relative tumor volume versus vehicle.","FAMILIARITY: recognized
VERDICT: unreplicable
NOTES: I recall this as the cimetidine A549 xenograft drug-repurposing finding, and the independent replication in the Reproducibility Project did not find a significant reduction in relative tumor volume versus vehicle.",yes
21,1,1,1,Discovery and Preclinical Validation of Drug Indications Using Compendia of Public Gene Expression Data,recognized,unreplicable,"I recall this as the RP:CB replication of the cimetidine A549 xenograft result from the gene-expression drug-repurposing paper, and the replication did not reproduce the tumor-volume reduction versus vehicle.","FAMILIARITY: recognized
VERDICT: unreplicable
NOTES: I recall this as the RP:CB replication of the cimetidine A549 xenograft result from the gene-expression drug-repurposing paper, and the replication did not reproduce the tumor-volume reduction versus vehicle.",yes
21,1,1,2,Discovery and Preclinical Validation of Drug Indications Using Compendia of Public Gene Expression Data,recognized,unknown,"I recognize this as the Reproducibility Project: Cancer Biology attempt on Sirota et al.’s cimetidine A549 xenograft finding, but I don’t reliably remember whether the replication met its success criterion.","FAMILIARITY: recognized
VERDICT: unknown
NOTES: I recognize this as the Reproducibility Project: Cancer Biology attempt on Sirota et al.’s cimetidine A549 xenograft finding, but I don’t reliably remember whether the replication met its success criterion.",yes
21,1,1,3,Discovery and Preclinical Validation of Drug Indications Using Compendia of Public Gene Expression Data,recognized,unreplicable,"I recall this Reproducibility Project replication of the cimetidine A549 xenograft finding, and the independent attempt did not reproduce the original reduction in relative tumor volume versus vehicle.","FAMILIARITY: recognized  
VERDICT: unreplicable  
NOTES: I recall this Reproducibility Project replication of the cimetidine A549 xenograft finding, and the independent attempt did not reproduce the original reduction in relative tumor volume versus vehicle.",yes
21,1,1,4,Discovery and Preclinical Validation of Drug Indications Using Compendia of Public Gene Expression Data,recognized,unreplicable,"I recall the independent replication of the cimetidine A549 xenograft result failed to reproduce the original tumor-growth inhibition, finding no clear difference in relative tumor volume versus vehicle.","FAMILIARITY: recognized
VERDICT: unreplicable
NOTES: I recall the independent replication of the cimetidine A549 xenograft result failed to reproduce the original tumor-growth inhibition, finding no clear difference in relative tumor volume versus vehicle.",yes
21,1,1,5,Discovery and Preclinical Validation of Drug Indications Using Compendia of Public Gene Expression Data,recognized,unreplicable,"I recall this as the Sirota et al. cimetidine repurposing paper, and the independent replication did not reproduce the A549 xenograft tumor-volume reduction versus vehicle.","FAMILIARITY: recognized
VERDICT: unreplicable
NOTES: I recall this as the Sirota et al. cimetidine repurposing paper, and the independent replication did not reproduce the A549 xenograft tumor-volume reduction versus vehicle.",yes
21,1,1,6,Discovery and Preclinical Validation of Drug Indications Using Compendia of Public Gene Expression Data,recognized,unreplicable,I recall the Sirota et al. drug-repurposing paper and a later independent xenograft replication that did not reproduce the cimetidine-associated reduction in A549 tumor volume.,"FAMILIARITY: recognized
VERDICT: unreplicable
NOTES: I recall the Sirota et al. drug-repurposing paper and a later independent xenograft replication that did not reproduce the cimetidine-associated reduction in A549 tumor volume.",yes
21,1,1,7,Discovery and Preclinical Validation of Drug Indications Using Compendia of Public Gene Expression Data,recognized,unreplicable,"I recall this as a Reproducibility Project: Cancer Biology test of cimetidine in A549 xenografts, and the replication did not reproduce the original reduction in relative tumor volume versus vehicle.","FAMILIARITY: recognized
VERDICT: unreplicable
NOTES: I recall this as a Reproducibility Project: Cancer Biology test of cimetidine in A549 xenografts, and the replication did not reproduce the original reduction in relative tumor volume versus vehicle.",yes
21,1,1,8,Discovery and Preclinical Validation of Drug Indications Using Compendia of Public Gene Expression Data,recognized,unknown,"I recall this as the cimetidine A549 xenograft drug-repurposing claim that was later checked in a formal cancer-biology replication effort, but I don’t remember the independent replication outcome well enough to classify it.","FAMILIARITY: recognized
VERDICT: unknown
NOTES: I recall this as the cimetidine A549 xenograft drug-repurposing claim that was later checked in a formal cancer-biology replication effort, but I don’t remember the independent replication outcome well enough to classify it.",yes
21,1,1,9,Discovery and Preclinical Validation of Drug Indications Using Compendia of Public Gene Expression Data,recognized,unreplicable,"I remember this as the RP:CB follow-up to the cimetidine A549 xenograft result, and the independent replication did not reproduce a clear reduction in relative tumor volume versus vehicle.","FAMILIARITY: recognized
VERDICT: unreplicable
NOTES: I remember this as the RP:CB follow-up to the cimetidine A549 xenograft result, and the independent replication did not reproduce a clear reduction in relative tumor volume versus vehicle.",yes
21,1,2,0,Discovery and Preclinical Validation of Drug Indications Using Compendia of Public Gene Expression Data,recognized,unknown,"I recognize this as the Sirota et al. drug-repurposing paper that was later tested by the Reproducibility Project, but I don’t specifically recall whether the A549 xenograft doxorubicin-versus-vehicle effect was reproduced.","FAMILIARITY: recognized
VERDICT: unknown
NOTES: I recognize this as the Sirota et al. drug-repurposing paper that was later tested by the Reproducibility Project, but I don’t specifically recall whether the A549 xenograft doxorubicin-versus-vehicle effect was reproduced.",yes
21,1,2,1,Discovery and Preclinical Validation of Drug Indications Using Compendia of Public Gene Expression Data,recognized,replicable,"I recall this as a gene-expression drug-repurposing paper that was formally replicated in an A549 xenograft doxorubicin study, and the treated tumors were again smaller than vehicle.","FAMILIARITY: recognized
VERDICT: replicable
NOTES: I recall this as a gene-expression drug-repurposing paper that was formally replicated in an A549 xenograft doxorubicin study, and the treated tumors were again smaller than vehicle.",yes
21,1,2,2,Discovery and Preclinical Validation of Drug Indications Using Compendia of Public Gene Expression Data,recognized,unknown,"I recognize this as the Sirota et al. gene-expression-based drug-repurposing paper, but I don’t specifically recall the independent replication outcome for the A549 xenograft DOX-versus-vehicle result.","FAMILIARITY: recognized
VERDICT: unknown
NOTES: I recognize this as the Sirota et al. gene-expression-based drug-repurposing paper, but I don’t specifically recall the independent replication outcome for the A549 xenograft DOX-versus-vehicle result.",yes
21,1,2,3,Discovery and Preclinical Validation of Drug Indications Using Compendia of Public Gene Expression Data,recognized,unknown,"I recognize this as the Sirota et al. drug-indication discovery paper later included in the Reproducibility Project: Cancer Biology, but I don’t specifically հիշ recall the outcome of the doxorubicin-versus-vehicle A549 xenograft replication.","FAMILIARITY: recognized
VERDICT: unknown
NOTES: I recognize this as the Sirota et al. drug-indication discovery paper later included in the Reproducibility Project: Cancer Biology, but I don’t specifically հիշ recall the outcome of the doxorubicin-versus-vehicle A549 xenograft replication.",yes
21,1,2,4,Discovery and Preclinical Validation of Drug Indications Using Compendia of Public Gene Expression Data,recognized,replicable,"I remember this RP:CB study on drug repurposing in A549 xenografts, and the doxorubicin vs vehicle control effect was reproduced even though the novel topiramate claim was the more debated part.","FAMILIARITY: recognized
VERDICT: replicable
NOTES: I remember this RP:CB study on drug repurposing in A549 xenografts, and the doxorubicin vs vehicle control effect was reproduced even though the novel topiramate claim was the more debated part.",yes
21,1,2,5,Discovery and Preclinical Validation of Drug Indications Using Compendia of Public Gene Expression Data,recognized,replicable,"I recall this as the A549 xenograft follow-up from the Sirota et al. study, where the doxorubicin positive-control arm was reproduced even though the main cimetidine repurposing result was the problematic one.","FAMILIARITY: recognized
VERDICT: replicable
NOTES: I recall this as the A549 xenograft follow-up from the Sirota et al. study, where the doxorubicin positive-control arm was reproduced even though the main cimetidine repurposing result was the problematic one.",yes
21,1,2,6,Discovery and Preclinical Validation of Drug Indications Using Compendia of Public Gene Expression Data,recognized,replicable,"I recall this paper’s A549 xenograft validation of doxorubicin showing reduced relative tumor volume versus vehicle, and the independent replication attempt was reported in the same direction.","FAMILIARITY: recognized
VERDICT: replicable
NOTES: I recall this paper’s A549 xenograft validation of doxorubicin showing reduced relative tumor volume versus vehicle, and the independent replication attempt was reported in the same direction.",yes
21,1,2,7,Discovery and Preclinical Validation of Drug Indications Using Compendia of Public Gene Expression Data,recognized,replicable,"I recognize this as the Sirota et al. drug-repurposing paper, and the A549 xenograft doxorubicin-vs-vehicle tumor-volume effect was reproduced in the independent replication.","FAMILIARITY: recognized
VERDICT: replicable
NOTES: I recognize this as the Sirota et al. drug-repurposing paper, and the A549 xenograft doxorubicin-vs-vehicle tumor-volume effect was reproduced in the independent replication.",yes
21,1,2,8,Discovery and Preclinical Validation of Drug Indications Using Compendia of Public Gene Expression Data,recognized,replicable,I recall this Reproducibility Project cancer-biology replication of the A549 xenograft doxorubicin-vs-vehicle result showing the same direction of reduced tumor volume in treated mice.,"FAMILIARITY: recognized
VERDICT: replicable
NOTES: I recall this Reproducibility Project cancer-biology replication of the A549 xenograft doxorubicin-vs-vehicle result showing the same direction of reduced tumor volume in treated mice.",yes
21,1,2,9,Discovery and Preclinical Validation of Drug Indications Using Compendia of Public Gene Expression Data,recognized,replicable,"I recall this as a Reproducibility Project: Cancer Biology replication of the A549 xenograft doxorubicin-vs-vehicle tumor-volume effect, and the replication was broadly consistent with the original result.","FAMILIARITY: recognized
VERDICT: replicable
NOTES: I recall this as a Reproducibility Project: Cancer Biology replication of the A549 xenograft doxorubicin-vs-vehicle tumor-volume effect, and the replication was broadly consistent with the original result.",yes
21,1,3,0,Discovery and Preclinical Validation of Drug Indications Using Compendia of Public Gene Expression Data,recognized,unreplicable,"I recall that the original cimetidine ACHN xenograft result was not reproduced in the independent replication attempt, which found no clear reduction in relative tumor volume versus vehicle.","FAMILIARITY: recognized
VERDICT: unreplicable
NOTES: I recall that the original cimetidine ACHN xenograft result was not reproduced in the independent replication attempt, which found no clear reduction in relative tumor volume versus vehicle.",no
21,1,3,1,Discovery and Preclinical Validation of Drug Indications Using Compendia of Public Gene Expression Data,recognized,unknown,"I recognize this cimetidine/ACHN xenograft paper and its formal replication attempt, but I do not recall the replication outcome well enough to classify it confidently.","FAMILIARITY: recognized
VERDICT: unknown
NOTES: I recognize this cimetidine/ACHN xenograft paper and its formal replication attempt, but I do not recall the replication outcome well enough to classify it confidently.",no
21,1,3,2,Discovery and Preclinical Validation of Drug Indications Using Compendia of Public Gene Expression Data,recognized,unknown,"I recognize the cimetidine/ACHN xenograft study, but I don’t specifically recall the outcome of the independent replication attempt.","FAMILIARITY: recognized
VERDICT: unknown
NOTES: I recognize the cimetidine/ACHN xenograft study, but I don’t specifically recall the outcome of the independent replication attempt.",no
21,1,3,3,Discovery and Preclinical Validation of Drug Indications Using Compendia of Public Gene Expression Data,recognized,unknown,"I recall this as the cimetidine-in-ACHN xenograft replication from the Reproducibility Project: Cancer Biology, but I don’t remember the replication outcome clearly enough to classify it confidently.","FAMILIARITY: recognized
VERDICT: unknown
NOTES: I recall this as the cimetidine-in-ACHN xenograft replication from the Reproducibility Project: Cancer Biology, but I don’t remember the replication outcome clearly enough to classify it confidently.",no
21,1,3,4,Discovery and Preclinical Validation of Drug Indications Using Compendia of Public Gene Expression Data,recognized,unreplicable,"This is the Sirota et al. cimetidine/renal-cell-carcinoma xenograft result, and I recall the independent replication did not show a clear reduction in ACHN tumor volume versus vehicle.","FAMILIARITY: recognized
VERDICT: unreplicable
NOTES: This is the Sirota et al. cimetidine/renal-cell-carcinoma xenograft result, and I recall the independent replication did not show a clear reduction in ACHN tumor volume versus vehicle.",no
21,1,3,5,Discovery and Preclinical Validation of Drug Indications Using Compendia of Public Gene Expression Data,recognized,replicable,"I recognize this as the cimetidine/ACHN renal xenograft repurposing study, and I recall the independent replication similarly found lower relative tumor volume with cimetidine than vehicle.","FAMILIARITY: recognized
VERDICT: replicable
NOTES: I recognize this as the cimetidine/ACHN renal xenograft repurposing study, and I recall the independent replication similarly found lower relative tumor volume with cimetidine than vehicle.",no
21,1,3,6,Discovery and Preclinical Validation of Drug Indications Using Compendia of Public Gene Expression Data,recognized,unreplicable,"I recall the Reproducibility Project: Cancer Biology attempt on this cimetidine/ACHN xenograft finding, and the replication did not reproduce a meaningful reduction in relative tumor volume versus vehicle.","FAMILIARITY: recognized
VERDICT: unreplicable
NOTES: I recall the Reproducibility Project: Cancer Biology attempt on this cimetidine/ACHN xenograft finding, and the replication did not reproduce a meaningful reduction in relative tumor volume versus vehicle.",no
21,1,3,7,Discovery and Preclinical Validation of Drug Indications Using Compendia of Public Gene Expression Data,recognized,unreplicable,"I recognize this as the Reproducibility Project: Cancer Biology follow-up to the cimetidine/ACHN xenograft result, and I recall the replication did not reproduce a significant reduction in relative tumor volume versus vehicle.","FAMILIARITY: recognized
VERDICT: unreplicable
NOTES: I recognize this as the Reproducibility Project: Cancer Biology follow-up to the cimetidine/ACHN xenograft result, and I recall the replication did not reproduce a significant reduction in relative tumor volume versus vehicle.",no
21,1,3,8,Discovery and Preclinical Validation of Drug Indications Using Compendia of Public Gene Expression Data,recognized,unreplicable,"I recall this as the Reproducibility Project test of cimetidine in ACHN renal cancer xenografts, where the replication did not clearly reproduce the tumor-growth inhibition versus vehicle.","FAMILIARITY: recognized
VERDICT: unreplicable
NOTES: I recall this as the Reproducibility Project test of cimetidine in ACHN renal cancer xenografts, where the replication did not clearly reproduce the tumor-growth inhibition versus vehicle.",no
21,1,3,9,Discovery and Preclinical Validation of Drug Indications Using Compendia of Public Gene Expression Data,recognized,unknown,"I recognize this as the Sirota et al. drug-repurposing paper with cimetidine in ACHN renal xenografts, but I don’t confidently recall whether the formal replication found the tumor-volume effect significant or not.","FAMILIARITY: recognized
VERDICT: unknown
NOTES: I recognize this as the Sirota et al. drug-repurposing paper with cimetidine in ACHN renal xenografts, but I don’t confidently recall whether the formal replication found the tumor-volume effect significant or not.",no
24,1,1,0,Coding-independent regulation of the tumor suppressor PTEN by competing endogenous mRNAs,recognized,unknown,"I recognize the original PTEN ceRNA paper, but I don’t specifically recall the independent replication outcome for the siSERINC1 vs siNC PTEN-3'UTR luciferase reporter comparison.","FAMILIARITY: recognized
VERDICT: unknown
NOTES: I recognize the original PTEN ceRNA paper, but I don’t specifically recall the independent replication outcome for the siSERINC1 vs siNC PTEN-3'UTR luciferase reporter comparison.",no
24,1,1,1,Coding-independent regulation of the tumor suppressor PTEN by competing endogenous mRNAs,recognized,unknown,"I recognize this as the well-known PTEN ceRNA paper, and I vaguely recall a later replication of the SERINC1 knockdown luciferase assay, but I don’t remember whether that specific replication was successful.","FAMILIARITY: recognized
VERDICT: unknown
NOTES: I recognize this as the well-known PTEN ceRNA paper, and I vaguely recall a later replication of the SERINC1 knockdown luciferase assay, but I don’t remember whether that specific replication was successful.",no
24,1,1,2,Coding-independent regulation of the tumor suppressor PTEN by competing endogenous mRNAs,recognized,unreplicable,"I remember this as the Reproducibility Project: Cancer Biology attempt on the PTEN ceRNA paper, where siSERINC1 did not clearly reproduce the original effect on PTEN-3'UTR luciferase reporter activity.","FAMILIARITY: recognized
VERDICT: unreplicable
NOTES: I remember this as the Reproducibility Project: Cancer Biology attempt on the PTEN ceRNA paper, where siSERINC1 did not clearly reproduce the original effect on PTEN-3'UTR luciferase reporter activity.",no
24,1,1,3,Coding-independent regulation of the tumor suppressor PTEN by competing endogenous mRNAs,recognized,unreplicable,"I recall this as the Sumazin et al. ceRNA/PTEN study, and the independent replication attempt of the siSERINC1 effect on the PTEN 3'UTR luciferase reporter did not reproduce a significant decrease.","FAMILIARITY: recognized
VERDICT: unreplicable
NOTES: I recall this as the Sumazin et al. ceRNA/PTEN study, and the independent replication attempt of the siSERINC1 effect on the PTEN 3'UTR luciferase reporter did not reproduce a significant decrease.",no
24,1,1,4,Coding-independent regulation of the tumor suppressor PTEN by competing endogenous mRNAs,recognized,replicable,"I recall this as the Reproducibility Project’s repeat of the PTEN 3'UTR luciferase reporter assay after SERINC1 knockdown, and the replication was in the same direction as the original.","FAMILIARITY: recognized
VERDICT: replicable
NOTES: I recall this as the Reproducibility Project’s repeat of the PTEN 3'UTR luciferase reporter assay after SERINC1 knockdown, and the replication was in the same direction as the original.",no
24,1,1,5,Coding-independent regulation of the tumor suppressor PTEN by competing endogenous mRNAs,recognized,unreplicable,"I recognize the PTEN ceRNA paper and its independent replication attempt, and I recall that the siSERINC1 knockdown did not reproduce the reported decrease in PTEN-3'UTR luciferase reporter activity.","FAMILIARITY: recognized
VERDICT: unreplicable
NOTES: I recognize the PTEN ceRNA paper and its independent replication attempt, and I recall that the siSERINC1 knockdown did not reproduce the reported decrease in PTEN-3'UTR luciferase reporter activity.",no
24,1,1,6,Coding-independent regulation of the tumor suppressor PTEN by competing endogenous mRNAs,recognized,unknown,"I recognize this as the Reproducibility Project’s replication of Tay et al.’s ceRNA/PTEN reporter assay, but I don’t specifically recall whether the siSERINC1 knockdown reduced PTEN-3'UTR luciferase activity in the replication.","FAMILIARITY: recognized
VERDICT: unknown
NOTES: I recognize this as the Reproducibility Project’s replication of Tay et al.’s ceRNA/PTEN reporter assay, but I don’t specifically recall whether the siSERINC1 knockdown reduced PTEN-3'UTR luciferase activity in the replication.",no
24,1,1,7,Coding-independent regulation of the tumor suppressor PTEN by competing endogenous mRNAs,recognized,unreplicable,"I recognize this as the Poliseno et al. PTEN ceRNA paper, and I recall the independent replication attempt did not reproduce the reported SERINC1 knockdown effect on PTEN-3'UTR luciferase reporter activity.","FAMILIARITY: recognized
VERDICT: unreplicable
NOTES: I recognize this as the Poliseno et al. PTEN ceRNA paper, and I recall the independent replication attempt did not reproduce the reported SERINC1 knockdown effect on PTEN-3'UTR luciferase reporter activity.",no
24,1,1,8,Coding-independent regulation of the tumor suppressor PTEN by competing endogenous mRNAs,recognized,unknown,"I recognize this as the PTEN ceRNA paper and remember it had a formal replication attempt, but I do not specifically recall the outcome for the siSERINC1 PTEN-3'UTR luciferase reporter assay.","FAMILIARITY: recognized
VERDICT: unknown
NOTES: I recognize this as the PTEN ceRNA paper and remember it had a formal replication attempt, but I do not specifically recall the outcome for the siSERINC1 PTEN-3'UTR luciferase reporter assay.",no
24,1,1,9,Coding-independent regulation of the tumor suppressor PTEN by competing endogenous mRNAs,recognized,unreplicable,"I recall this PTEN ceRNA study being taken up by the Reproducibility Project: Cancer Biology, and the independent replication did not reproduce the siSERINC1 effect on PTEN-3'UTR luciferase reporter activity.","FAMILIARITY: recognized
VERDICT: unreplicable
NOTES: I recall this PTEN ceRNA study being taken up by the Reproducibility Project: Cancer Biology, and the independent replication did not reproduce the siSERINC1 effect on PTEN-3'UTR luciferase reporter activity.",no
24,1,2,0,Coding-independent regulation of the tumor suppressor PTEN by competing endogenous mRNAs,recognized,unknown,"I recognize the PTEN ceRNA paper by Tay et al., but I don’t specifically recall the independent replication outcome for the siZNF460 versus siNC PTEN-3'UTR luciferase reporter assay well enough to classify it.","FAMILIARITY: recognized
VERDICT: unknown
NOTES: I recognize the PTEN ceRNA paper by Tay et al., but I don’t specifically recall the independent replication outcome for the siZNF460 versus siNC PTEN-3'UTR luciferase reporter assay well enough to classify it.",no
24,1,2,1,Coding-independent regulation of the tumor suppressor PTEN by competing endogenous mRNAs,recognized,unknown,"I recognize this as the PTEN competing-endogenous-mRNA/ZNF460 luciferase-reporter study, but I don’t specifically recall the outcome of the independent replication of that reporter assay.","FAMILIARITY: recognized
VERDICT: unknown
NOTES: I recognize this as the PTEN competing-endogenous-mRNA/ZNF460 luciferase-reporter study, but I don’t specifically recall the outcome of the independent replication of that reporter assay.",no
24,1,2,2,Coding-independent regulation of the tumor suppressor PTEN by competing endogenous mRNAs,recognized,unreplicable,I recall the Reproducibility Project: Cancer Biology attempt did not reproduce the original decrease in PTEN 3'UTR luciferase reporter activity after siZNF460 knockdown.,"FAMILIARITY: recognized
VERDICT: unreplicable
NOTES: I recall the Reproducibility Project: Cancer Biology attempt did not reproduce the original decrease in PTEN 3'UTR luciferase reporter activity after siZNF460 knockdown.",no
24,1,2,3,Coding-independent regulation of the tumor suppressor PTEN by competing endogenous mRNAs,recognized,unreplicable,"This is the Poliseno et al. PTEN ceRNA paper, and the independent replication I recall did not reproduce the siZNF460 effect on PTEN 3'UTR luciferase reporter activity.","FAMILIARITY: recognized
VERDICT: unreplicable
NOTES: This is the Poliseno et al. PTEN ceRNA paper, and the independent replication I recall did not reproduce the siZNF460 effect on PTEN 3'UTR luciferase reporter activity.",no
24,1,2,4,Coding-independent regulation of the tumor suppressor PTEN by competing endogenous mRNAs,recognized,unreplicable,"I recall this as a Reproducibility Project: Cancer Biology replication of the Poliseno et al. PTEN ceRNA paper, and the ZNF460 knockdown effect on PTEN 3'UTR luciferase reporter activity was not reproduced.","FAMILIARITY: recognized
VERDICT: unreplicable
NOTES: I recall this as a Reproducibility Project: Cancer Biology replication of the Poliseno et al. PTEN ceRNA paper, and the ZNF460 knockdown effect on PTEN 3'UTR luciferase reporter activity was not reproduced.",no
24,1,2,5,Coding-independent regulation of the tumor suppressor PTEN by competing endogenous mRNAs,recognized,unknown,"I recognize the PTEN ceRNA paper, but I don’t specifically recall the independent replication result for the siZNF460 effect on PTEN-3'UTR luciferase reporter activity.","FAMILIARITY: recognized
VERDICT: unknown
NOTES: I recognize the PTEN ceRNA paper, but I don’t specifically recall the independent replication result for the siZNF460 effect on PTEN-3'UTR luciferase reporter activity.",no
24,1,2,6,Coding-independent regulation of the tumor suppressor PTEN by competing endogenous mRNAs,recognized,unknown,"I recognize this as the PTEN competing-endogenous-RNA/pseudogene paper and a later formal replication attempt, but I don’t specifically recall the siZNF460 vs siNC PTEN-3'UTR reporter outcome.","FAMILIARITY: recognized
VERDICT: unknown
NOTES: I recognize this as the PTEN competing-endogenous-RNA/pseudogene paper and a later formal replication attempt, but I don’t specifically recall the siZNF460 vs siNC PTEN-3'UTR reporter outcome.",no
24,1,2,7,Coding-independent regulation of the tumor suppressor PTEN by competing endogenous mRNAs,recognized,unreplicable,"I recall this as a Reproducibility Project: Cancer Biology replication of the PTEN ceRNA paper, and the siZNF460 knockdown did not reproduce the reported PTEN-3'UTR luciferase reporter effect.","FAMILIARITY: recognized
VERDICT: unreplicable
NOTES: I recall this as a Reproducibility Project: Cancer Biology replication of the PTEN ceRNA paper, and the siZNF460 knockdown did not reproduce the reported PTEN-3'UTR luciferase reporter effect.",no
24,1,2,8,Coding-independent regulation of the tumor suppressor PTEN by competing endogenous mRNAs,,unknown,"I recognize this as the ceRNA/PTEN luciferase-assay study, but I don’t specifically recall the outcome of the independent siZNF460 replication attempt.","FAMILIARITY: familiar
VERDICT: unknown
NOTES: I recognize this as the ceRNA/PTEN luciferase-assay study, but I don’t specifically recall the outcome of the independent siZNF460 replication attempt.",no
24,1,2,9,Coding-independent regulation of the tumor suppressor PTEN by competing endogenous mRNAs,recognized,unknown,"I recognize this as the PTEN ceRNA paper, but I don't specifically recall the independent replication outcome for the siZNF460 PTEN-3'UTR luciferase assay.","FAMILIARITY: recognized
VERDICT: unknown
NOTES: I recognize this as the PTEN ceRNA paper, but I don't specifically recall the independent replication outcome for the siZNF460 PTEN-3'UTR luciferase assay.",no
24,1,3,0,Coding-independent regulation of the tumor suppressor PTEN by competing endogenous mRNAs,recognized,unknown,"I recognize the Tay et al. PTEN ceRNA paper and that it was independently replicated, but I don’t recall the specific siNC vs siVAPA luciferase result well enough to classify the replication confidently.","FAMILIARITY: recognized
VERDICT: unknown
NOTES: I recognize the Tay et al. PTEN ceRNA paper and that it was independently replicated, but I don’t recall the specific siNC vs siVAPA luciferase result well enough to classify the replication confidently.",no
24,1,3,1,Coding-independent regulation of the tumor suppressor PTEN by competing endogenous mRNAs,recognized,unknown,"I recall this as the PTEN ceRNA/VAPA 3'UTR luciferase reporter study, but I don’t specifically remember the outcome of the formal replication of the siNC vs siVAPA reporter assay.","FAMILIARITY: recognized
VERDICT: unknown
NOTES: I recall this as the PTEN ceRNA/VAPA 3'UTR luciferase reporter study, but I don’t specifically remember the outcome of the formal replication of the siNC vs siVAPA reporter assay.",no
24,1,3,2,Coding-independent regulation of the tumor suppressor PTEN by competing endogenous mRNAs,recognized,replicable,"I recognize this as the Karreth et al. ceRNA/PTEN paper, and I recall the independent replication of the siVAPA effect on the PTEN 3'UTR luciferase reporter being in the same direction.","FAMILIARITY: recognized
VERDICT: replicable
NOTES: I recognize this as the Karreth et al. ceRNA/PTEN paper, and I recall the independent replication of the siVAPA effect on the PTEN 3'UTR luciferase reporter being in the same direction.",no
24,1,3,3,Coding-independent regulation of the tumor suppressor PTEN by competing endogenous mRNAs,recognized,unreplicable,"I recall this as the PTEN ceRNA paper by Poliseno et al., and the formal replication attempt of the siVAPA effect on PTEN 3'UTR luciferase reporter activity did not reproduce the original decrease.","FAMILIARITY: recognized
VERDICT: unreplicable
NOTES: I recall this as the PTEN ceRNA paper by Poliseno et al., and the formal replication attempt of the siVAPA effect on PTEN 3'UTR luciferase reporter activity did not reproduce the original decrease.",no
24,1,3,4,Coding-independent regulation of the tumor suppressor PTEN by competing endogenous mRNAs,recognized,unknown,"I recognize Tay et al.’s PTEN ceRNA study, but I don’t specifically recall whether the independent replication found a significant siVAPA-dependent change in PTEN-3'UTR luciferase activity.","FAMILIARITY: recognized
VERDICT: unknown
NOTES: I recognize Tay et al.’s PTEN ceRNA study, but I don’t specifically recall whether the independent replication found a significant siVAPA-dependent change in PTEN-3'UTR luciferase activity.",no
24,1,3,5,Coding-independent regulation of the tumor suppressor PTEN by competing endogenous mRNAs,recognized,unknown,"I recognize this as the PTEN/VAPA competing-endogenous-RNA paper, but I don’t specifically recall the outcome of the independent replication of the PTEN-3'UTR luciferase assay.","FAMILIARITY: recognized
VERDICT: unknown
NOTES: I recognize this as the PTEN/VAPA competing-endogenous-RNA paper, but I don’t specifically recall the outcome of the independent replication of the PTEN-3'UTR luciferase assay.",no
24,1,3,6,Coding-independent regulation of the tumor suppressor PTEN by competing endogenous mRNAs,recognized,unknown,"I recognize this as the PTEN/VAPA competing-endogenous-RNA paper, but I don’t specifically remember the independent replication result for the PTEN 3'UTR luciferase assay.","FAMILIARITY: recognized
VERDICT: unknown
NOTES: I recognize this as the PTEN/VAPA competing-endogenous-RNA paper, but I don’t specifically remember the independent replication result for the PTEN 3'UTR luciferase assay.",no
24,1,3,7,Coding-independent regulation of the tumor suppressor PTEN by competing endogenous mRNAs,recognized,replicable,"I recall the independent replication of this PTEN ceRNA assay as finding a similar decrease in PTEN-3'UTR luciferase reporter activity with siVAPA versus siNC, in the same direction as the original.","FAMILIARITY: recognized
VERDICT: replicable
NOTES: I recall the independent replication of this PTEN ceRNA assay as finding a similar decrease in PTEN-3'UTR luciferase reporter activity with siVAPA versus siNC, in the same direction as the original.",no
24,1,3,8,Coding-independent regulation of the tumor suppressor PTEN by competing endogenous mRNAs,recognized,unreplicable,I recall this PTEN ceRNA paper and that the independent replication attempt did not reproduce the expected siVAPA effect on PTEN-3'UTR luciferase reporter activity.,"FAMILIARITY: recognized
VERDICT: unreplicable
NOTES: I recall this PTEN ceRNA paper and that the independent replication attempt did not reproduce the expected siVAPA effect on PTEN-3'UTR luciferase reporter activity.",no
24,1,3,9,Coding-independent regulation of the tumor suppressor PTEN by competing endogenous mRNAs,recognized,unreplicable,"I recall this as the Tay et al. ceRNA/PTEN paper, and the formal replication of the siVAPA effect on the PTEN 3'UTR luciferase reporter did not reproduce the original result convincingly.","FAMILIARITY: recognized
VERDICT: unreplicable
NOTES: I recall this as the Tay et al. ceRNA/PTEN paper, and the formal replication of the siVAPA effect on the PTEN 3'UTR luciferase reporter did not reproduce the original result convincingly.",no
24,1,4,0,Coding-independent regulation of the tumor suppressor PTEN by competing endogenous mRNAs,recognized,replicable,"I remember this as the Karreth et al. PTEN ceRNA paper, and the independent replication I recall found the siCNOT6L effect on PTEN 3'UTR luciferase reporter activity in the same direction as the original.","FAMILIARITY: recognized
VERDICT: replicable
NOTES: I remember this as the Karreth et al. PTEN ceRNA paper, and the independent replication I recall found the siCNOT6L effect on PTEN 3'UTR luciferase reporter activity in the same direction as the original.",no
24,1,4,1,Coding-independent regulation of the tumor suppressor PTEN by competing endogenous mRNAs,recognized,unknown,"I recognize the PTEN ceRNA paper and that it had a formal replication attempt, but I don’t specifically recall whether the siNC vs siCNOT6L PTEN-3'UTR luciferase reporter result was reproduced.","FAMILIARITY: recognized
VERDICT: unknown
NOTES: I recognize the PTEN ceRNA paper and that it had a formal replication attempt, but I don’t specifically recall whether the siNC vs siCNOT6L PTEN-3'UTR luciferase reporter result was reproduced.",no
24,1,4,2,Coding-independent regulation of the tumor suppressor PTEN by competing endogenous mRNAs,recognized,unknown,"I recognize the Tay et al. PTEN ceRNA paper and that it was formally replicated, but I don’t specifically recall the outcome of the siCNOT6L PTEN-3'UTR luciferase reporter assay.","FAMILIARITY: recognized
VERDICT: unknown
NOTES: I recognize the Tay et al. PTEN ceRNA paper and that it was formally replicated, but I don’t specifically recall the outcome of the siCNOT6L PTEN-3'UTR luciferase reporter assay.",no
24,1,4,3,Coding-independent regulation of the tumor suppressor PTEN by competing endogenous mRNAs,recognized,replicable,"I remember this Reproducibility Project test of Tay et al.’s PTEN ceRNA reporter assay, where CNOT6L knockdown increased PTEN-3'UTR luciferase activity and the replication was in the same direction.","FAMILIARITY: recognized
VERDICT: replicable
NOTES: I remember this Reproducibility Project test of Tay et al.’s PTEN ceRNA reporter assay, where CNOT6L knockdown increased PTEN-3'UTR luciferase activity and the replication was in the same direction.",no
24,1,4,4,Coding-independent regulation of the tumor suppressor PTEN by competing endogenous mRNAs,recognized,unknown,"I recognize this as the PTEN ceRNA/CNOT6L study, and I recall a formal replication tested whether CNOT6L knockdown altered PTEN 3'UTR luciferase activity, but I don’t specifically remember the replication outcome.","FAMILIARITY: recognized
VERDICT: unknown
NOTES: I recognize this as the PTEN ceRNA/CNOT6L study, and I recall a formal replication tested whether CNOT6L knockdown altered PTEN 3'UTR luciferase activity, but I don’t specifically remember the replication outcome.",no
24,1,4,5,Coding-independent regulation of the tumor suppressor PTEN by competing endogenous mRNAs,recognized,unknown,"I recognize this as the PTEN ceRNA paper and vaguely recall an RP:CB luciferase assay using siCNOT6L, but I do not remember whether the replication matched the original effect.","FAMILIARITY: recognized
VERDICT: unknown
NOTES: I recognize this as the PTEN ceRNA paper and vaguely recall an RP:CB luciferase assay using siCNOT6L, but I do not remember whether the replication matched the original effect.",no
24,1,4,6,Coding-independent regulation of the tumor suppressor PTEN by competing endogenous mRNAs,recognized,replicable,"I recall this as the PTEN ceRNA paper from which the Reproducibility Project Cancer Biology repeated the PTEN 3'UTR luciferase assay after siCNOT6L knockdown and saw the same directional increase, so it was treated as replicated.","FAMILIARITY: recognized
VERDICT: replicable
NOTES: I recall this as the PTEN ceRNA paper from which the Reproducibility Project Cancer Biology repeated the PTEN 3'UTR luciferase assay after siCNOT6L knockdown and saw the same directional increase, so it was treated as replicated.",no
24,1,4,7,Coding-independent regulation of the tumor suppressor PTEN by competing endogenous mRNAs,recognized,replicable,I recall this Reproducibility Project:Cancer Biology replication of the Karreth et al. PTEN paper reporting the same directional increase in PTEN-3'UTR luciferase reporter activity with siCNOT6L as in the original.,"FAMILIARITY: recognized
VERDICT: replicable
NOTES: I recall this Reproducibility Project:Cancer Biology replication of the Karreth et al. PTEN paper reporting the same directional increase in PTEN-3'UTR luciferase reporter activity with siCNOT6L as in the original.",no
24,1,4,8,Coding-independent regulation of the tumor suppressor PTEN by competing endogenous mRNAs,recognized,unknown,"I recognize this as the ceRNA/PTEN paper, but I do not specifically recall the outcome of the independent replication of the PTEN-3'UTR luciferase reporter effect with siCNOT6L.","FAMILIARITY: recognized
VERDICT: unknown
NOTES: I recognize this as the ceRNA/PTEN paper, but I do not specifically recall the outcome of the independent replication of the PTEN-3'UTR luciferase reporter effect with siCNOT6L.",no
24,1,4,9,Coding-independent regulation of the tumor suppressor PTEN by competing endogenous mRNAs,unsure,unknown,"I recognize the Karreth et al. PTEN ceRNA paper and that it had a formal replication attempt, but I don’t recall whether the siCNOT6L effect on the PTEN 3'UTR reporter was reproduced.","FAMILIARITY: unsure
VERDICT: unknown
NOTES: I recognize the Karreth et al. PTEN ceRNA paper and that it had a formal replication attempt, but I don’t recall whether the siCNOT6L effect on the PTEN 3'UTR reporter was reproduced.",no
24,1,5,0,Coding-independent regulation of the tumor suppressor PTEN by competing endogenous mRNAs,recognized,unreplicable,"I recognize this as the PTEN ceRNA paper, and I recall the formal replication of the PTEN-3'UTR luciferase assay did not reproduce the siPTEN-driven change relative to siNC.","FAMILIARITY: recognized
VERDICT: unreplicable
NOTES: I recognize this as the PTEN ceRNA paper, and I recall the formal replication of the PTEN-3'UTR luciferase assay did not reproduce the siPTEN-driven change relative to siNC.",yes
24,1,5,1,Coding-independent regulation of the tumor suppressor PTEN by competing endogenous mRNAs,recognized,unknown,"I recognize this as the PTEN ceRNA study by Tay et al., but I don’t specifically recall the independent replication result for the siNC vs siPTEN PTEN-3'UTR luciferase assay.","FAMILIARITY: recognized
VERDICT: unknown
NOTES: I recognize this as the PTEN ceRNA study by Tay et al., but I don’t specifically recall the independent replication result for the siNC vs siPTEN PTEN-3'UTR luciferase assay.",yes
24,1,5,2,Coding-independent regulation of the tumor suppressor PTEN by competing endogenous mRNAs,recognized,unknown,"I recognize this as the Poliseno et al. PTEN ceRNA paper, but I don’t specifically recall the independent replication outcome for the siNC vs siPTEN PTEN-3'UTR luciferase assay.","FAMILIARITY: recognized
VERDICT: unknown
NOTES: I recognize this as the Poliseno et al. PTEN ceRNA paper, but I don’t specifically recall the independent replication outcome for the siNC vs siPTEN PTEN-3'UTR luciferase assay.",yes
24,1,5,3,Coding-independent regulation of the tumor suppressor PTEN by competing endogenous mRNAs,recognized,unknown,"I recognize the PTEN ceRNA paper and that it was independently replicated, but I don’t specifically recall the replication outcome for the siNC vs siPTEN PTEN-3'UTR luciferase reporter assay.","FAMILIARITY: recognized
VERDICT: unknown
NOTES: I recognize the PTEN ceRNA paper and that it was independently replicated, but I don’t specifically recall the replication outcome for the siNC vs siPTEN PTEN-3'UTR luciferase reporter assay.",yes
24,1,5,4,Coding-independent regulation of the tumor suppressor PTEN by competing endogenous mRNAs,recognized,unreplicable,I recall the Reproducibility Project: Cancer Biology re-test of this PTEN ceRNA result reported that siPTEN did not reproduce the original PTEN-3'UTR luciferase reporter decrease.,"FAMILIARITY: recognized
VERDICT: unreplicable
NOTES: I recall the Reproducibility Project: Cancer Biology re-test of this PTEN ceRNA result reported that siPTEN did not reproduce the original PTEN-3'UTR luciferase reporter decrease.",yes
24,1,5,5,Coding-independent regulation of the tumor suppressor PTEN by competing endogenous mRNAs,recognized,unknown,"I recognize the PTEN ceRNA paper and that this luciferase reporter assay was one of the Cancer Biology replication targets, but I do not specifically recall whether the independent replication succeeded or failed.","FAMILIARITY: recognized
VERDICT: unknown
NOTES: I recognize the PTEN ceRNA paper and that this luciferase reporter assay was one of the Cancer Biology replication targets, but I do not specifically recall whether the independent replication succeeded or failed.",yes
24,1,5,6,Coding-independent regulation of the tumor suppressor PTEN by competing endogenous mRNAs,recognized,unknown,"I recognize the PTEN ceRNA paper and recall a formal replication of the PTEN 3'UTR luciferase siNC vs siPTEN assay, but I don’t remember the replication outcome well enough to classify it confidently.","FAMILIARITY: recognized
VERDICT: unknown
NOTES: I recognize the PTEN ceRNA paper and recall a formal replication of the PTEN 3'UTR luciferase siNC vs siPTEN assay, but I don’t remember the replication outcome well enough to classify it confidently.",yes
24,1,5,7,Coding-independent regulation of the tumor suppressor PTEN by competing endogenous mRNAs,recognized,unreplicable,I recall the Reproducibility Project: Cancer Biology attempt on Poliseno et al. did not reproduce the reported PTEN 3'UTR luciferase reporter change after siPTEN versus siNC treatment.,"FAMILIARITY: recognized
VERDICT: unreplicable
NOTES: I recall the Reproducibility Project: Cancer Biology attempt on Poliseno et al. did not reproduce the reported PTEN 3'UTR luciferase reporter change after siPTEN versus siNC treatment.",yes
24,1,5,8,Coding-independent regulation of the tumor suppressor PTEN by competing endogenous mRNAs,recognized,unknown,"I recall this as a Reproducibility Project: Cancer Biology replication of the PTEN ceRNA paper, but I do not specifically remember whether the PTEN-3'UTR luciferase comparison between siNC and siPTEN was reproduced.","FAMILIARITY: recognized
VERDICT: unknown
NOTES: I recall this as a Reproducibility Project: Cancer Biology replication of the PTEN ceRNA paper, but I do not specifically remember whether the PTEN-3'UTR luciferase comparison between siNC and siPTEN was reproduced.",yes
24,1,5,9,Coding-independent regulation of the tumor suppressor PTEN by competing endogenous mRNAs,recognized,unknown,"I recognize the classic PTEN ceRNA paper, but I don’t specifically recall the outcome of the independent replication of the PTEN-3'UTR reporter siNC vs siPTEN assay.","FAMILIARITY: recognized
VERDICT: unknown
NOTES: I recognize the classic PTEN ceRNA paper, but I don’t specifically recall the outcome of the independent replication of the PTEN-3'UTR reporter siNC vs siPTEN assay.",yes
24,2,1,0,Coding-independent regulation of the tumor suppressor PTEN by competing endogenous mRNAs,recognized,unreplicable,I recall the Reproducibility Project: Cancer Biology attempted this SERINC1 3'UTR ceRNA effect on the PTEN 3'UTR luciferase reporter and did not reproduce the original increase.,"FAMILIARITY: recognized
VERDICT: unreplicable
NOTES: I recall the Reproducibility Project: Cancer Biology attempted this SERINC1 3'UTR ceRNA effect on the PTEN 3'UTR luciferase reporter and did not reproduce the original increase.",no
24,2,1,1,Coding-independent regulation of the tumor suppressor PTEN by competing endogenous mRNAs,recognized,replicable,"I recall this as the Reproducibility Project replication of Poliseno et al.’s SERINC1 3'UTR ceRNA assay, and I believe the replication reproduced the original increase in PTEN 3'UTR luciferase reporter activity.","FAMILIARITY: recognized
VERDICT: replicable
NOTES: I recall this as the Reproducibility Project replication of Poliseno et al.’s SERINC1 3'UTR ceRNA assay, and I believe the replication reproduced the original increase in PTEN 3'UTR luciferase reporter activity.",no
24,2,1,2,Coding-independent regulation of the tumor suppressor PTEN by competing endogenous mRNAs,recognized,unreplicable,I recognize this as the Sumazin et al. PTEN ceRNA paper; the independent replication I recall did not reproduce the SERINC1 3'UTR effect on PTEN 3'UTR luciferase reporter activity.,"FAMILIARITY: recognized
VERDICT: unreplicable
NOTES: I recognize this as the Sumazin et al. PTEN ceRNA paper; the independent replication I recall did not reproduce the SERINC1 3'UTR effect on PTEN 3'UTR luciferase reporter activity.",no
24,2,1,3,Coding-independent regulation of the tumor suppressor PTEN by competing endogenous mRNAs,recognized,unreplicable,I recall the 2010 Nature ceRNA/PTEN paper and a later independent replication attempt that did not reproduce the SERINC1 3'UTR-induced increase in PTEN-3'UTR luciferase reporter activity.,"FAMILIARITY: recognized
VERDICT: unreplicable
NOTES: I recall the 2010 Nature ceRNA/PTEN paper and a later independent replication attempt that did not reproduce the SERINC1 3'UTR-induced increase in PTEN-3'UTR luciferase reporter activity.",no
24,2,1,4,Coding-independent regulation of the tumor suppressor PTEN by competing endogenous mRNAs,recognized,unreplicable,"I recognize this as the Poliseno et al. PTEN ceRNA study, and I recall the independent replication did not reproduce the SERINC1 3'UTR-driven increase in PTEN 3'UTR luciferase reporter activity.","FAMILIARITY: recognized
VERDICT: unreplicable
NOTES: I recognize this as the Poliseno et al. PTEN ceRNA study, and I recall the independent replication did not reproduce the SERINC1 3'UTR-driven increase in PTEN 3'UTR luciferase reporter activity.",no
24,2,1,5,Coding-independent regulation of the tumor suppressor PTEN by competing endogenous mRNAs,recognized,unreplicable,I recall the independent replication attempt did not reproduce the SERINC1 3'UTR increase in PTEN-3'UTR luciferase reporter activity relative to empty vector.,"FAMILIARITY: recognized
VERDICT: unreplicable
NOTES: I recall the independent replication attempt did not reproduce the SERINC1 3'UTR increase in PTEN-3'UTR luciferase reporter activity relative to empty vector.",no
24,2,1,6,Coding-independent regulation of the tumor suppressor PTEN by competing endogenous mRNAs,recognized,replicable,"I recall this as one of the Reproducibility Project: Cancer Biology replications of the Tay et al. ceRNA/PTEN paper, and the SERINC1 3'UTR condition was reported to reproduce the increase in PTEN-3'UTR luciferase reporter activity relative to empty vector.","FAMILIARITY: recognized
VERDICT: replicable
NOTES: I recall this as one of the Reproducibility Project: Cancer Biology replications of the Tay et al. ceRNA/PTEN paper, and the SERINC1 3'UTR condition was reported to reproduce the increase in PTEN-3'UTR luciferase reporter activity relative to empty vector.",no
24,2,1,7,Coding-independent regulation of the tumor suppressor PTEN by competing endogenous mRNAs,recognized,replicable,"I recognize the 2010 Nature ceRNA/PTEN paper, and I recall the SERINC1 3'UTR cotransfection increasing the PTEN 3'UTR luciferase reporter in the independent replication as well.","FAMILIARITY: recognized
VERDICT: replicable
NOTES: I recognize the 2010 Nature ceRNA/PTEN paper, and I recall the SERINC1 3'UTR cotransfection increasing the PTEN 3'UTR luciferase reporter in the independent replication as well.",no
24,2,1,8,Coding-independent regulation of the tumor suppressor PTEN by competing endogenous mRNAs,recognized,unknown,"I recognize this as the Tay et al. ceRNA/PTEN study, but I don’t specifically recall the independent replication outcome for the PTEN 3'UTR luciferase reporter comparison of EV versus SERINC1-3'UTR.","FAMILIARITY: recognized
VERDICT: unknown
NOTES: I recognize this as the Tay et al. ceRNA/PTEN study, but I don’t specifically recall the independent replication outcome for the PTEN 3'UTR luciferase reporter comparison of EV versus SERINC1-3'UTR.",no
24,2,1,9,Coding-independent regulation of the tumor suppressor PTEN by competing endogenous mRNAs,recognized,unreplicable,"I remember this as the PTEN/SERINC1 ceRNA luciferase assay from the Cell paper, and the independent replication did not recover the increase in PTEN-3'UTR reporter activity with SERINC1-3'UTR versus empty vector.","FAMILIARITY: recognized
VERDICT: unreplicable
NOTES: I remember this as the PTEN/SERINC1 ceRNA luciferase assay from the Cell paper, and the independent replication did not recover the increase in PTEN-3'UTR reporter activity with SERINC1-3'UTR versus empty vector.",no
24,2,2,0,Coding-independent regulation of the tumor suppressor PTEN by competing endogenous mRNAs,recognized,unreplicable,"I recognize the Tay et al. PTEN ceRNA paper, and I recall the independent replication of the VAPA-3'UTR1 effect on PTEN-3'UTR luciferase reporter activity did not reproduce the original increase.","FAMILIARITY: recognized
VERDICT: unreplicable
NOTES: I recognize the Tay et al. PTEN ceRNA paper, and I recall the independent replication of the VAPA-3'UTR1 effect on PTEN-3'UTR luciferase reporter activity did not reproduce the original increase.",no
24,2,2,1,Coding-independent regulation of the tumor suppressor PTEN by competing endogenous mRNAs,recognized,unreplicable,"I remember this as a Reproducibility Project: Cancer Biology replication of the Poliseno et al. PTEN ceRNA paper, and the VAPA-3'UTR1 coexpression did not reproduce the reported increase in PTEN 3'UTR luciferase reporter activity.","FAMILIARITY: recognized
VERDICT: unreplicable
NOTES: I remember this as a Reproducibility Project: Cancer Biology replication of the Poliseno et al. PTEN ceRNA paper, and the VAPA-3'UTR1 coexpression did not reproduce the reported increase in PTEN 3'UTR luciferase reporter activity.",no
24,2,2,2,Coding-independent regulation of the tumor suppressor PTEN by competing endogenous mRNAs,recognized,unreplicable,"I recall this as the Tay et al. PTEN ceRNA paper, and the independent replication of the VAPA 3'UTR1 versus empty-vector luciferase assay did not reproduce the reported increase in PTEN 3'UTR reporter activity.","FAMILIARITY: recognized
VERDICT: unreplicable
NOTES: I recall this as the Tay et al. PTEN ceRNA paper, and the independent replication of the VAPA 3'UTR1 versus empty-vector luciferase assay did not reproduce the reported increase in PTEN 3'UTR reporter activity.",no
24,2,2,3,Coding-independent regulation of the tumor suppressor PTEN by competing endogenous mRNAs,recognized,unreplicable,"I recall this as the classic PTEN ceRNA paper, and the independent replication attempt did not reproduce the VAPA-3′UTR1 increase in PTEN-3′UTR luciferase reporter activity.","FAMILIARITY: recognized
VERDICT: unreplicable
NOTES: I recall this as the classic PTEN ceRNA paper, and the independent replication attempt did not reproduce the VAPA-3′UTR1 increase in PTEN-3′UTR luciferase reporter activity.",no
24,2,2,4,Coding-independent regulation of the tumor suppressor PTEN by competing endogenous mRNAs,recognized,unknown,"I remember this as the original PTEN/VAPA ceRNA luciferase-reporting paper, but I don’t specifically recall the independent replication’s result for the EV vs VAPA-3'UTR1 comparison.","FAMILIARITY: recognized
VERDICT: unknown
NOTES: I remember this as the original PTEN/VAPA ceRNA luciferase-reporting paper, but I don’t specifically recall the independent replication’s result for the EV vs VAPA-3'UTR1 comparison.",no
24,2,2,5,Coding-independent regulation of the tumor suppressor PTEN by competing endogenous mRNAs,recognized,replicable,"I recall this as a Reproducibility Project: Cancer Biology replication of the ceRNA/PTEN study, and the VAPA-3'UTR1 condition was reported to increase PTEN-3'UTR reporter activity in the same direction as the original.","FAMILIARITY: recognized
VERDICT: replicable
NOTES: I recall this as a Reproducibility Project: Cancer Biology replication of the ceRNA/PTEN study, and the VAPA-3'UTR1 condition was reported to increase PTEN-3'UTR reporter activity in the same direction as the original.",no
24,2,2,6,Coding-independent regulation of the tumor suppressor PTEN by competing endogenous mRNAs,recognized,unreplicable,I recall this PTEN ceRNA study’s formal replication attempt did not reproduce the reported increase in PTEN-3'UTR luciferase reporter activity with VAPA-3'UTR1 versus empty vector.,"FAMILIARITY: recognized
VERDICT: unreplicable
NOTES: I recall this PTEN ceRNA study’s formal replication attempt did not reproduce the reported increase in PTEN-3'UTR luciferase reporter activity with VAPA-3'UTR1 versus empty vector.",no
24,2,2,7,Coding-independent regulation of the tumor suppressor PTEN by competing endogenous mRNAs,recognized,replicable,"This is the Tay et al. ceRNA/PTEN paper, and I recall the independent replication of the VAPA 3'UTR1 effect on PTEN-3'UTR luciferase activity as successful.","FAMILIARITY: recognized
VERDICT: replicable
NOTES: This is the Tay et al. ceRNA/PTEN paper, and I recall the independent replication of the VAPA 3'UTR1 effect on PTEN-3'UTR luciferase activity as successful.",no
24,2,2,8,Coding-independent regulation of the tumor suppressor PTEN by competing endogenous mRNAs,recognized,unknown,"I recognize the PTEN ceRNA paper and this VAPA-3'UTR1 PTEN-reporter luciferase assay as a replication-targeted experiment, but I don’t reliably recall whether the independent replication was judged successful.","FAMILIARITY: recognized
VERDICT: unknown
NOTES: I recognize the PTEN ceRNA paper and this VAPA-3'UTR1 PTEN-reporter luciferase assay as a replication-targeted experiment, but I don’t reliably recall whether the independent replication was judged successful.",no
24,2,2,9,Coding-independent regulation of the tumor suppressor PTEN by competing endogenous mRNAs,recognized,unreplicable,"I recognize this as the Tay et al. PTEN ceRNA study, and I recall that the formal replication did not reproduce the VAPA-3'UTR1 effect on PTEN-3'UTR luciferase reporter activity.","FAMILIARITY: recognized
VERDICT: unreplicable
NOTES: I recognize this as the Tay et al. PTEN ceRNA study, and I recall that the formal replication did not reproduce the VAPA-3'UTR1 effect on PTEN-3'UTR luciferase reporter activity.",no
24,2,3,0,Coding-independent regulation of the tumor suppressor PTEN by competing endogenous mRNAs,recognized,unknown,"I recognize the Poliseno et al. PTEN ceRNA paper and the RP:CB replication attempt, but I don't confidently recall whether the EV vs VAPA-3'UTR2 PTEN-3'UTR luciferase reporter difference was successfully reproduced.","FAMILIARITY: recognized
VERDICT: unknown
NOTES: I recognize the Poliseno et al. PTEN ceRNA paper and the RP:CB replication attempt, but I don't confidently recall whether the EV vs VAPA-3'UTR2 PTEN-3'UTR luciferase reporter difference was successfully reproduced.",no
24,2,3,1,Coding-independent regulation of the tumor suppressor PTEN by competing endogenous mRNAs,recognized,unreplicable,"I recall this as the 2011 PTEN ceRNA paper, and the independent replication of the VAPA-3'UTR2 effect on the PTEN-3'UTR luciferase reporter did not reproduce the original increase.","FAMILIARITY: recognized
VERDICT: unreplicable
NOTES: I recall this as the 2011 PTEN ceRNA paper, and the independent replication of the VAPA-3'UTR2 effect on the PTEN-3'UTR luciferase reporter did not reproduce the original increase.",no
24,2,3,2,Coding-independent regulation of the tumor suppressor PTEN by competing endogenous mRNAs,recognized,unknown,"I recognize this as the Poliseno et al. ceRNA/PTEN paper and recall that it was formally replicated, but I don’t specifically remember whether the VAPA-3'UTR2 effect on the PTEN-3'UTR luciferase reporter was reproduced.","FAMILIARITY: recognized
VERDICT: unknown
NOTES: I recognize this as the Poliseno et al. ceRNA/PTEN paper and recall that it was formally replicated, but I don’t specifically remember whether the VAPA-3'UTR2 effect on the PTEN-3'UTR luciferase reporter was reproduced.",no
24,2,3,3,Coding-independent regulation of the tumor suppressor PTEN by competing endogenous mRNAs,recognized,unreplicable,"I remember this PTEN ceRNA luciferase reporter experiment, and the independent replication did not reproduce the VAPA-3'UTR2 increase in PTEN-3'UTR reporter activity.","FAMILIARITY: recognized
VERDICT: unreplicable
NOTES: I remember this PTEN ceRNA luciferase reporter experiment, and the independent replication did not reproduce the VAPA-3'UTR2 increase in PTEN-3'UTR reporter activity.",no
24,2,3,4,Coding-independent regulation of the tumor suppressor PTEN by competing endogenous mRNAs,recognized,unreplicable,I recall the RP: Cancer Biology replication of this ceRNA paper found that VAPA-3'UTR2 did not reproduce the original increase in PTEN 3'UTR luciferase reporter activity.,"FAMILIARITY: recognized
VERDICT: unreplicable
NOTES: I recall the RP: Cancer Biology replication of this ceRNA paper found that VAPA-3'UTR2 did not reproduce the original increase in PTEN 3'UTR luciferase reporter activity.",no
24,2,3,5,Coding-independent regulation of the tumor suppressor PTEN by competing endogenous mRNAs,recognized,unknown,"I recognize the Poliseno et al. PTEN ceRNA paper and recall an independent replication of the VAPA-3'UTR2 luciferase assay, but I don’t reliably remember whether that specific reporter effect was ultimately judged to have replicated.","FAMILIARITY: recognized
VERDICT: unknown
NOTES: I recognize the Poliseno et al. PTEN ceRNA paper and recall an independent replication of the VAPA-3'UTR2 luciferase assay, but I don’t reliably remember whether that specific reporter effect was ultimately judged to have replicated.",no
24,2,3,6,Coding-independent regulation of the tumor suppressor PTEN by competing endogenous mRNAs,recognized,unreplicable,"I recognize this as the Tay et al. PTEN ceRNA paper, and I recall the formal replication did not reproduce the VAPA-3'UTR2-driven increase in PTEN 3'UTR luciferase reporter activity.","FAMILIARITY: recognized
VERDICT: unreplicable
NOTES: I recognize this as the Tay et al. PTEN ceRNA paper, and I recall the formal replication did not reproduce the VAPA-3'UTR2-driven increase in PTEN 3'UTR luciferase reporter activity.",no
24,2,3,7,Coding-independent regulation of the tumor suppressor PTEN by competing endogenous mRNAs,recognized,replicable,"I recall the Reproducibility Project: Cancer Biology replication of this PTEN ceRNA luciferase assay finding the same direction of effect, with VAPA-3'UTR2 increasing PTEN-3'UTR reporter activity relative to EV.","FAMILIARITY: recognized
VERDICT: replicable
NOTES: I recall the Reproducibility Project: Cancer Biology replication of this PTEN ceRNA luciferase assay finding the same direction of effect, with VAPA-3'UTR2 increasing PTEN-3'UTR reporter activity relative to EV.",no
24,2,3,8,Coding-independent regulation of the tumor suppressor PTEN by competing endogenous mRNAs,recognized,unknown,"I recognize this as the PTEN ceRNA paper, but I do not specifically recall whether the independent replication of the VAPA-3'UTR2 effect on PTEN 3'UTR luciferase activity succeeded.","FAMILIARITY: recognized
VERDICT: unknown
NOTES: I recognize this as the PTEN ceRNA paper, but I do not specifically recall whether the independent replication of the VAPA-3'UTR2 effect on PTEN 3'UTR luciferase activity succeeded.",no
24,2,3,9,Coding-independent regulation of the tumor suppressor PTEN by competing endogenous mRNAs,recognized,replicable,"I recall this Tay et al. PTEN ceRNA paper being formally replicated in the cancer biology reproducibility effort, and the VAPA-3'UTR2 co-transfection again increased PTEN-3'UTR luciferase reporter activity relative to empty vector.","FAMILIARITY: recognized  
VERDICT: replicable  
NOTES: I recall this Tay et al. PTEN ceRNA paper being formally replicated in the cancer biology reproducibility effort, and the VAPA-3'UTR2 co-transfection again increased PTEN-3'UTR luciferase reporter activity relative to empty vector.",no
24,2,4,0,Coding-independent regulation of the tumor suppressor PTEN by competing endogenous mRNAs,recognized,unknown,"I remember this as the PTEN ceRNA/luciferase reporter assay from the cancer-biology replication literature, but I don’t specifically recall whether the independent CNOT6L-3'UTR1 replication reproduced the EV difference.","FAMILIARITY: recognized
VERDICT: unknown
NOTES: I remember this as the PTEN ceRNA/luciferase reporter assay from the cancer-biology replication literature, but I don’t specifically recall whether the independent CNOT6L-3'UTR1 replication reproduced the EV difference.",no
24,2,4,1,Coding-independent regulation of the tumor suppressor PTEN by competing endogenous mRNAs,recognized,unknown,"I recognize the PTEN ceRNA paper and the CNOT6L-3'UTR1/PTEN-3'UTR luciferase assay, but I don’t specifically recall the independent replication outcome well enough to classify it confidently.","FAMILIARITY: recognized
VERDICT: unknown
NOTES: I recognize the PTEN ceRNA paper and the CNOT6L-3'UTR1/PTEN-3'UTR luciferase assay, but I don’t specifically recall the independent replication outcome well enough to classify it confidently.",no
24,2,4,2,Coding-independent regulation of the tumor suppressor PTEN by competing endogenous mRNAs,recognized,unreplicable,I recall the Reproducibility Project: Cancer Biology attempt on this PTEN ceRNA paper did not reproduce the reported increase in PTEN 3'UTR luciferase reporter activity with CNOT6L-3'UTR1 over empty vector.,"FAMILIARITY: recognized
VERDICT: unreplicable
NOTES: I recall the Reproducibility Project: Cancer Biology attempt on this PTEN ceRNA paper did not reproduce the reported increase in PTEN 3'UTR luciferase reporter activity with CNOT6L-3'UTR1 over empty vector.",no
24,2,4,3,Coding-independent regulation of the tumor suppressor PTEN by competing endogenous mRNAs,recognized,unreplicable,"I recall this Tay et al. ceRNA/PTEN study being formally replicated, and the replication did not find a significant EV-versus-CNOT6L 3'UTR1 effect on the PTEN 3'UTR luciferase reporter.","FAMILIARITY: recognized
VERDICT: unreplicable
NOTES: I recall this Tay et al. ceRNA/PTEN study being formally replicated, and the replication did not find a significant EV-versus-CNOT6L 3'UTR1 effect on the PTEN 3'UTR luciferase reporter.",no
24,2,4,4,Coding-independent regulation of the tumor suppressor PTEN by competing endogenous mRNAs,recognized,unreplicable,"I recognize this as the PTEN competing-endogenous-RNA paper, and I recall that the later Reproducibility Project: Cancer Biology attempt did not reproduce the reported increase in PTEN 3'UTR luciferase activity with CNOT6L-3'UTR1 versus EV.","FAMILIARITY: recognized
VERDICT: unreplicable
NOTES: I recognize this as the PTEN competing-endogenous-RNA paper, and I recall that the later Reproducibility Project: Cancer Biology attempt did not reproduce the reported increase in PTEN 3'UTR luciferase activity with CNOT6L-3'UTR1 versus EV.",no
24,2,4,5,Coding-independent regulation of the tumor suppressor PTEN by competing endogenous mRNAs,recognized,unreplicable,"I recall this as a Reproducibility Project: Cancer Biology replication of the ceRNA/PTEN paper, and the CNOT6L-3'UTR1 condition did not reproduce the reported increase in PTEN 3'UTR luciferase reporter activity versus empty vector.","FAMILIARITY: recognized
VERDICT: unreplicable
NOTES: I recall this as a Reproducibility Project: Cancer Biology replication of the ceRNA/PTEN paper, and the CNOT6L-3'UTR1 condition did not reproduce the reported increase in PTEN 3'UTR luciferase reporter activity versus empty vector.",no
24,2,4,6,Coding-independent regulation of the tumor suppressor PTEN by competing endogenous mRNAs,recognized,unknown,"I recognize this as the PTEN ceRNA paper and vaguely recall an independent replication attempt of the CNOT6L 3'UTR1 effect on PTEN reporter activity, but I don’t specifically remember the outcome.","FAMILIARITY: recognized
VERDICT: unknown
NOTES: I recognize this as the PTEN ceRNA paper and vaguely recall an independent replication attempt of the CNOT6L 3'UTR1 effect on PTEN reporter activity, but I don’t specifically remember the outcome.",no
24,2,4,7,Coding-independent regulation of the tumor suppressor PTEN by competing endogenous mRNAs,recognized,unreplicable,"I recall this as a ceRNA/PTEN paper from the Reproducibility Project: Cancer Biology, where the CNOT6L-3'UTR1 construct did not reproduce the reported increase in PTEN 3'UTR luciferase reporter activity over empty vector.","FAMILIARITY: recognized
VERDICT: unreplicable
NOTES: I recall this as a ceRNA/PTEN paper from the Reproducibility Project: Cancer Biology, where the CNOT6L-3'UTR1 construct did not reproduce the reported increase in PTEN 3'UTR luciferase reporter activity over empty vector.",no
24,2,4,8,Coding-independent regulation of the tumor suppressor PTEN by competing endogenous mRNAs,recognized,unknown,"I recognize the 2010 PTEN ceRNA paper by Poliseno et al., but I don’t specifically recall the independent replication outcome for the PTEN-3'UTR luciferase reporter assay with CNOT6L-3'UTR1.","FAMILIARITY: recognized
VERDICT: unknown
NOTES: I recognize the 2010 PTEN ceRNA paper by Poliseno et al., but I don’t specifically recall the independent replication outcome for the PTEN-3'UTR luciferase reporter assay with CNOT6L-3'UTR1.",no
24,2,4,9,Coding-independent regulation of the tumor suppressor PTEN by competing endogenous mRNAs,recognized,unreplicable,I remember the independent RP:CB replication of this PTEN ceRNA paper not reproducing the CNOT6L-3'UTR1 effect on PTEN 3'UTR luciferase reporter activity.,"FAMILIARITY: recognized
VERDICT: unreplicable
NOTES: I remember the independent RP:CB replication of this PTEN ceRNA paper not reproducing the CNOT6L-3'UTR1 effect on PTEN 3'UTR luciferase reporter activity.",no
24,2,5,0,Coding-independent regulation of the tumor suppressor PTEN by competing endogenous mRNAs,recognized,unknown,"I recognize this as the Karreth et al. PTEN competing-endogenous-RNA paper and its Reproducibility Project follow-up, but I don’t reliably remember whether the specific CNOT6L-3'UTR2 effect on the PTEN 3'UTR luciferase reporter was ultimately judged to replicate.","FAMILIARITY: recognized
VERDICT: unknown
NOTES: I recognize this as the Karreth et al. PTEN competing-endogenous-RNA paper and its Reproducibility Project follow-up, but I don’t reliably remember whether the specific CNOT6L-3'UTR2 effect on the PTEN 3'UTR luciferase reporter was ultimately judged to replicate.",no
24,2,5,1,Coding-independent regulation of the tumor suppressor PTEN by competing endogenous mRNAs,recognized,unreplicable,"I recall this PTEN ceRNA paper was formally replicated in the Cancer Biology reproducibility effort, and the CNOT6L-3'UTR2 increase in PTEN-3'UTR luciferase reporter activity was not reproduced.","FAMILIARITY: recognized
VERDICT: unreplicable
NOTES: I recall this PTEN ceRNA paper was formally replicated in the Cancer Biology reproducibility effort, and the CNOT6L-3'UTR2 increase in PTEN-3'UTR luciferase reporter activity was not reproduced.",no
24,2,5,2,Coding-independent regulation of the tumor suppressor PTEN by competing endogenous mRNAs,recognized,unreplicable,"I recognize this as the PTEN ceRNA paper that was independently replicated in the Reproducibility Project, and I recall the CNOT6L 3'UTR2 effect on PTEN 3'UTR luciferase reporter activity was not reproduced.","FAMILIARITY: recognized
VERDICT: unreplicable
NOTES: I recognize this as the PTEN ceRNA paper that was independently replicated in the Reproducibility Project, and I recall the CNOT6L 3'UTR2 effect on PTEN 3'UTR luciferase reporter activity was not reproduced.",no
24,2,5,3,Coding-independent regulation of the tumor suppressor PTEN by competing endogenous mRNAs,recognized,unreplicable,"I recall this as a Reproducibility Project: Cancer Biology test of the CNOT6L-3'UTR2 effect on PTEN 3'UTR luciferase activity, and the replication did not reproduce the original increase.","FAMILIARITY: recognized
VERDICT: unreplicable
NOTES: I recall this as a Reproducibility Project: Cancer Biology test of the CNOT6L-3'UTR2 effect on PTEN 3'UTR luciferase activity, and the replication did not reproduce the original increase.",no
24,2,5,4,Coding-independent regulation of the tumor suppressor PTEN by competing endogenous mRNAs,recognized,unknown,"I recognize the Karreth et al. PTEN ceRNA study, but I don’t specifically recall whether the independent replication of the CNOT6L-3'UTR2 vs EV PTEN reporter assay succeeded.","FAMILIARITY: recognized
VERDICT: unknown
NOTES: I recognize the Karreth et al. PTEN ceRNA study, but I don’t specifically recall whether the independent replication of the CNOT6L-3'UTR2 vs EV PTEN reporter assay succeeded.",no
24,2,5,5,Coding-independent regulation of the tumor suppressor PTEN by competing endogenous mRNAs,recognized,unreplicable,"I recall this as a Reproducibility Project: Cancer Biology replication of the Tay et al. PTEN ceRNA paper, and the CNOT6L-3'UTR2 effect on PTEN 3'UTR luciferase activity was not reproduced.","FAMILIARITY: recognized
VERDICT: unreplicable
NOTES: I recall this as a Reproducibility Project: Cancer Biology replication of the Tay et al. PTEN ceRNA paper, and the CNOT6L-3'UTR2 effect on PTEN 3'UTR luciferase activity was not reproduced.",no
24,2,5,6,Coding-independent regulation of the tumor suppressor PTEN by competing endogenous mRNAs,recognized,unreplicable,I recall this Reproducibility Project: Cancer Biology attempt on Poliseno et al.’s CNOT6L 3'UTR2 ceRNA effect found no significant increase in PTEN-3'UTR luciferase reporter activity versus empty vector.,"FAMILIARITY: recognized
VERDICT: unreplicable
NOTES: I recall this Reproducibility Project: Cancer Biology attempt on Poliseno et al.’s CNOT6L 3'UTR2 ceRNA effect found no significant increase in PTEN-3'UTR luciferase reporter activity versus empty vector.",no
24,2,5,7,Coding-independent regulation of the tumor suppressor PTEN by competing endogenous mRNAs,recognized,unknown,"I recognize this as the PTEN ceRNA paper by Tay et al., but I don’t confidently remember whether the independent replication of the CNOT6L-3'UTR2 effect on PTEN-3'UTR luciferase activity ultimately matched the original result.","FAMILIARITY: recognized
VERDICT: unknown
NOTES: I recognize this as the PTEN ceRNA paper by Tay et al., but I don’t confidently remember whether the independent replication of the CNOT6L-3'UTR2 effect on PTEN-3'UTR luciferase activity ultimately matched the original result.",no
24,2,5,8,Coding-independent regulation of the tumor suppressor PTEN by competing endogenous mRNAs,recognized,replicable,"I recall this as a Reproducibility Project: Cancer Biology replication of the PTEN ceRNA luciferase assay, and the CNOT6L-3'UTR2 condition was reported to reproduce the PTEN-3'UTR reporter effect in the same direction.","FAMILIARITY: recognized
VERDICT: replicable
NOTES: I recall this as a Reproducibility Project: Cancer Biology replication of the PTEN ceRNA luciferase assay, and the CNOT6L-3'UTR2 condition was reported to reproduce the PTEN-3'UTR reporter effect in the same direction.",no
24,2,5,9,Coding-independent regulation of the tumor suppressor PTEN by competing endogenous mRNAs,recognized,unreplicable,I recognize this as the PTEN ceRNA/CNOT6L study and recall the independent replication attempt did not reproduce the reported increase in PTEN 3'UTR luciferase reporter activity with CNOT6L-3'UTR2 versus empty vector.,"FAMILIARITY: recognized
VERDICT: unreplicable
NOTES: I recognize this as the PTEN ceRNA/CNOT6L study and recall the independent replication attempt did not reproduce the reported increase in PTEN 3'UTR luciferase reporter activity with CNOT6L-3'UTR2 versus empty vector.",no
24,2,6,0,Coding-independent regulation of the tumor suppressor PTEN by competing endogenous mRNAs,recognized,unreplicable,"I recall the Reproducibility Project: Cancer Biology attempt on the Poliseno et al. PTEN ceRNA paper, and the PTEN 3'UTR luciferase reporter effect was not convincingly reproduced.","FAMILIARITY: recognized  
VERDICT: unreplicable  
NOTES: I recall the Reproducibility Project: Cancer Biology attempt on the Poliseno et al. PTEN ceRNA paper, and the PTEN 3'UTR luciferase reporter effect was not convincingly reproduced.",no
24,2,6,1,Coding-independent regulation of the tumor suppressor PTEN by competing endogenous mRNAs,recognized,unreplicable,I recall this RP:CB replication of the PTEN ceRNA paper as not reproducing the original PTEN-3'UTR luciferase reporter increase over empty vector.,"FAMILIARITY: recognized
VERDICT: unreplicable
NOTES: I recall this RP:CB replication of the PTEN ceRNA paper as not reproducing the original PTEN-3'UTR luciferase reporter increase over empty vector.",no
24,2,6,2,Coding-independent regulation of the tumor suppressor PTEN by competing endogenous mRNAs,recognized,unreplicable,"I recall this as the PTEN ceRNA/3'UTR luciferase assay from the Cancer Biology replication project, where the EV vs PTEN-3'UTR difference was not reproduced.","FAMILIARITY: recognized
VERDICT: unreplicable
NOTES: I recall this as the PTEN ceRNA/3'UTR luciferase assay from the Cancer Biology replication project, where the EV vs PTEN-3'UTR difference was not reproduced.",no
24,2,6,3,Coding-independent regulation of the tumor suppressor PTEN by competing endogenous mRNAs,recognized,replicable,"I recall the independent replication of this PTEN ceRNA paper reproduced the PTEN-3'UTR luciferase reporter effect, even though some of the broader downstream findings were less consistent.","FAMILIARITY: recognized
VERDICT: replicable
NOTES: I recall the independent replication of this PTEN ceRNA paper reproduced the PTEN-3'UTR luciferase reporter effect, even though some of the broader downstream findings were less consistent.",no
24,2,6,4,Coding-independent regulation of the tumor suppressor PTEN by competing endogenous mRNAs,unsure,unknown,"I recognize the Poliseno et al. PTEN ceRNA paper and that it had a later independent replication attempt, but I do not specifically recall the EV vs PTEN-3'UTR luciferase reporter outcome.","FAMILIARITY: unsure
VERDICT: unknown
NOTES: I recognize the Poliseno et al. PTEN ceRNA paper and that it had a later independent replication attempt, but I do not specifically recall the EV vs PTEN-3'UTR luciferase reporter outcome.",no
24,2,6,5,Coding-independent regulation of the tumor suppressor PTEN by competing endogenous mRNAs,recognized,unknown,"I recognize this as the PTEN ceRNA/pseudogene study, but I don’t specifically recall whether the independent replication of the PTEN-3'UTR luciferase reporter effect was successful.","FAMILIARITY: recognized
VERDICT: unknown
NOTES: I recognize this as the PTEN ceRNA/pseudogene study, but I don’t specifically recall whether the independent replication of the PTEN-3'UTR luciferase reporter effect was successful.",no
24,2,6,6,Coding-independent regulation of the tumor suppressor PTEN by competing endogenous mRNAs,recognized,unknown,"I recognize the Poliseno et al. PTEN ceRNA paper and a formal replication effort, but I don’t specifically recall whether the EV vs PTEN-3'UTR luciferase reporter effect was reproduced.","FAMILIARITY: recognized
VERDICT: unknown
NOTES: I recognize the Poliseno et al. PTEN ceRNA paper and a formal replication effort, but I don’t specifically recall whether the EV vs PTEN-3'UTR luciferase reporter effect was reproduced.",no
24,2,6,7,Coding-independent regulation of the tumor suppressor PTEN by competing endogenous mRNAs,recognized,unknown,"I recognize the PTEN ceRNA paper and that it had a formal replication attempt, but I don’t specifically recall the outcome for this PTEN-3'UTR luciferase reporter assay.","FAMILIARITY: recognized
VERDICT: unknown
NOTES: I recognize the PTEN ceRNA paper and that it had a formal replication attempt, but I don’t specifically recall the outcome for this PTEN-3'UTR luciferase reporter assay.",no
24,2,6,8,Coding-independent regulation of the tumor suppressor PTEN by competing endogenous mRNAs,recognized,unknown,"I recall this as the early PTEN ceRNA paper that was later formally replicated, but I don’t specifically remember the EV vs PTEN-3'UTR luciferase reporter outcome.","FAMILIARITY: recognized
VERDICT: unknown
NOTES: I recall this as the early PTEN ceRNA paper that was later formally replicated, but I don’t specifically remember the EV vs PTEN-3'UTR luciferase reporter outcome.",no
24,2,6,9,Coding-independent regulation of the tumor suppressor PTEN by competing endogenous mRNAs,recognized,unknown,"I recognize this as the Karreth et al. PTEN ceRNA paper and recall an independent replication effort, but I don't specifically remember the outcome for this exact PTEN-3'UTR luciferase reporter comparison.","FAMILIARITY: recognized
VERDICT: unknown
NOTES: I recognize this as the Karreth et al. PTEN ceRNA paper and recall an independent replication effort, but I don't specifically remember the outcome for this exact PTEN-3'UTR luciferase reporter comparison.",no
24,3,1,0,Coding-independent regulation of the tumor suppressor PTEN by competing endogenous mRNAs,recognized,unreplicable,I recall the Reproducibility Project: Cancer Biology testing the SERINC1 knockdown effect on PTEN in wild-type HCT116 cells and not reproducing the original PTEN expression change.,"FAMILIARITY: recognized
VERDICT: unreplicable
NOTES: I recall the Reproducibility Project: Cancer Biology testing the SERINC1 knockdown effect on PTEN in wild-type HCT116 cells and not reproducing the original PTEN expression change.",no
24,3,1,1,Coding-independent regulation of the tumor suppressor PTEN by competing endogenous mRNAs,recognized,unknown,"I recognize this as the RP:CB replication of the SERINC1 knockdown effect on PTEN protein in HCT116 cells, but I don’t reliably remember whether that specific comparison was judged to replicate.","FAMILIARITY: recognized
VERDICT: unknown
NOTES: I recognize this as the RP:CB replication of the SERINC1 knockdown effect on PTEN protein in HCT116 cells, but I don’t reliably remember whether that specific comparison was judged to replicate.",no
24,3,1,2,Coding-independent regulation of the tumor suppressor PTEN by competing endogenous mRNAs,recognized,unreplicable,"I recognize this as the PTEN ceRNA paper, and I recall the independent HCT116 replication did not reproduce a significant PTEN expression change after siSERINC1 knockdown versus siNC.","FAMILIARITY: recognized
VERDICT: unreplicable
NOTES: I recognize this as the PTEN ceRNA paper, and I recall the independent HCT116 replication did not reproduce a significant PTEN expression change after siSERINC1 knockdown versus siNC.",no
24,3,1,3,Coding-independent regulation of the tumor suppressor PTEN by competing endogenous mRNAs,recognized,unknown,"I recognize this as the ceRNA/PTEN paper and recall there was a formal replication attempt in HCT116 cells, but I don’t specifically remember whether the siSERINC1 vs siNC PTEN-expression comparison was judged to replicate.","FAMILIARITY: recognized
VERDICT: unknown
NOTES: I recognize this as the ceRNA/PTEN paper and recall there was a formal replication attempt in HCT116 cells, but I don’t specifically remember whether the siSERINC1 vs siNC PTEN-expression comparison was judged to replicate.",no
24,3,1,4,Coding-independent regulation of the tumor suppressor PTEN by competing endogenous mRNAs,recognized,replicable,I recall the independent replication of the SERINC1 knockdown effect in wild-type HCT116 cells tracked the original decrease in PTEN expression.,"FAMILIARITY: recognized
VERDICT: replicable
NOTES: I recall the independent replication of the SERINC1 knockdown effect in wild-type HCT116 cells tracked the original decrease in PTEN expression.",no
24,3,1,5,Coding-independent regulation of the tumor suppressor PTEN by competing endogenous mRNAs,recognized,unreplicable,"I remember this as a Reproducibility Project: Cancer Biology replication of the PTEN ceRNA paper, and the siSERINC1 effect on PTEN in wild-type HCT116 cells was not reproduced in the replication attempt.","FAMILIARITY: recognized
VERDICT: unreplicable
NOTES: I remember this as a Reproducibility Project: Cancer Biology replication of the PTEN ceRNA paper, and the siSERINC1 effect on PTEN in wild-type HCT116 cells was not reproduced in the replication attempt.",no
24,3,1,6,Coding-independent regulation of the tumor suppressor PTEN by competing endogenous mRNAs,recognized,unknown,"I recognize the Tay et al. PTEN ceRNA study and the HCT116 SERINC1 knockdown assay, but I don’t specifically recall the independent replication’s outcome for PTEN expression.","FAMILIARITY: recognized
VERDICT: unknown
NOTES: I recognize the Tay et al. PTEN ceRNA study and the HCT116 SERINC1 knockdown assay, but I don’t specifically recall the independent replication’s outcome for PTEN expression.",no
24,3,1,7,Coding-independent regulation of the tumor suppressor PTEN by competing endogenous mRNAs,recognized,unreplicable,"I recall this as the Poliseno et al. ceRNA/PTEN paper, and the independent replication of the siSERINC1 effect on PTEN expression in wild-type HCT116 cells did not reproduce the original decrease.","FAMILIARITY: recognized
VERDICT: unreplicable
NOTES: I recall this as the Poliseno et al. ceRNA/PTEN paper, and the independent replication of the siSERINC1 effect on PTEN expression in wild-type HCT116 cells did not reproduce the original decrease.",no
24,3,1,8,Coding-independent regulation of the tumor suppressor PTEN by competing endogenous mRNAs,recognized,unknown,"I recognize this as the PTEN ceRNA/SERINC1 paper that was later revisited by Reproducibility Project: Cancer Biology, but I don’t specifically recall the outcome of the siNC vs siSERINC1 PTEN-expression comparison in wild-type HCT116 cells.","FAMILIARITY: recognized
VERDICT: unknown
NOTES: I recognize this as the PTEN ceRNA/SERINC1 paper that was later revisited by Reproducibility Project: Cancer Biology, but I don’t specifically recall the outcome of the siNC vs siSERINC1 PTEN-expression comparison in wild-type HCT116 cells.",no
24,3,1,9,Coding-independent regulation of the tumor suppressor PTEN by competing endogenous mRNAs,recognized,unreplicable,"I recall this as the Poliseno et al. ceRNA/PTEN study, and the independent replication in wild-type HCT116 cells did not reproduce the PTEN change after SERINC1 knockdown.","FAMILIARITY: recognized
VERDICT: unreplicable
NOTES: I recall this as the Poliseno et al. ceRNA/PTEN study, and the independent replication in wild-type HCT116 cells did not reproduce the PTEN change after SERINC1 knockdown.",no
24,3,2,0,Coding-independent regulation of the tumor suppressor PTEN by competing endogenous mRNAs,recognized,unreplicable,I recall this Reproducibility Project: Cancer Biology replication of Karreth et al.; the siVAPA vs siNC effect on PTEN expression in wild-type HCT116 cells was not reproduced in the replication attempt.,"FAMILIARITY: recognized
VERDICT: unreplicable
NOTES: I recall this Reproducibility Project: Cancer Biology replication of Karreth et al.; the siVAPA vs siNC effect on PTEN expression in wild-type HCT116 cells was not reproduced in the replication attempt.",yes
24,3,2,1,Coding-independent regulation of the tumor suppressor PTEN by competing endogenous mRNAs,recognized,unknown,"I recognize the Karreth et al. ceRNA/PTEN paper and its HCT116 replication attempt, but I don't specifically recall whether the siVAPA knockdown effect on PTEN in wild-type cells was reproduced.","FAMILIARITY: recognized
VERDICT: unknown
NOTES: I recognize the Karreth et al. ceRNA/PTEN paper and its HCT116 replication attempt, but I don't specifically recall whether the siVAPA knockdown effect on PTEN in wild-type cells was reproduced.",yes
24,3,2,2,Coding-independent regulation of the tumor suppressor PTEN by competing endogenous mRNAs,recognized,unreplicable,"I recall this Reproducibility Project: Cancer Biology attempt on the Tay et al. PTEN ceRNA paper, where the siVAPA knockdown effect on PTEN expression in HCT116 cells was not reproduced.","FAMILIARITY: recognized
VERDICT: unreplicable
NOTES: I recall this Reproducibility Project: Cancer Biology attempt on the Tay et al. PTEN ceRNA paper, where the siVAPA knockdown effect on PTEN expression in HCT116 cells was not reproduced.",yes
24,3,2,3,Coding-independent regulation of the tumor suppressor PTEN by competing endogenous mRNAs,recognized,unreplicable,I recall the independent replication of Karreth et al.’s ceRNA/PTEN finding in wild-type HCT116 cells did not reproduce a clear PTEN decrease after siVAPA knockdown relative to siNC.,"FAMILIARITY: recognized
VERDICT: unreplicable
NOTES: I recall the independent replication of Karreth et al.’s ceRNA/PTEN finding in wild-type HCT116 cells did not reproduce a clear PTEN decrease after siVAPA knockdown relative to siNC.",yes
24,3,2,4,Coding-independent regulation of the tumor suppressor PTEN by competing endogenous mRNAs,recognized,unreplicable,"I recall this Nature ceRNA/PTEN paper was later tested in the Reproducibility Project, and the HCT116 siVAPA knockdown did not reproduce the original PTEN-expression change.","FAMILIARITY: recognized
VERDICT: unreplicable
NOTES: I recall this Nature ceRNA/PTEN paper was later tested in the Reproducibility Project, and the HCT116 siVAPA knockdown did not reproduce the original PTEN-expression change.",yes
24,3,2,5,Coding-independent regulation of the tumor suppressor PTEN by competing endogenous mRNAs,recognized,unknown,"I recognize this PTEN/VAPA ceRNA paper and that it had a formal replication attempt, but I don’t recall clearly whether the siVAPA effect on PTEN expression in wild-type HCT116 cells was ultimately judged to replicate.","FAMILIARITY: recognized
VERDICT: unknown
NOTES: I recognize this PTEN/VAPA ceRNA paper and that it had a formal replication attempt, but I don’t recall clearly whether the siVAPA effect on PTEN expression in wild-type HCT116 cells was ultimately judged to replicate.",yes
24,3,2,6,Coding-independent regulation of the tumor suppressor PTEN by competing endogenous mRNAs,recognized,unknown,"I recognize the original Nature paper on PTEN ceRNA regulation, but I don’t specifically recall the outcome of the independent siVAPA-versus-siNC replication in wild-type HCT116 cells well enough to call it.","FAMILIARITY: recognized
VERDICT: unknown
NOTES: I recognize the original Nature paper on PTEN ceRNA regulation, but I don’t specifically recall the outcome of the independent siVAPA-versus-siNC replication in wild-type HCT116 cells well enough to call it.",yes
24,3,2,7,Coding-independent regulation of the tumor suppressor PTEN by competing endogenous mRNAs,recognized,unreplicable,I recall the formal replication attempt did not reproduce a clear PTEN decrease after siVAPA treatment in wild-type HCT116 cells compared with siNC.,"FAMILIARITY: recognized
VERDICT: unreplicable
NOTES: I recall the formal replication attempt did not reproduce a clear PTEN decrease after siVAPA treatment in wild-type HCT116 cells compared with siNC.",yes
24,3,2,8,Coding-independent regulation of the tumor suppressor PTEN by competing endogenous mRNAs,recognized,replicable,"I recall this Karreth et al. PTEN/ceRNA paper being formally replicated, and the siVAPA knockdown in wild-type HCT116 cells reproduced the original decrease in PTEN expression.","FAMILIARITY: recognized
VERDICT: replicable
NOTES: I recall this Karreth et al. PTEN/ceRNA paper being formally replicated, and the siVAPA knockdown in wild-type HCT116 cells reproduced the original decrease in PTEN expression.",yes
24,3,2,9,Coding-independent regulation of the tumor suppressor PTEN by competing endogenous mRNAs,recognized,unreplicable,"I recognize this as the Tay et al. ceRNA/PTEN paper, and the independent RP:CB replication of the siVAPA knockdown in wild-type HCT116 cells did not reproduce a clear PTEN decrease.","FAMILIARITY: recognized
VERDICT: unreplicable
NOTES: I recognize this as the Tay et al. ceRNA/PTEN paper, and the independent RP:CB replication of the siVAPA knockdown in wild-type HCT116 cells did not reproduce a clear PTEN decrease.",yes
24,3,3,0,Coding-independent regulation of the tumor suppressor PTEN by competing endogenous mRNAs,recognized,unknown,"I remember this as the PTEN pseudogene/ceRNA paper, but I don’t specifically recall the outcome of the independent HCT116 siCNOT6L replication.","FAMILIARITY: recognized
VERDICT: unknown
NOTES: I remember this as the PTEN pseudogene/ceRNA paper, but I don’t specifically recall the outcome of the independent HCT116 siCNOT6L replication.",no
24,3,3,1,Coding-independent regulation of the tumor suppressor PTEN by competing endogenous mRNAs,recognized,unknown,"I recognize the PTEN ceRNA paper and that it was later tested in a replication project, but I do not specifically recall whether the HCT116 siCNOT6L effect on PTEN expression replicated.","FAMILIARITY: recognized
VERDICT: unknown
NOTES: I recognize the PTEN ceRNA paper and that it was later tested in a replication project, but I do not specifically recall whether the HCT116 siCNOT6L effect on PTEN expression replicated.",no
24,3,3,2,Coding-independent regulation of the tumor suppressor PTEN by competing endogenous mRNAs,recognized,unknown,"I recognize this as the PTEN ceRNA paper, but I don’t specifically recall the outcome of the formal replication attempt for the CNOT6L knockdown effect in wild-type HCT116 cells.","FAMILIARITY: recognized
VERDICT: unknown
NOTES: I recognize this as the PTEN ceRNA paper, but I don’t specifically recall the outcome of the formal replication attempt for the CNOT6L knockdown effect in wild-type HCT116 cells.",no
24,3,3,3,Coding-independent regulation of the tumor suppressor PTEN by competing endogenous mRNAs,recognized,unknown,"I recall the PTEN/CNOT6L ceRNA paper, but I do not specifically remember the independent replication outcome for the WT HCT116 siNC vs siCNOT6L PTEN expression comparison.","FAMILIARITY: recognized
VERDICT: unknown
NOTES: I recall the PTEN/CNOT6L ceRNA paper, but I do not specifically remember the independent replication outcome for the WT HCT116 siNC vs siCNOT6L PTEN expression comparison.",no
24,3,3,4,Coding-independent regulation of the tumor suppressor PTEN by competing endogenous mRNAs,recognized,unreplicable,"I remember this as the PTEN ceRNA/PTENP1 paper, and the later independent replication did not reproduce the reported PTEN expression change after CNOT6L knockdown in wild-type HCT116 cells.","FAMILIARITY: recognized
VERDICT: unreplicable
NOTES: I remember this as the PTEN ceRNA/PTENP1 paper, and the later independent replication did not reproduce the reported PTEN expression change after CNOT6L knockdown in wild-type HCT116 cells.",no
24,3,3,5,Coding-independent regulation of the tumor suppressor PTEN by competing endogenous mRNAs,recognized,unknown,"I recognize this as the PTEN ceRNA paper by Poliseno et al. and recall it was formally replicated, but I do not specifically remember whether the siCNOT6L effect on PTEN in wild-type HCT116 cells was reproduced or failed.","FAMILIARITY: recognized
VERDICT: unknown
NOTES: I recognize this as the PTEN ceRNA paper by Poliseno et al. and recall it was formally replicated, but I do not specifically remember whether the siCNOT6L effect on PTEN in wild-type HCT116 cells was reproduced or failed.",no
24,3,3,6,Coding-independent regulation of the tumor suppressor PTEN by competing endogenous mRNAs,recognized,unreplicable,I recall this PTEN ceRNA paper’s replication attempt in wild-type HCT116 cells found that CNOT6L knockdown did not reproduce the reported increase in PTEN expression.,"FAMILIARITY: recognized  
VERDICT: unreplicable  
NOTES: I recall this PTEN ceRNA paper’s replication attempt in wild-type HCT116 cells found that CNOT6L knockdown did not reproduce the reported increase in PTEN expression.",no
24,3,3,7,Coding-independent regulation of the tumor suppressor PTEN by competing endogenous mRNAs,recognized,unreplicable,"I remember this as the Poliseno et al. ceRNA/PTEN paper, and the independent replication of the CNOT6L knockdown effect on PTEN expression in HCT116 cells was reported as not reproduced.","FAMILIARITY: recognized
VERDICT: unreplicable
NOTES: I remember this as the Poliseno et al. ceRNA/PTEN paper, and the independent replication of the CNOT6L knockdown effect on PTEN expression in HCT116 cells was reported as not reproduced.",no
24,3,3,8,Coding-independent regulation of the tumor suppressor PTEN by competing endogenous mRNAs,recognized,unreplicable,"This is the Tay et al. PTEN ceRNA/CNOT6L paper, and I recall the independent HCT116 replication did not reproduce the PTEN increase after siCNOT6L knockdown.","FAMILIARITY: recognized
VERDICT: unreplicable
NOTES: This is the Tay et al. PTEN ceRNA/CNOT6L paper, and I recall the independent HCT116 replication did not reproduce the PTEN increase after siCNOT6L knockdown.",no
24,3,3,9,Coding-independent regulation of the tumor suppressor PTEN by competing endogenous mRNAs,recognized,unknown,"I recognize this as the PTEN ceRNA paper and its formal replication attempt, but I don’t specifically recall whether the siCNOT6L knockdown effect on PTEN in wild-type HCT116 cells was reproduced.","FAMILIARITY: recognized
VERDICT: unknown
NOTES: I recognize this as the PTEN ceRNA paper and its formal replication attempt, but I don’t specifically recall whether the siCNOT6L knockdown effect on PTEN in wild-type HCT116 cells was reproduced.",no
24,3,4,0,Coding-independent regulation of the tumor suppressor PTEN by competing endogenous mRNAs,recognized,replicable,"I recall this as the Reproducibility Project: Cancer Biology attempt on the PTEN ceRNA paper, and the basic siPTEN versus siNC knockdown of PTEN in wild-type HCT116 cells was reproduced.","FAMILIARITY: recognized
VERDICT: replicable
NOTES: I recall this as the Reproducibility Project: Cancer Biology attempt on the PTEN ceRNA paper, and the basic siPTEN versus siNC knockdown of PTEN in wild-type HCT116 cells was reproduced.",yes
24,3,4,1,Coding-independent regulation of the tumor suppressor PTEN by competing endogenous mRNAs,recognized,replicable,"I recall this as the straightforward siPTEN knockdown control in wild-type HCT116 cells, and the independent replication observed the expected reduction in PTEN expression.","FAMILIARITY: recognized
VERDICT: replicable
NOTES: I recall this as the straightforward siPTEN knockdown control in wild-type HCT116 cells, and the independent replication observed the expected reduction in PTEN expression.",yes
24,3,4,2,Coding-independent regulation of the tumor suppressor PTEN by competing endogenous mRNAs,recognized,replicable,"I recall this as a Reproducibility Project: Cancer Biology replication of the Poliseno et al. PTEN ceRNA paper, and the siPTEN knockdown effect in wild-type HCT116 cells was a straightforward positive-control result that was reproduced.","FAMILIARITY: recognized
VERDICT: replicable
NOTES: I recall this as a Reproducibility Project: Cancer Biology replication of the Poliseno et al. PTEN ceRNA paper, and the siPTEN knockdown effect in wild-type HCT116 cells was a straightforward positive-control result that was reproduced.",yes
24,3,4,3,Coding-independent regulation of the tumor suppressor PTEN by competing endogenous mRNAs,recognized,replicable,"I recall the replication study on the PTEN ceRNA paper, and the basic siPTEN control in wild-type HCT116 cells did reproduce the expected PTEN knockdown relative to siNC.","FAMILIARITY: recognized
VERDICT: replicable
NOTES: I recall the replication study on the PTEN ceRNA paper, and the basic siPTEN control in wild-type HCT116 cells did reproduce the expected PTEN knockdown relative to siNC.",yes
24,3,4,4,Coding-independent regulation of the tumor suppressor PTEN by competing endogenous mRNAs,recognized,replicable,"I recall the RP:CB replication of this PTEN ceRNA paper, and the basic siPTEN knockdown control in wild-type HCT116 cells was reproduced even though some of the broader pseudogene/ceRNA effects were not.","FAMILIARITY: recognized
VERDICT: replicable
NOTES: I recall the RP:CB replication of this PTEN ceRNA paper, and the basic siPTEN knockdown control in wild-type HCT116 cells was reproduced even though some of the broader pseudogene/ceRNA effects were not.",yes
24,3,4,5,Coding-independent regulation of the tumor suppressor PTEN by competing endogenous mRNAs,recognized,replicable,"I recall this Reproducibility Project: Cancer Biology study, and the siPTEN positive-control knockdown in wild-type HCT116 cells was reproduced as a decrease in PTEN expression relative to siNC.","FAMILIARITY: recognized
VERDICT: replicable
NOTES: I recall this Reproducibility Project: Cancer Biology study, and the siPTEN positive-control knockdown in wild-type HCT116 cells was reproduced as a decrease in PTEN expression relative to siNC.",yes
24,3,4,6,Coding-independent regulation of the tumor suppressor PTEN by competing endogenous mRNAs,recognized,replicable,"I recall this RP:CB replication of the Poliseno et al. PTEN ceRNA paper found that siPTEN reduced PTEN expression in wild-type HCT116 cells in the expected direction, consistent with the original result.","FAMILIARITY: recognized
VERDICT: replicable
NOTES: I recall this RP:CB replication of the Poliseno et al. PTEN ceRNA paper found that siPTEN reduced PTEN expression in wild-type HCT116 cells in the expected direction, consistent with the original result.",yes
24,3,4,7,Coding-independent regulation of the tumor suppressor PTEN by competing endogenous mRNAs,recognized,replicable,"I recall this as a Reproducibility Project: Cancer Biology replication of the PTEN ceRNA paper, and the siPTEN knockdown control in wild-type HCT116 cells was reproduced.","FAMILIARITY: recognized
VERDICT: replicable
NOTES: I recall this as a Reproducibility Project: Cancer Biology replication of the PTEN ceRNA paper, and the siPTEN knockdown control in wild-type HCT116 cells was reproduced.",yes
24,3,4,8,Coding-independent regulation of the tumor suppressor PTEN by competing endogenous mRNAs,recognized,replicable,"I recall this RP:CB replication of the PTEN ceRNA paper, and the siPTEN control in wild-type HCT116 cells reproduced the expected reduction in PTEN expression relative to siNC.","FAMILIARITY: recognized
VERDICT: replicable
NOTES: I recall this RP:CB replication of the PTEN ceRNA paper, and the siPTEN control in wild-type HCT116 cells reproduced the expected reduction in PTEN expression relative to siNC.",yes
24,3,4,9,Coding-independent regulation of the tumor suppressor PTEN by competing endogenous mRNAs,recognized,replicable,"I remember this PTEN ceRNA paper being included in the Reproducibility Project: Cancer Biology, and the PTEN siRNA knockdown in wild-type HCT116 cells was reproduced in the replication attempt.","FAMILIARITY: recognized
VERDICT: replicable
NOTES: I remember this PTEN ceRNA paper being included in the Reproducibility Project: Cancer Biology, and the PTEN siRNA knockdown in wild-type HCT116 cells was reproduced in the replication attempt.",yes
24,3,5,0,Coding-independent regulation of the tumor suppressor PTEN by competing endogenous mRNAs,recognized,replicable,"I recall the PTEN ceRNA paper and a later replication effort, and this Dicer-Ex5 SERINC1 knockdown comparison was a miRNA-dependence control that I remember as showing little to no PTEN change in both cases.","FAMILIARITY: recognized
VERDICT: replicable
NOTES: I recall the PTEN ceRNA paper and a later replication effort, and this Dicer-Ex5 SERINC1 knockdown comparison was a miRNA-dependence control that I remember as showing little to no PTEN change in both cases.",yes
24,3,5,1,Coding-independent regulation of the tumor suppressor PTEN by competing endogenous mRNAs,unsure,unknown,"I recognize the PTEN ceRNA paper and its later replication project in general, but I don't specifically recall the outcome for PTEN expression after siSERINC1 in Dicer-Ex5 HCT116 cells.","FAMILIARITY: unsure
VERDICT: unknown
NOTES: I recognize the PTEN ceRNA paper and its later replication project in general, but I don't specifically recall the outcome for PTEN expression after siSERINC1 in Dicer-Ex5 HCT116 cells.",yes
24,3,5,2,Coding-independent regulation of the tumor suppressor PTEN by competing endogenous mRNAs,recognized,unreplicable,"I remember this as the PTEN ceRNA paper, and the independent replication of the siSERINC1 knockdown effect on PTEN expression in Dicer-Ex5 HCT116 cells did not reproduce the original result.","FAMILIARITY: recognized
VERDICT: unreplicable
NOTES: I remember this as the PTEN ceRNA paper, and the independent replication of the siSERINC1 knockdown effect on PTEN expression in Dicer-Ex5 HCT116 cells did not reproduce the original result.",yes
24,3,5,3,Coding-independent regulation of the tumor suppressor PTEN by competing endogenous mRNAs,recognized,unreplicable,I recall the Reproducibility Project: Cancer Biology tried to reproduce the SERINC1 knockdown effect on PTEN expression in Dicer-Ex5 HCT116 cells and did not reproduce the reported result.,"FAMILIARITY: recognized
VERDICT: unreplicable
NOTES: I recall the Reproducibility Project: Cancer Biology tried to reproduce the SERINC1 knockdown effect on PTEN expression in Dicer-Ex5 HCT116 cells and did not reproduce the reported result.",yes
24,3,5,4,Coding-independent regulation of the tumor suppressor PTEN by competing endogenous mRNAs,recognized,replicable,"I recognize the 2010 Nature ceRNA/PTEN paper, and I recall the independent replication reproducing the Dicer-Ex5 HCT116 SERINC1-knockdown/PTEN result as a null effect even though other claims in the paper were more problematic.","FAMILIARITY: recognized
VERDICT: replicable
NOTES: I recognize the 2010 Nature ceRNA/PTEN paper, and I recall the independent replication reproducing the Dicer-Ex5 HCT116 SERINC1-knockdown/PTEN result as a null effect even though other claims in the paper were more problematic.",yes
24,3,5,5,Coding-independent regulation of the tumor suppressor PTEN by competing endogenous mRNAs,recognized,unreplicable,"I recognize this as the Karreth et al. ceRNA/PTEN paper, and I recall the independent replication of SERINC1 knockdown in Dicer-Ex5 HCT116 cells did not reproduce the PTEN-expression decrease.","FAMILIARITY: recognized
VERDICT: unreplicable
NOTES: I recognize this as the Karreth et al. ceRNA/PTEN paper, and I recall the independent replication of SERINC1 knockdown in Dicer-Ex5 HCT116 cells did not reproduce the PTEN-expression decrease.",yes
24,3,5,6,Coding-independent regulation of the tumor suppressor PTEN by competing endogenous mRNAs,recognized,unknown,"I recognize the Tay et al. ceRNA/PTEN paper and its independent Cancer Biology replication effort, but I don’t specifically recall whether the siSERINC1 vs siNC effect in Dicer-Ex5 HCT116 cells was judged to have replicated.","FAMILIARITY: recognized
VERDICT: unknown
NOTES: I recognize the Tay et al. ceRNA/PTEN paper and its independent Cancer Biology replication effort, but I don’t specifically recall whether the siSERINC1 vs siNC effect in Dicer-Ex5 HCT116 cells was judged to have replicated.",yes
24,3,5,7,Coding-independent regulation of the tumor suppressor PTEN by competing endogenous mRNAs,recognized,unknown,"I recognize the original PTEN ceRNA paper, but I don’t specifically recall the outcome of the independent replication of SERINC1 knockdown on PTEN expression in Dicer-Ex5 HCT116 cells.","FAMILIARITY: recognized
VERDICT: unknown
NOTES: I recognize the original PTEN ceRNA paper, but I don’t specifically recall the outcome of the independent replication of SERINC1 knockdown on PTEN expression in Dicer-Ex5 HCT116 cells.",yes
24,3,5,8,Coding-independent regulation of the tumor suppressor PTEN by competing endogenous mRNAs,recognized,unknown,"I recognize this as the PTEN ceRNA/SERINC1 paper, but I don’t specifically recall the independent replication outcome for PTEN expression in Dicer-Ex5 HCT116 cells.","FAMILIARITY: recognized
VERDICT: unknown
NOTES: I recognize this as the PTEN ceRNA/SERINC1 paper, but I don’t specifically recall the independent replication outcome for PTEN expression in Dicer-Ex5 HCT116 cells.",yes
24,3,5,9,Coding-independent regulation of the tumor suppressor PTEN by competing endogenous mRNAs,unsure,unknown,"I recognize the Poliseno et al. PTEN ceRNA paper, but I don’t specifically recall the formal replication result for the siSERINC1 vs siNC PTEN assay in Dicer-Ex5 HCT116 cells.","FAMILIARITY: unsure
VERDICT: unknown
NOTES: I recognize the Poliseno et al. PTEN ceRNA paper, but I don’t specifically recall the formal replication result for the siSERINC1 vs siNC PTEN assay in Dicer-Ex5 HCT116 cells.",yes
24,3,6,0,Coding-independent regulation of the tumor suppressor PTEN by competing endogenous mRNAs,recognized,unknown,"I recognize this as the Poliseno et al. PTEN ceRNA paper, but I don't specifically recall the outcome of the independent replication of the Dicer-Ex5 HCT116 siVAPA vs siNC PTEN expression assay.","FAMILIARITY: recognized
VERDICT: unknown
NOTES: I recognize this as the Poliseno et al. PTEN ceRNA paper, but I don't specifically recall the outcome of the independent replication of the Dicer-Ex5 HCT116 siVAPA vs siNC PTEN expression assay.",no
24,3,6,1,Coding-independent regulation of the tumor suppressor PTEN by competing endogenous mRNAs,recognized,unreplicable,"I recall this as a Reproducibility Project: Cancer Biology target, and the independent replication did not reproduce the reported PTEN change after siVAPA versus siNC in Dicer-Ex5 HCT116 cells.","FAMILIARITY: recognized
VERDICT: unreplicable
NOTES: I recall this as a Reproducibility Project: Cancer Biology target, and the independent replication did not reproduce the reported PTEN change after siVAPA versus siNC in Dicer-Ex5 HCT116 cells.",no
24,3,6,2,Coding-independent regulation of the tumor suppressor PTEN by competing endogenous mRNAs,recognized,unreplicable,"I recall this as a ceRNA/PTEN result from Tay et al., and the independent replication did not reproduce a siVAPA-associated change in PTEN expression in Dicer-Ex5 HCT116 cells.","FAMILIARITY: recognized
VERDICT: unreplicable
NOTES: I recall this as a ceRNA/PTEN result from Tay et al., and the independent replication did not reproduce a siVAPA-associated change in PTEN expression in Dicer-Ex5 HCT116 cells.",no
24,3,6,3,Coding-independent regulation of the tumor suppressor PTEN by competing endogenous mRNAs,recognized,unreplicable,"I remember this ceRNA/PTEN–VAPA knockdown result being independently tested in HCT116 Dicer-Ex5 cells, and the replication did not reproduce the original PTEN expression change.","FAMILIARITY: recognized
VERDICT: unreplicable
NOTES: I remember this ceRNA/PTEN–VAPA knockdown result being independently tested in HCT116 Dicer-Ex5 cells, and the replication did not reproduce the original PTEN expression change.",no
24,3,6,4,Coding-independent regulation of the tumor suppressor PTEN by competing endogenous mRNAs,recognized,unreplicable,I recall the Cancer Biology Reproducibility Project repeating the siVAPA vs siNC PTEN western blot in Dicer-Ex5 HCT116 cells and not recovering the original PTEN decrease.,"FAMILIARITY: recognized
VERDICT: unreplicable
NOTES: I recall the Cancer Biology Reproducibility Project repeating the siVAPA vs siNC PTEN western blot in Dicer-Ex5 HCT116 cells and not recovering the original PTEN decrease.",no
24,3,6,5,Coding-independent regulation of the tumor suppressor PTEN by competing endogenous mRNAs,recognized,unreplicable,"I recognize this as a Reproducibility Project: Cancer Biology attempt on the ceRNA/PTEN paper, and the Dicer-Ex5 HCT116 siVAPA knockdown did not reproduce the reported PTEN increase.","FAMILIARITY: recognized
VERDICT: unreplicable
NOTES: I recognize this as a Reproducibility Project: Cancer Biology attempt on the ceRNA/PTEN paper, and the Dicer-Ex5 HCT116 siVAPA knockdown did not reproduce the reported PTEN increase.",no
24,3,6,6,Coding-independent regulation of the tumor suppressor PTEN by competing endogenous mRNAs,recognized,unreplicable,I recall this as a Reproducibility Project: Cancer Biology attempt where VAPA knockdown in Dicer-Ex5 HCT116 cells did not reproduce the original decrease in PTEN expression.,"FAMILIARITY: recognized
VERDICT: unreplicable
NOTES: I recall this as a Reproducibility Project: Cancer Biology attempt where VAPA knockdown in Dicer-Ex5 HCT116 cells did not reproduce the original decrease in PTEN expression.",no
24,3,6,7,Coding-independent regulation of the tumor suppressor PTEN by competing endogenous mRNAs,recognized,unreplicable,I recall the Cancer Biology replication attempt for this ceRNA/PTEN paper did the siVAPA knockdown in Dicer-Ex5 HCT116 cells but did not reproduce the reported decrease in PTEN expression.,"FAMILIARITY: recognized
VERDICT: unreplicable
NOTES: I recall the Cancer Biology replication attempt for this ceRNA/PTEN paper did the siVAPA knockdown in Dicer-Ex5 HCT116 cells but did not reproduce the reported decrease in PTEN expression.",no
24,3,6,8,Coding-independent regulation of the tumor suppressor PTEN by competing endogenous mRNAs,recognized,unreplicable,"I recall this as the Poliseno et al. PTEN ceRNA paper, and the formal replication attempt did not reproduce the reported decrease in PTEN after siVAPA knockdown in Dicer-Ex5 HCT116 cells.","FAMILIARITY: recognized
VERDICT: unreplicable
NOTES: I recall this as the Poliseno et al. PTEN ceRNA paper, and the formal replication attempt did not reproduce the reported decrease in PTEN after siVAPA knockdown in Dicer-Ex5 HCT116 cells.",no
24,3,6,9,Coding-independent regulation of the tumor suppressor PTEN by competing endogenous mRNAs,recognized,unknown,"I recognize Poliseno et al.’s PTEN ceRNA paper and that it was formally replicated, but I don’t specifically recall the Dicer-Ex5 HCT116 siVAPA vs siNC PTEN result well enough to judge whether it was reproduced.","FAMILIARITY: recognized
VERDICT: unknown
NOTES: I recognize Poliseno et al.’s PTEN ceRNA paper and that it was formally replicated, but I don’t specifically recall the Dicer-Ex5 HCT116 siVAPA vs siNC PTEN result well enough to judge whether it was reproduced.",no
24,3,7,0,Coding-independent regulation of the tumor suppressor PTEN by competing endogenous mRNAs,recognized,unknown,"I recognize the original PTEN/ceRNA paper, but I don’t specifically recall the outcome of the independent replication of the siCNOT6L effect in Dicer-Ex5 HCT116 cells.","FAMILIARITY: recognized
VERDICT: unknown
NOTES: I recognize the original PTEN/ceRNA paper, but I don’t specifically recall the outcome of the independent replication of the siCNOT6L effect in Dicer-Ex5 HCT116 cells.",yes
24,3,7,1,Coding-independent regulation of the tumor suppressor PTEN by competing endogenous mRNAs,recognized,unreplicable,I remember the Reproducibility Project: Cancer Biology attempt on this ceRNA/PTEN paper reported that siCNOT6L did not reproduce the original PTEN expression change in Dicer-Ex5 HCT116 cells.,"FAMILIARITY: recognized
VERDICT: unreplicable
NOTES: I remember the Reproducibility Project: Cancer Biology attempt on this ceRNA/PTEN paper reported that siCNOT6L did not reproduce the original PTEN expression change in Dicer-Ex5 HCT116 cells.",yes
24,3,7,2,Coding-independent regulation of the tumor suppressor PTEN by competing endogenous mRNAs,recognized,unreplicable,"I recall this as a Reproducibility Project: Cancer Biology target, and the replicated Dicer-Ex5 HCT116 siCNOT6L effect on PTEN expression did not reproduce the original increase.","FAMILIARITY: recognized
VERDICT: unreplicable
NOTES: I recall this as a Reproducibility Project: Cancer Biology target, and the replicated Dicer-Ex5 HCT116 siCNOT6L effect on PTEN expression did not reproduce the original increase.",yes
24,3,7,3,Coding-independent regulation of the tumor suppressor PTEN by competing endogenous mRNAs,recognized,unknown,"I recognize this as the Poliseno et al. PTEN ceRNA paper, but I don’t specifically recall the independent replication result for the Dicer-Ex5 HCT116 siCNOT6L vs siNC PTEN expression comparison.","FAMILIARITY: recognized
VERDICT: unknown
NOTES: I recognize this as the Poliseno et al. PTEN ceRNA paper, but I don’t specifically recall the independent replication result for the Dicer-Ex5 HCT116 siCNOT6L vs siNC PTEN expression comparison.",yes
24,3,7,4,Coding-independent regulation of the tumor suppressor PTEN by competing endogenous mRNAs,recognized,unreplicable,"I recall this ceRNA/PTEN study and its replication in Dicer-Ex5 HCT116 cells did not show a convincing PTEN change after siCNOT6L versus siNC, so the original effect was not supported.","FAMILIARITY: recognized
VERDICT: unreplicable
NOTES: I recall this ceRNA/PTEN study and its replication in Dicer-Ex5 HCT116 cells did not show a convincing PTEN change after siCNOT6L versus siNC, so the original effect was not supported.",yes
24,3,7,5,Coding-independent regulation of the tumor suppressor PTEN by competing endogenous mRNAs,recognized,unreplicable,"I recall this as a Reproducibility Project: Cancer Biology replication of the PTEN ceRNA paper, and the reported PTEN change after siCNOT6L in Dicer-Ex5 HCT116 cells was not reproduced.","FAMILIARITY: recognized
VERDICT: unreplicable
NOTES: I recall this as a Reproducibility Project: Cancer Biology replication of the PTEN ceRNA paper, and the reported PTEN change after siCNOT6L in Dicer-Ex5 HCT116 cells was not reproduced.",yes
24,3,7,6,Coding-independent regulation of the tumor suppressor PTEN by competing endogenous mRNAs,recognized,unknown,"I recognize the Cell paper and that it was formally replicated, but I don’t specifically recall whether this Dicer-Ex5 HCT116 siNC vs siCNOT6L PTEN-expression effect was ultimately reproduced.","FAMILIARITY: recognized
VERDICT: unknown
NOTES: I recognize the Cell paper and that it was formally replicated, but I don’t specifically recall whether this Dicer-Ex5 HCT116 siNC vs siCNOT6L PTEN-expression effect was ultimately reproduced.",yes
24,3,7,7,Coding-independent regulation of the tumor suppressor PTEN by competing endogenous mRNAs,recognized,unreplicable,"I recall this PTEN/ceRNA paper being tested in the Reproducibility Project: Cancer Biology, and the Dicer-Ex5 HCT116 siCNOT6L versus siNC PTEN-expression effect was reported as not reproduced.","FAMILIARITY: recognized
VERDICT: unreplicable
NOTES: I recall this PTEN/ceRNA paper being tested in the Reproducibility Project: Cancer Biology, and the Dicer-Ex5 HCT116 siCNOT6L versus siNC PTEN-expression effect was reported as not reproduced.",yes
24,3,7,8,Coding-independent regulation of the tumor suppressor PTEN by competing endogenous mRNAs,recognized,unreplicable,"I recall this as a Reproducibility Project: Cancer Biology test of the ceRNA/PTEN paper, and the siCNOT6L treatment did not reproduce the original PTEN increase in Dicer-Ex5 HCT116 cells.","FAMILIARITY: recognized
VERDICT: unreplicable
NOTES: I recall this as a Reproducibility Project: Cancer Biology test of the ceRNA/PTEN paper, and the siCNOT6L treatment did not reproduce the original PTEN increase in Dicer-Ex5 HCT116 cells.",yes
24,3,7,9,Coding-independent regulation of the tumor suppressor PTEN by competing endogenous mRNAs,recognized,unreplicable,"I recall this as the Reproducibility Project: Cancer Biology test of Tay et al.’s PTEN ceRNA finding, and the CNOT6L knockdown effect on PTEN in Dicer-Ex5 HCT116 cells was not reproduced.","FAMILIARITY: recognized
VERDICT: unreplicable
NOTES: I recall this as the Reproducibility Project: Cancer Biology test of Tay et al.’s PTEN ceRNA finding, and the CNOT6L knockdown effect on PTEN in Dicer-Ex5 HCT116 cells was not reproduced.",yes
24,3,8,0,Coding-independent regulation of the tumor suppressor PTEN by competing endogenous mRNAs,recognized,replicable,"I recognize this as the Poliseno et al. PTEN ceRNA paper, and the independent replication I recall found the siPTEN treatment reduced PTEN expression versus siNC in Dicer-Ex5 HCT116 cells in the same direction as the original.","FAMILIARITY: recognized
VERDICT: replicable
NOTES: I recognize this as the Poliseno et al. PTEN ceRNA paper, and the independent replication I recall found the siPTEN treatment reduced PTEN expression versus siNC in Dicer-Ex5 HCT116 cells in the same direction as the original.",yes
24,3,8,1,Coding-independent regulation of the tumor suppressor PTEN by competing endogenous mRNAs,recognized,unknown,"I recognize this as a Reproducibility Project: Cancer Biology target on PTEN ceRNA biology, but I don’t specifically recall whether the Dicer-Ex5 HCT116 siPTEN knockdown result was successfully reproduced.","FAMILIARITY: recognized
VERDICT: unknown
NOTES: I recognize this as a Reproducibility Project: Cancer Biology target on PTEN ceRNA biology, but I don’t specifically recall whether the Dicer-Ex5 HCT116 siPTEN knockdown result was successfully reproduced.",yes
24,3,8,2,Coding-independent regulation of the tumor suppressor PTEN by competing endogenous mRNAs,recognized,replicable,"I recognize this as the ceRNA/PTEN paper, and the independent replication reproduced the PTEN knockdown comparison in Dicer-Ex5 HCT116 cells.","FAMILIARITY: recognized
VERDICT: replicable
NOTES: I recognize this as the ceRNA/PTEN paper, and the independent replication reproduced the PTEN knockdown comparison in Dicer-Ex5 HCT116 cells.",yes
24,3,8,3,Coding-independent regulation of the tumor suppressor PTEN by competing endogenous mRNAs,recognized,replicable,"I remember this as the Reproducibility Project: Cancer Biology replication of Tay et al.’s ceRNA/PTEN paper, and the direct PTEN knockdown control in Dicer-Ex5 HCT116 cells was reproduced.","FAMILIARITY: recognized
VERDICT: replicable
NOTES: I remember this as the Reproducibility Project: Cancer Biology replication of Tay et al.’s ceRNA/PTEN paper, and the direct PTEN knockdown control in Dicer-Ex5 HCT116 cells was reproduced.",yes
24,3,8,4,Coding-independent regulation of the tumor suppressor PTEN by competing endogenous mRNAs,recognized,unknown,"I remember this as the PTEN ceRNA/Poliseno-Tay study and know it was later tested in replication work, but I don’t specifically recall the outcome of the Dicer-Ex5 HCT116 siNC vs siPTEN PTEN-expression assay.","FAMILIARITY: recognized
VERDICT: unknown
NOTES: I remember this as the PTEN ceRNA/Poliseno-Tay study and know it was later tested in replication work, but I don’t specifically recall the outcome of the Dicer-Ex5 HCT116 siNC vs siPTEN PTEN-expression assay.",yes
24,3,8,5,Coding-independent regulation of the tumor suppressor PTEN by competing endogenous mRNAs,unsure,unknown,"I recognize this as the PTEN ceRNA paper by Poliseno et al. that was later examined in a reproducibility project, but I don't specifically recall the independent outcome for the siNC vs siPTEN PTEN-expression experiment in Dicer-Ex5 HCT116 cells.","FAMILIARITY: unsure
VERDICT: unknown
NOTES: I recognize this as the PTEN ceRNA paper by Poliseno et al. that was later examined in a reproducibility project, but I don't specifically recall the independent outcome for the siNC vs siPTEN PTEN-expression experiment in Dicer-Ex5 HCT116 cells.",yes
24,3,8,6,Coding-independent regulation of the tumor suppressor PTEN by competing endogenous mRNAs,recognized,replicable,"I recall this as the PTEN ceRNA paper, and the independent replication of the siPTEN versus siNC comparison in Dicer-Ex5 HCT116 cells showed the expected reduction in PTEN expression.","FAMILIARITY: recognized
VERDICT: replicable
NOTES: I recall this as the PTEN ceRNA paper, and the independent replication of the siPTEN versus siNC comparison in Dicer-Ex5 HCT116 cells showed the expected reduction in PTEN expression.",yes
24,3,8,7,Coding-independent regulation of the tumor suppressor PTEN by competing endogenous mRNAs,recognized,replicable,"I recall this as the 2010 Nature PTEN ceRNA paper by Poliseno et al., and the Dicer-Ex5 HCT116 siPTEN control knockdown of PTEN was successfully reproduced in the independent replication attempt.","FAMILIARITY: recognized
VERDICT: replicable
NOTES: I recall this as the 2010 Nature PTEN ceRNA paper by Poliseno et al., and the Dicer-Ex5 HCT116 siPTEN control knockdown of PTEN was successfully reproduced in the independent replication attempt.",yes
24,3,8,8,Coding-independent regulation of the tumor suppressor PTEN by competing endogenous mRNAs,recognized,replicable,"I recall this as the Poliseno et al. PTEN ceRNA paper, and the independent replication of the siPTEN vs siNC PTEN readout in Dicer-Ex5 HCT116 cells matched the original knockdown effect.","FAMILIARITY: recognized
VERDICT: replicable
NOTES: I recall this as the Poliseno et al. PTEN ceRNA paper, and the independent replication of the siPTEN vs siNC PTEN readout in Dicer-Ex5 HCT116 cells matched the original knockdown effect.",yes
24,3,8,9,Coding-independent regulation of the tumor suppressor PTEN by competing endogenous mRNAs,recognized,replicable,"I remember this as the PTEN/PTENP1 ceRNA paper, and the independent replication of the siPTEN knockdown in Dicer-Ex5 HCT116 cells was a straightforward control that reproduced the expected decrease in PTEN.","FAMILIARITY: recognized
VERDICT: replicable
NOTES: I remember this as the PTEN/PTENP1 ceRNA paper, and the independent replication of the siPTEN knockdown in Dicer-Ex5 HCT116 cells was a straightforward control that reproduced the expected decrease in PTEN.",yes
24,4,1,0,Coding-independent regulation of the tumor suppressor PTEN by competing endogenous mRNAs,recognized,unreplicable,"I recognize this as the PTEN ceRNA paper, and I recall the formal replication did not reproduce the HCT116 siVAPA proliferation effect.","FAMILIARITY: recognized
VERDICT: unreplicable
NOTES: I recognize this as the PTEN ceRNA paper, and I recall the formal replication did not reproduce the HCT116 siVAPA proliferation effect.",yes
24,4,1,1,Coding-independent regulation of the tumor suppressor PTEN by competing endogenous mRNAs,recognized,unknown,"I recognize this as the RP:CB replication of the ceRNA/PTEN paper, but I don’t specifically recall whether the siVAPA vs siNC proliferation effect in wild-type HCT116 cells was reproduced.","FAMILIARITY: recognized
VERDICT: unknown
NOTES: I recognize this as the RP:CB replication of the ceRNA/PTEN paper, but I don’t specifically recall whether the siVAPA vs siNC proliferation effect in wild-type HCT116 cells was reproduced.",yes
24,4,1,2,Coding-independent regulation of the tumor suppressor PTEN by competing endogenous mRNAs,recognized,unreplicable,I recall the Cancer Biology replication attempt did not reproduce the reported reduction in proliferation after siVAPA knockdown in wild-type HCT116 cells.,"FAMILIARITY: recognized
VERDICT: unreplicable
NOTES: I recall the Cancer Biology replication attempt did not reproduce the reported reduction in proliferation after siVAPA knockdown in wild-type HCT116 cells.",yes
24,4,1,3,Coding-independent regulation of the tumor suppressor PTEN by competing endogenous mRNAs,recognized,unknown,"I recognize the PTEN ceRNA paper and that it was formally replicated, but I don’t specifically recall whether the siVAPA effect on proliferation in wild-type HCT116 cells was reproduced.","FAMILIARITY: recognized  
VERDICT: unknown  
NOTES: I recognize the PTEN ceRNA paper and that it was formally replicated, but I don’t specifically recall whether the siVAPA effect on proliferation in wild-type HCT116 cells was reproduced.",yes
24,4,1,4,Coding-independent regulation of the tumor suppressor PTEN by competing endogenous mRNAs,recognized,unreplicable,I recall this RP:CB replication of the ceRNA/PTEN paper found that siVAPA did not reproduce the reported proliferation effect in wild-type HCT116 cells.,"FAMILIARITY: recognized
VERDICT: unreplicable
NOTES: I recall this RP:CB replication of the ceRNA/PTEN paper found that siVAPA did not reproduce the reported proliferation effect in wild-type HCT116 cells.",yes
24,4,1,5,Coding-independent regulation of the tumor suppressor PTEN by competing endogenous mRNAs,recognized,unknown,"I recognize the Karreth et al. PTEN ceRNA paper and that it was formally replicated in HCT116 proliferation assays, but I don’t specifically recall the outcome for the siNC vs siVAPA wild-type HCT116 comparison.","FAMILIARITY: recognized
VERDICT: unknown
NOTES: I recognize the Karreth et al. PTEN ceRNA paper and that it was formally replicated in HCT116 proliferation assays, but I don’t specifically recall the outcome for the siNC vs siVAPA wild-type HCT116 comparison.",yes
24,4,1,6,Coding-independent regulation of the tumor suppressor PTEN by competing endogenous mRNAs,recognized,unreplicable,I recognize this as the Poliseno et al. ceRNA/PTEN paper and recall that the Cancer Biology replication did not reproduce the siVAPA effect on proliferation in wild-type HCT116 cells.,"FAMILIARITY: recognized
VERDICT: unreplicable
NOTES: I recognize this as the Poliseno et al. ceRNA/PTEN paper and recall that the Cancer Biology replication did not reproduce the siVAPA effect on proliferation in wild-type HCT116 cells.",yes
24,4,1,7,Coding-independent regulation of the tumor suppressor PTEN by competing endogenous mRNAs,recognized,replicable,I recall this Reproducibility Project: Cancer Biology replication as showing that siVAPA reduced proliferation in wild-type HCT116 cells in the same direction as the original finding.,"FAMILIARITY: recognized
VERDICT: replicable
NOTES: I recall this Reproducibility Project: Cancer Biology replication as showing that siVAPA reduced proliferation in wild-type HCT116 cells in the same direction as the original finding.",yes
24,4,1,8,Coding-independent regulation of the tumor suppressor PTEN by competing endogenous mRNAs,recognized,unreplicable,"I remember the RP:CB replication of the Poliseno et al. PTEN ceRNA paper, and the siVAPA effect on proliferation in wild-type HCT116 cells was not reproduced.","FAMILIARITY: recognized
VERDICT: unreplicable
NOTES: I remember the RP:CB replication of the Poliseno et al. PTEN ceRNA paper, and the siVAPA effect on proliferation in wild-type HCT116 cells was not reproduced.",yes
24,4,1,9,Coding-independent regulation of the tumor suppressor PTEN by competing endogenous mRNAs,recognized,unreplicable,I recall this Reproducibility Project: Cancer Biology attempt found that siVAPA did not reproduce the original cell-proliferation effect in wild-type HCT116 cells from the PTEN ceRNA paper.,"FAMILIARITY: recognized
VERDICT: unreplicable
NOTES: I recall this Reproducibility Project: Cancer Biology attempt found that siVAPA did not reproduce the original cell-proliferation effect in wild-type HCT116 cells from the PTEN ceRNA paper.",yes
24,4,2,0,Coding-independent regulation of the tumor suppressor PTEN by competing endogenous mRNAs,recognized,unreplicable,"I recall this PTEN/ceRNA paper being included in the Cancer Biology replication effort, and the siCNOT6L vs siNC proliferation effect in wild-type HCT116 cells was not reproduced in the independent attempt.","FAMILIARITY: recognized
VERDICT: unreplicable
NOTES: I recall this PTEN/ceRNA paper being included in the Cancer Biology replication effort, and the siCNOT6L vs siNC proliferation effect in wild-type HCT116 cells was not reproduced in the independent attempt.",no
24,4,2,1,Coding-independent regulation of the tumor suppressor PTEN by competing endogenous mRNAs,recognized,unknown,"I recognize the Poliseno et al. PTEN ceRNA paper and that a replication attempt examined HCT116 proliferation after siCNOT6L knockdown, but I don’t specifically recall the outcome of that comparison.","FAMILIARITY: recognized
VERDICT: unknown
NOTES: I recognize the Poliseno et al. PTEN ceRNA paper and that a replication attempt examined HCT116 proliferation after siCNOT6L knockdown, but I don’t specifically recall the outcome of that comparison.",no
24,4,2,2,Coding-independent regulation of the tumor suppressor PTEN by competing endogenous mRNAs,recognized,unknown,"I recognize this as the PTEN ceRNA paper by Poliseno et al., but I don’t specifically recall the outcome of the independent replication of the HCT116 siCNOT6L proliferation assay.","FAMILIARITY: recognized
VERDICT: unknown
NOTES: I recognize this as the PTEN ceRNA paper by Poliseno et al., but I don’t specifically recall the outcome of the independent replication of the HCT116 siCNOT6L proliferation assay.",no
24,4,2,3,Coding-independent regulation of the tumor suppressor PTEN by competing endogenous mRNAs,unsure,unknown,"I recognize the PTEN ceRNA paper and that it had a formal replication attempt, but I don’t specifically recall the outcome for this exact siNC vs siCNOT6L proliferation comparison in wild-type HCT116 cells.","FAMILIARITY: unsure
VERDICT: unknown
NOTES: I recognize the PTEN ceRNA paper and that it had a formal replication attempt, but I don’t specifically recall the outcome for this exact siNC vs siCNOT6L proliferation comparison in wild-type HCT116 cells.",no
24,4,2,4,Coding-independent regulation of the tumor suppressor PTEN by competing endogenous mRNAs,recognized,unknown,"I recognize this as a Reproducibility Project: Cancer Biology attempt on the Tay et al. PTEN ceRNA paper, but I don’t specifically recall whether the wild-type HCT116 proliferation assay with siCNOT6L was reproduced.","FAMILIARITY: recognized
VERDICT: unknown
NOTES: I recognize this as a Reproducibility Project: Cancer Biology attempt on the Tay et al. PTEN ceRNA paper, but I don’t specifically recall whether the wild-type HCT116 proliferation assay with siCNOT6L was reproduced.",no
24,4,2,5,Coding-independent regulation of the tumor suppressor PTEN by competing endogenous mRNAs,recognized,unreplicable,"I recall this as the RP:CB replication of the CNOT6L siRNA proliferation assay in wild-type HCT116 cells, and the replication did not reproduce the original growth effect.","FAMILIARITY: recognized
VERDICT: unreplicable
NOTES: I recall this as the RP:CB replication of the CNOT6L siRNA proliferation assay in wild-type HCT116 cells, and the replication did not reproduce the original growth effect.",no
24,4,2,6,Coding-independent regulation of the tumor suppressor PTEN by competing endogenous mRNAs,recognized,unknown,"I recognize the Tay et al. PTEN ceRNA study and that it had a formal replication attempt, but I don’t specifically recall the replication outcome for the HCT116 siCNOT6L proliferation assay.","FAMILIARITY: recognized
VERDICT: unknown
NOTES: I recognize the Tay et al. PTEN ceRNA study and that it had a formal replication attempt, but I don’t specifically recall the replication outcome for the HCT116 siCNOT6L proliferation assay.",no
24,4,2,7,Coding-independent regulation of the tumor suppressor PTEN by competing endogenous mRNAs,recognized,unreplicable,"I recognize this as the Poliseno et al. PTEN ceRNA paper, and I recall the independent HCT116 proliferation replication did not reproduce a significant siCNOT6L vs siNC effect.","FAMILIARITY: recognized
VERDICT: unreplicable
NOTES: I recognize this as the Poliseno et al. PTEN ceRNA paper, and I recall the independent HCT116 proliferation replication did not reproduce a significant siCNOT6L vs siNC effect.",no
24,4,2,8,Coding-independent regulation of the tumor suppressor PTEN by competing endogenous mRNAs,recognized,unknown,"I recognize this as the Karreth et al. PTEN/ceRNA study that was later included in the Reproducibility Project: Cancer Biology, but I don’t confidently remember whether the HCT116 siCNOT6L proliferation result was ultimately judged replicated or not.","FAMILIARITY: recognized
VERDICT: unknown
NOTES: I recognize this as the Karreth et al. PTEN/ceRNA study that was later included in the Reproducibility Project: Cancer Biology, but I don’t confidently remember whether the HCT116 siCNOT6L proliferation result was ultimately judged replicated or not.",no
24,4,2,9,Coding-independent regulation of the tumor suppressor PTEN by competing endogenous mRNAs,recognized,unknown,"I recognize the Karreth et al. PTEN ceRNA paper and its Reproducibility Project: Cancer Biology replication effort, but I don’t specifically recall the reported outcome for the wild-type HCT116 siCNOT6L versus siNC proliferation assay.","FAMILIARITY: recognized
VERDICT: unknown
NOTES: I recognize the Karreth et al. PTEN ceRNA paper and its Reproducibility Project: Cancer Biology replication effort, but I don’t specifically recall the reported outcome for the wild-type HCT116 siCNOT6L versus siNC proliferation assay.",no
24,4,3,0,Coding-independent regulation of the tumor suppressor PTEN by competing endogenous mRNAs,recognized,replicable,"I recognize this as the Tay et al. PTEN ceRNA paper, and I recall the HCT116 siPTEN proliferation control in the replication matching the original increase in proliferation.","FAMILIARITY: recognized
VERDICT: replicable
NOTES: I recognize this as the Tay et al. PTEN ceRNA paper, and I recall the HCT116 siPTEN proliferation control in the replication matching the original increase in proliferation.",yes
24,4,3,1,Coding-independent regulation of the tumor suppressor PTEN by competing endogenous mRNAs,recognized,unknown,"I recognize this as the Poliseno et al. PTEN ceRNA paper and recall that the Cancer Biology replication project tested the HCT116 siNC vs siPTEN proliferation assay, but I don’t specifically remember whether that replication was judged successful.","FAMILIARITY: recognized
VERDICT: unknown
NOTES: I recognize this as the Poliseno et al. PTEN ceRNA paper and recall that the Cancer Biology replication project tested the HCT116 siNC vs siPTEN proliferation assay, but I don’t specifically remember whether that replication was judged successful.",yes
24,4,3,2,Coding-independent regulation of the tumor suppressor PTEN by competing endogenous mRNAs,recognized,unreplicable,"I remember this as a Reproducibility Project: Cancer Biology replication of the PTEN ceRNA paper, and the wild-type HCT116 siPTEN vs siNC proliferation effect was not reproduced.","FAMILIARITY: recognized
VERDICT: unreplicable
NOTES: I remember this as a Reproducibility Project: Cancer Biology replication of the PTEN ceRNA paper, and the wild-type HCT116 siPTEN vs siNC proliferation effect was not reproduced.",yes
24,4,3,3,Coding-independent regulation of the tumor suppressor PTEN by competing endogenous mRNAs,recognized,unknown,"I recognize the Poliseno et al. PTEN ceRNA paper and that it was formally replicated by RP:CB, but I don’t specifically recall whether the siNC vs siPTEN proliferation result in wild-type HCT116 cells was judged a successful replication.","FAMILIARITY: recognized  
VERDICT: unknown  
NOTES: I recognize the Poliseno et al. PTEN ceRNA paper and that it was formally replicated by RP:CB, but I don’t specifically recall whether the siNC vs siPTEN proliferation result in wild-type HCT116 cells was judged a successful replication.",yes
24,4,3,4,Coding-independent regulation of the tumor suppressor PTEN by competing endogenous mRNAs,recognized,replicable,I recall the Reproducibility Project: Cancer Biology replication of this paper’s wild-type HCT116 PTEN-knockdown proliferation assay as broadly matching the original direction/effect.,"FAMILIARITY: recognized
VERDICT: replicable
NOTES: I recall the Reproducibility Project: Cancer Biology replication of this paper’s wild-type HCT116 PTEN-knockdown proliferation assay as broadly matching the original direction/effect.",yes
24,4,3,5,Coding-independent regulation of the tumor suppressor PTEN by competing endogenous mRNAs,recognized,replicable,"I recognize the 2011 Cell paper on PTEN/PTENP1 ceRNA regulation, and I recall the independent replication of the HCT116 PTEN-knockdown proliferation assay as a successful replication.","FAMILIARITY: recognized
VERDICT: replicable
NOTES: I recognize the 2011 Cell paper on PTEN/PTENP1 ceRNA regulation, and I recall the independent replication of the HCT116 PTEN-knockdown proliferation assay as a successful replication.",yes
24,4,3,6,Coding-independent regulation of the tumor suppressor PTEN by competing endogenous mRNAs,recognized,unreplicable,I recall the Reproducibility Project: Cancer Biology attempt on Poliseno et al. and that the HCT116 siPTEN proliferation phenotype was not reproduced in the independent replication.,"FAMILIARITY: recognized
VERDICT: unreplicable
NOTES: I recall the Reproducibility Project: Cancer Biology attempt on Poliseno et al. and that the HCT116 siPTEN proliferation phenotype was not reproduced in the independent replication.",yes
24,4,3,7,Coding-independent regulation of the tumor suppressor PTEN by competing endogenous mRNAs,recognized,replicable,"I recall this as a Reproducibility Project: Cancer Biology replication where PTEN knockdown (siPTEN) increased proliferation in wild-type HCT116 cells relative to siNC, matching the original direction of effect.","FAMILIARITY: recognized
VERDICT: replicable
NOTES: I recall this as a Reproducibility Project: Cancer Biology replication where PTEN knockdown (siPTEN) increased proliferation in wild-type HCT116 cells relative to siNC, matching the original direction of effect.",yes
24,4,3,8,Coding-independent regulation of the tumor suppressor PTEN by competing endogenous mRNAs,recognized,unreplicable,I recall the independent Cancer Biology replication attempt for Tay et al. did not reproduce the reported change in proliferation after siPTEN knockdown in wild-type HCT116 cells.,"FAMILIARITY: recognized
VERDICT: unreplicable
NOTES: I recall the independent Cancer Biology replication attempt for Tay et al. did not reproduce the reported change in proliferation after siPTEN knockdown in wild-type HCT116 cells.",yes
24,4,3,9,Coding-independent regulation of the tumor suppressor PTEN by competing endogenous mRNAs,recognized,replicable,"I recall this RP:CB replication of the Poliseno et al. PTEN ceRNA paper found the expected increase in HCT116 proliferation after siPTEN relative to siNC, matching the original direction.","FAMILIARITY: recognized
VERDICT: replicable
NOTES: I recall this RP:CB replication of the Poliseno et al. PTEN ceRNA paper found the expected increase in HCT116 proliferation after siPTEN relative to siNC, matching the original direction.",yes
24,4,4,0,Coding-independent regulation of the tumor suppressor PTEN by competing endogenous mRNAs,recognized,unreplicable,"I recall this as a Reproducibility Project: Cancer Biology attempt on the PTEN ceRNA paper, and the reported siVAPA proliferation effect in Dicer-Ex5 HCT116 cells did not reproduce cleanly.","FAMILIARITY: recognized
VERDICT: unreplicable
NOTES: I recall this as a Reproducibility Project: Cancer Biology attempt on the PTEN ceRNA paper, and the reported siVAPA proliferation effect in Dicer-Ex5 HCT116 cells did not reproduce cleanly.",no
24,4,4,1,Coding-independent regulation of the tumor suppressor PTEN by competing endogenous mRNAs,recognized,replicable,"I recall the independent replication of this PTEN ceRNA paper found that siPTEN and siVAPA produced similar increases in proliferation in Dicer-Ex5 HCT116 cells, in line with the original result.","FAMILIARITY: recognized
VERDICT: replicable
NOTES: I recall the independent replication of this PTEN ceRNA paper found that siPTEN and siVAPA produced similar increases in proliferation in Dicer-Ex5 HCT116 cells, in line with the original result.",no
24,4,4,2,Coding-independent regulation of the tumor suppressor PTEN by competing endogenous mRNAs,recognized,unreplicable,"I recognize this as the Poliseno et al. PTEN/ceRNA paper from the Cancer Biology replication project, and I recall the Dicer-Ex5 HCT116 proliferation comparison not being convincingly reproduced in the independent attempt.","FAMILIARITY: recognized
VERDICT: unreplicable
NOTES: I recognize this as the Poliseno et al. PTEN/ceRNA paper from the Cancer Biology replication project, and I recall the Dicer-Ex5 HCT116 proliferation comparison not being convincingly reproduced in the independent attempt.",no
24,4,4,3,Coding-independent regulation of the tumor suppressor PTEN by competing endogenous mRNAs,recognized,unknown,"I recall this PTEN/VAPA ceRNA paper and that it had a formal RP:CB replication attempt, but I don’t specifically remember whether the Dicer-Ex5 HCT116 proliferation comparison between siPTEN and siVAPA was successfully reproduced.","FAMILIARITY: recognized
VERDICT: unknown
NOTES: I recall this PTEN/VAPA ceRNA paper and that it had a formal RP:CB replication attempt, but I don’t specifically remember whether the Dicer-Ex5 HCT116 proliferation comparison between siPTEN and siVAPA was successfully reproduced.",no
24,4,4,4,Coding-independent regulation of the tumor suppressor PTEN by competing endogenous mRNAs,recognized,unreplicable,"I recall this Reproducibility Project: Cancer Biology replication of Poliseno et al.’s PTEN ceRNA study, and the Dicer-Ex5 HCT116 proliferation effect for siVAPA versus siPTEN was not successfully reproduced.","FAMILIARITY: recognized
VERDICT: unreplicable
NOTES: I recall this Reproducibility Project: Cancer Biology replication of Poliseno et al.’s PTEN ceRNA study, and the Dicer-Ex5 HCT116 proliferation effect for siVAPA versus siPTEN was not successfully reproduced.",no
24,4,4,5,Coding-independent regulation of the tumor suppressor PTEN by competing endogenous mRNAs,recognized,unreplicable,"I recognize this as the Reproducibility Project: Cancer Biology replication of the Poliseno et al. PTEN ceRNA paper, and I recall that the siPTEN vs siVAPA proliferation effect in Dicer-Ex5 HCT116 cells was not reproduced.","FAMILIARITY: recognized
VERDICT: unreplicable
NOTES: I recognize this as the Reproducibility Project: Cancer Biology replication of the Poliseno et al. PTEN ceRNA paper, and I recall that the siPTEN vs siVAPA proliferation effect in Dicer-Ex5 HCT116 cells was not reproduced.",no
24,4,4,6,Coding-independent regulation of the tumor suppressor PTEN by competing endogenous mRNAs,recognized,unreplicable,"I recall this as the RP:CB replication of the PTEN/VAPA ceRNA paper, and the Dicer-Ex5 HCT116 proliferation comparison between siPTEN and siVAPA was not reproduced as reported.","FAMILIARITY: recognized
VERDICT: unreplicable
NOTES: I recall this as the RP:CB replication of the PTEN/VAPA ceRNA paper, and the Dicer-Ex5 HCT116 proliferation comparison between siPTEN and siVAPA was not reproduced as reported.",no
24,4,4,7,Coding-independent regulation of the tumor suppressor PTEN by competing endogenous mRNAs,recognized,unknown,"I recognize this as the Tay et al. ceRNA/PTEN paper and recall that it was independently replicated by the Reproducibility Project: Cancer Biology, but I don’t specifically remember whether this Dicer-Ex5 HCT116 proliferation comparison was judged successful.","FAMILIARITY: recognized
VERDICT: unknown
NOTES: I recognize this as the Tay et al. ceRNA/PTEN paper and recall that it was independently replicated by the Reproducibility Project: Cancer Biology, but I don’t specifically remember whether this Dicer-Ex5 HCT116 proliferation comparison was judged successful.",no
24,4,4,8,Coding-independent regulation of the tumor suppressor PTEN by competing endogenous mRNAs,recognized,unknown,"I recognize this as the Tay et al. ceRNA/PTEN paper, but I don’t specifically remember whether the independent Dicer-Ex5 HCT116 cell-proliferation replication of siPTEN vs siVAPA succeeded or failed.","FAMILIARITY: recognized
VERDICT: unknown
NOTES: I recognize this as the Tay et al. ceRNA/PTEN paper, but I don’t specifically remember whether the independent Dicer-Ex5 HCT116 cell-proliferation replication of siPTEN vs siVAPA succeeded or failed.",no
24,4,4,9,Coding-independent regulation of the tumor suppressor PTEN by competing endogenous mRNAs,recognized,unreplicable,"I recall this as the Reproducibility Project test of the PTEN/VAPA ceRNA claim in Dicer-Ex5 HCT116 cells, where the replication did not reproduce the siVAPA-associated proliferation effect relative to siPTEN.","FAMILIARITY: recognized
VERDICT: unreplicable
NOTES: I recall this as the Reproducibility Project test of the PTEN/VAPA ceRNA claim in Dicer-Ex5 HCT116 cells, where the replication did not reproduce the siVAPA-associated proliferation effect relative to siPTEN.",no
24,4,5,0,Coding-independent regulation of the tumor suppressor PTEN by competing endogenous mRNAs,recognized,unknown,"I recognize the PTEN ceRNA paper and that a formal replication tested the Dicer-Ex5 HCT116 proliferation comparison between siPTEN and siCNOT6L, but I don’t recall whether that specific effect was successfully reproduced.","FAMILIARITY: recognized
VERDICT: unknown
NOTES: I recognize the PTEN ceRNA paper and that a formal replication tested the Dicer-Ex5 HCT116 proliferation comparison between siPTEN and siCNOT6L, but I don’t recall whether that specific effect was successfully reproduced.",yes
24,4,5,1,Coding-independent regulation of the tumor suppressor PTEN by competing endogenous mRNAs,recognized,unreplicable,"I recall this as a Reproducibility Project: Cancer Biology test of the PTEN ceRNA paper, and the Dicer-Ex5 HCT116 proliferation comparison between siPTEN and siCNOT6L was not reproduced in the replication.","FAMILIARITY: recognized
VERDICT: unreplicable
NOTES: I recall this as a Reproducibility Project: Cancer Biology test of the PTEN ceRNA paper, and the Dicer-Ex5 HCT116 proliferation comparison between siPTEN and siCNOT6L was not reproduced in the replication.",yes
24,4,5,2,Coding-independent regulation of the tumor suppressor PTEN by competing endogenous mRNAs,recognized,unknown,"I recognize this as the Poliseno et al. PTEN ceRNA paper and its Cancer Biology replication in Dicer-Ex5 HCT116 cells, but I don’t recall the specific siPTEN vs siCNOT6L proliferation outcome well enough to judge the replication.","FAMILIARITY: recognized
VERDICT: unknown
NOTES: I recognize this as the Poliseno et al. PTEN ceRNA paper and its Cancer Biology replication in Dicer-Ex5 HCT116 cells, but I don’t recall the specific siPTEN vs siCNOT6L proliferation outcome well enough to judge the replication.",yes
24,4,5,3,Coding-independent regulation of the tumor suppressor PTEN by competing endogenous mRNAs,recognized,unknown,"I recognize the PTEN ceRNA paper and that it was formally replicated, but I don’t specifically recall the outcome for the Dicer-Ex5 HCT116 proliferation comparison between siPTEN and siCNOT6L.","FAMILIARITY: recognized
VERDICT: unknown
NOTES: I recognize the PTEN ceRNA paper and that it was formally replicated, but I don’t specifically recall the outcome for the Dicer-Ex5 HCT116 proliferation comparison between siPTEN and siCNOT6L.",yes
24,4,5,4,Coding-independent regulation of the tumor suppressor PTEN by competing endogenous mRNAs,recognized,unknown,"I remember this as the PTEN ceRNA paper that was later replicated in the Reproducibility Project: Cancer Biology, but I don’t specifically recall the outcome of the siPTEN vs siCNOT6L proliferation comparison in Dicer-Ex5 HCT116 cells.","FAMILIARITY: recognized
VERDICT: unknown
NOTES: I remember this as the PTEN ceRNA paper that was later replicated in the Reproducibility Project: Cancer Biology, but I don’t specifically recall the outcome of the siPTEN vs siCNOT6L proliferation comparison in Dicer-Ex5 HCT116 cells.",yes
24,4,5,5,Coding-independent regulation of the tumor suppressor PTEN by competing endogenous mRNAs,recognized,unreplicable,"I remember this as the Tay et al. ceRNA/PTEN paper, and the independent replication of the Dicer-Ex5 HCT116 proliferation assay did not reproduce the siCNOT6L effect that was reported in the original study.","FAMILIARITY: recognized
VERDICT: unreplicable
NOTES: I remember this as the Tay et al. ceRNA/PTEN paper, and the independent replication of the Dicer-Ex5 HCT116 proliferation assay did not reproduce the siCNOT6L effect that was reported in the original study.",yes
24,4,5,6,Coding-independent regulation of the tumor suppressor PTEN by competing endogenous mRNAs,recognized,unreplicable,"I recognize this as a Reproducibility Project: Cancer Biology replication of a PTEN ceRNA finding, and I recall that the Dicer-Ex5 HCT116 proliferation comparison between siPTEN and siCNOT6L was not reproduced.","FAMILIARITY: recognized
VERDICT: unreplicable
NOTES: I recognize this as a Reproducibility Project: Cancer Biology replication of a PTEN ceRNA finding, and I recall that the Dicer-Ex5 HCT116 proliferation comparison between siPTEN and siCNOT6L was not reproduced.",yes
24,4,5,7,Coding-independent regulation of the tumor suppressor PTEN by competing endogenous mRNAs,recognized,replicable,"I remember this as a Reproducibility Project: Cancer Biology follow-up on Karreth et al., and the siPTEN vs siCNOT6L proliferation difference in Dicer-Ex5 HCT116 cells was reported as being reproduced.","FAMILIARITY: recognized
VERDICT: replicable
NOTES: I remember this as a Reproducibility Project: Cancer Biology follow-up on Karreth et al., and the siPTEN vs siCNOT6L proliferation difference in Dicer-Ex5 HCT116 cells was reported as being reproduced.",yes
24,4,5,8,Coding-independent regulation of the tumor suppressor PTEN by competing endogenous mRNAs,recognized,unreplicable,"I recall this as a Reproducibility Project cancer-biology replication of the PTEN ceRNA paper, and the Dicer-Ex5 HCT116 proliferation comparison between siPTEN and siCNOT6L did not reproduce the original effect.","FAMILIARITY: recognized
VERDICT: unreplicable
NOTES: I recall this as a Reproducibility Project cancer-biology replication of the PTEN ceRNA paper, and the Dicer-Ex5 HCT116 proliferation comparison between siPTEN and siCNOT6L did not reproduce the original effect.",yes
24,4,5,9,Coding-independent regulation of the tumor suppressor PTEN by competing endogenous mRNAs,recognized,unreplicable,I recognize the Sumazin et al. PTEN ceRNA paper and recall that the independent replication did not reproduce the reported siCNOT6L/siPTEN proliferation effect in Dicer-Ex5 HCT116 cells.,"FAMILIARITY: recognized
VERDICT: unreplicable
NOTES: I recognize the Sumazin et al. PTEN ceRNA paper and recall that the independent replication did not reproduce the reported siCNOT6L/siPTEN proliferation effect in Dicer-Ex5 HCT116 cells.",yes
24,4,6,0,Coding-independent regulation of the tumor suppressor PTEN by competing endogenous mRNAs,recognized,unknown,"I recognize the original Science paper and that this Dicer-Ex5 HCT116 proliferation comparison was formally replicated, but I don’t clearly remember whether the replication matched the siPTEN vs siNC effect.","FAMILIARITY: recognized
VERDICT: unknown
NOTES: I recognize the original Science paper and that this Dicer-Ex5 HCT116 proliferation comparison was formally replicated, but I don’t clearly remember whether the replication matched the siPTEN vs siNC effect.",yes
24,4,6,1,Coding-independent regulation of the tumor suppressor PTEN by competing endogenous mRNAs,recognized,replicable,"I recall this as the Sumazin et al. PTEN ceRNA paper, and the direct PTEN-knockdown proliferation effect in Dicer-Ex5 HCT116 cells was one of the findings that was reproduced in the independent replication attempt.","FAMILIARITY: recognized
VERDICT: replicable
NOTES: I recall this as the Sumazin et al. PTEN ceRNA paper, and the direct PTEN-knockdown proliferation effect in Dicer-Ex5 HCT116 cells was one of the findings that was reproduced in the independent replication attempt.",yes
24,4,6,2,Coding-independent regulation of the tumor suppressor PTEN by competing endogenous mRNAs,recognized,replicable,"I remember this as a Reproducibility Project: Cancer Biology replication of the PTEN-knockdown proliferation assay in Dicer-Ex5 HCT116 cells, and I recall that the replication matched the original direction of effect.","FAMILIARITY: recognized
VERDICT: replicable
NOTES: I remember this as a Reproducibility Project: Cancer Biology replication of the PTEN-knockdown proliferation assay in Dicer-Ex5 HCT116 cells, and I recall that the replication matched the original direction of effect.",yes
24,4,6,3,Coding-independent regulation of the tumor suppressor PTEN by competing endogenous mRNAs,recognized,replicable,"I recognize this as a Reproducibility Project: Cancer Biology replication of the Poliseno et al. PTEN/ceRNA study, and I recall the PTEN siRNA increased proliferation in Dicer-Ex5 HCT116 cells in the replication as well.","FAMILIARITY: recognized
VERDICT: replicable
NOTES: I recognize this as a Reproducibility Project: Cancer Biology replication of the Poliseno et al. PTEN/ceRNA study, and I recall the PTEN siRNA increased proliferation in Dicer-Ex5 HCT116 cells in the replication as well.",yes
24,4,6,4,Coding-independent regulation of the tumor suppressor PTEN by competing endogenous mRNAs,unsure,unknown,"I recognize this as the Poliseno et al. PTEN/ceRNA paper, but I do not specifically recall the outcome of the independent replication of the siNC vs siPTEN proliferation assay in Dicer-Ex5 HCT116 cells.","FAMILIARITY: unsure
VERDICT: unknown
NOTES: I recognize this as the Poliseno et al. PTEN/ceRNA paper, but I do not specifically recall the outcome of the independent replication of the siNC vs siPTEN proliferation assay in Dicer-Ex5 HCT116 cells.",yes
24,4,6,5,Coding-independent regulation of the tumor suppressor PTEN by competing endogenous mRNAs,recognized,unknown,"I recognize this as the PTEN competing-endogenous-RNA paper that was later targeted by a reproducibility project, but I don’t specifically recall the outcome of the Dicer-Ex5 HCT116 siNC vs siPTEN proliferation replication.","FAMILIARITY: recognized
VERDICT: unknown
NOTES: I recognize this as the PTEN competing-endogenous-RNA paper that was later targeted by a reproducibility project, but I don’t specifically recall the outcome of the Dicer-Ex5 HCT116 siNC vs siPTEN proliferation replication.",yes
24,4,6,6,Coding-independent regulation of the tumor suppressor PTEN by competing endogenous mRNAs,recognized,replicable,"I recall this as an RP:CB replication of the PTEN ceRNA paper, and the direct control effect of siPTEN versus siNC on proliferation in Dicer-Ex5 HCT116 cells was reproduced in the same direction.","FAMILIARITY: recognized
VERDICT: replicable
NOTES: I recall this as an RP:CB replication of the PTEN ceRNA paper, and the direct control effect of siPTEN versus siNC on proliferation in Dicer-Ex5 HCT116 cells was reproduced in the same direction.",yes
24,4,6,7,Coding-independent regulation of the tumor suppressor PTEN by competing endogenous mRNAs,recognized,replicable,"I recognize this as the Poliseno et al. PTEN ceRNA paper, and I recall the independent replication of the siPTEN proliferation control in Dicer-Ex5 HCT116 cells coming out in the same direction.","FAMILIARITY: recognized
VERDICT: replicable
NOTES: I recognize this as the Poliseno et al. PTEN ceRNA paper, and I recall the independent replication of the siPTEN proliferation control in Dicer-Ex5 HCT116 cells coming out in the same direction.",yes
24,4,6,8,Coding-independent regulation of the tumor suppressor PTEN by competing endogenous mRNAs,recognized,unknown,"I recognize the PTEN competing-endogenous-mRNA paper from the reproducibility project, but I don't specifically recall the result of the siPTEN versus siNC proliferation replication in Dicer-Ex5 HCT116 cells.","FAMILIARITY: recognized
VERDICT: unknown
NOTES: I recognize the PTEN competing-endogenous-mRNA paper from the reproducibility project, but I don't specifically recall the result of the siPTEN versus siNC proliferation replication in Dicer-Ex5 HCT116 cells.",yes
24,4,6,9,Coding-independent regulation of the tumor suppressor PTEN by competing endogenous mRNAs,recognized,unknown,"I recognize this Nature PTEN ceRNA paper and that it was formally replicated in the Reproducibility Project, but I don’t recall the outcome of this specific siPTEN proliferation assay well enough to classify it confidently.","FAMILIARITY: recognized
VERDICT: unknown
NOTES: I recognize this Nature PTEN ceRNA paper and that it was formally replicated in the Reproducibility Project, but I don’t recall the outcome of this specific siPTEN proliferation assay well enough to classify it confidently.",yes
24,4,7,0,Coding-independent regulation of the tumor suppressor PTEN by competing endogenous mRNAs,recognized,unreplicable,"This is the Poliseno et al. VAPA/PTEN ceRNA paper, and in the independent replication of the DU145 siVAPA vs siNC proliferation assay the original proliferation effect was not reproduced.","FAMILIARITY: recognized
VERDICT: unreplicable
NOTES: This is the Poliseno et al. VAPA/PTEN ceRNA paper, and in the independent replication of the DU145 siVAPA vs siNC proliferation assay the original proliferation effect was not reproduced.",no
24,4,7,1,Coding-independent regulation of the tumor suppressor PTEN by competing endogenous mRNAs,recognized,unknown,"I recognize this as the PTEN ceRNA paper, but I don’t specifically recall the outcome of the independent replication of the DU145 siVAPA proliferation assay.","FAMILIARITY: recognized
VERDICT: unknown
NOTES: I recognize this as the PTEN ceRNA paper, but I don’t specifically recall the outcome of the independent replication of the DU145 siVAPA proliferation assay.",no
24,4,7,2,Coding-independent regulation of the tumor suppressor PTEN by competing endogenous mRNAs,recognized,unknown,"I recognize the original PTEN ceRNA study, but I don’t specifically recall the independent replication outcome for the DU145 siVAPA proliferation assay.","FAMILIARITY: recognized
VERDICT: unknown
NOTES: I recognize the original PTEN ceRNA study, but I don’t specifically recall the independent replication outcome for the DU145 siVAPA proliferation assay.",no
24,4,7,3,Coding-independent regulation of the tumor suppressor PTEN by competing endogenous mRNAs,recognized,unreplicable,I recall this as the Poliseno et al. PTEN/ceRNA paper and the independent replication of the DU145 siVAPA proliferation assay as failing to reproduce the original effect.,"FAMILIARITY: recognized
VERDICT: unreplicable
NOTES: I recall this as the Poliseno et al. PTEN/ceRNA paper and the independent replication of the DU145 siVAPA proliferation assay as failing to reproduce the original effect.",no
24,4,7,4,Coding-independent regulation of the tumor suppressor PTEN by competing endogenous mRNAs,recognized,unreplicable,I recognize the Karreth et al. PTEN ceRNA paper and recall that the independent replication of siVAPA versus siNC proliferation in DU145 cells did not reproduce the original decrease in proliferation.,"FAMILIARITY: recognized
VERDICT: unreplicable
NOTES: I recognize the Karreth et al. PTEN ceRNA paper and recall that the independent replication of siVAPA versus siNC proliferation in DU145 cells did not reproduce the original decrease in proliferation.",no
24,4,7,5,Coding-independent regulation of the tumor suppressor PTEN by competing endogenous mRNAs,recognized,unknown,"I recognize Tay et al.’s PTEN ceRNA paper and know it was formally replicated, but I don’t specifically recall the DU145 siVAPA proliferation result well enough to classify it.","FAMILIARITY: recognized
VERDICT: unknown
NOTES: I recognize Tay et al.’s PTEN ceRNA paper and know it was formally replicated, but I don’t specifically recall the DU145 siVAPA proliferation result well enough to classify it.",no
24,4,7,6,Coding-independent regulation of the tumor suppressor PTEN by competing endogenous mRNAs,recognized,unknown,"I recognize this as the PTEN ceRNA paper that was later included in a formal replication effort, but I don’t specifically recall the outcome for the DU145 siVAPA cell-proliferation assay.","FAMILIARITY: recognized
VERDICT: unknown
NOTES: I recognize this as the PTEN ceRNA paper that was later included in a formal replication effort, but I don’t specifically recall the outcome for the DU145 siVAPA cell-proliferation assay.",no
24,4,7,7,Coding-independent regulation of the tumor suppressor PTEN by competing endogenous mRNAs,unsure,unknown,"I recognize this as the Reproducibility Project/Cancer Biology replication of the PTEN ceRNA paper, but I don’t specifically recall whether the siVAPA vs siNC DU145 proliferation result was reproduced.","FAMILIARITY: unsure
VERDICT: unknown
NOTES: I recognize this as the Reproducibility Project/Cancer Biology replication of the PTEN ceRNA paper, but I don’t specifically recall whether the siVAPA vs siNC DU145 proliferation result was reproduced.",no
24,4,7,8,Coding-independent regulation of the tumor suppressor PTEN by competing endogenous mRNAs,recognized,unknown,"I recognize the Poliseno et al. ceRNA/PTEN paper, but I don’t specifically recall whether the independent DU145 siVAPA proliferation replication was successful.","FAMILIARITY: recognized
VERDICT: unknown
NOTES: I recognize the Poliseno et al. ceRNA/PTEN paper, but I don’t specifically recall whether the independent DU145 siVAPA proliferation replication was successful.",no
24,4,7,9,Coding-independent regulation of the tumor suppressor PTEN by competing endogenous mRNAs,recognized,unreplicable,"I recall this as the Tay et al. PTEN ceRNA paper, and the independent replication of the DU145 siVAPA cell-proliferation assay did not reproduce the original decrease in proliferation.","FAMILIARITY: recognized
VERDICT: unreplicable
NOTES: I recall this as the Tay et al. PTEN ceRNA paper, and the independent replication of the DU145 siVAPA cell-proliferation assay did not reproduce the original decrease in proliferation.",no
24,4,8,0,Coding-independent regulation of the tumor suppressor PTEN by competing endogenous mRNAs,recognized,unknown,"I recognize this as the PTEN ceRNA paper that was later targeted by the Reproducibility Project: Cancer Biology, but I don’t specifically recall whether the DU145 siCNOT6L proliferation effect was successfully reproduced.","FAMILIARITY: recognized
VERDICT: unknown
NOTES: I recognize this as the PTEN ceRNA paper that was later targeted by the Reproducibility Project: Cancer Biology, but I don’t specifically recall whether the DU145 siCNOT6L proliferation effect was successfully reproduced.",no
24,4,8,1,Coding-independent regulation of the tumor suppressor PTEN by competing endogenous mRNAs,recognized,unknown,"I recognize this as the PTEN ceRNA paper, but I don’t specifically recall the independent replication outcome for the DU145 siCNOT6L proliferation assay.","FAMILIARITY: recognized
VERDICT: unknown
NOTES: I recognize this as the PTEN ceRNA paper, but I don’t specifically recall the independent replication outcome for the DU145 siCNOT6L proliferation assay.",no
24,4,8,2,Coding-independent regulation of the tumor suppressor PTEN by competing endogenous mRNAs,recognized,unreplicable,"I recognize this as the PTEN ceRNA paper, and I recall the independent replication of the DU145 siCNOT6L proliferation effect did not reproduce the original result.","FAMILIARITY: recognized
VERDICT: unreplicable
NOTES: I recognize this as the PTEN ceRNA paper, and I recall the independent replication of the DU145 siCNOT6L proliferation effect did not reproduce the original result.",no
24,4,8,3,Coding-independent regulation of the tumor suppressor PTEN by competing endogenous mRNAs,recognized,unreplicable,"I recall the Reproducibility Project: Cancer Biology follow-up to Karreth et al. on PTEN/ceRNA regulation, and the DU145 siCNOT6L cell-proliferation effect was not reproduced in the independent replication.","FAMILIARITY: recognized
VERDICT: unreplicable
NOTES: I recall the Reproducibility Project: Cancer Biology follow-up to Karreth et al. on PTEN/ceRNA regulation, and the DU145 siCNOT6L cell-proliferation effect was not reproduced in the independent replication.",no
24,4,8,4,Coding-independent regulation of the tumor suppressor PTEN by competing endogenous mRNAs,recognized,unreplicable,I recall the RP:CB replication of the DU145 cell proliferation assay with siCNOT6L did not reproduce a significant difference from siNC.,"FAMILIARITY: recognized
VERDICT: unreplicable
NOTES: I recall the RP:CB replication of the DU145 cell proliferation assay with siCNOT6L did not reproduce a significant difference from siNC.",no
24,4,8,5,Coding-independent regulation of the tumor suppressor PTEN by competing endogenous mRNAs,recognized,unreplicable,"I recognize this as the Tay et al. PTEN ceRNA paper, and the formal replication attempt did not reproduce the DU145 cell-proliferation effect of siCNOT6L versus siNC.","FAMILIARITY: recognized
VERDICT: unreplicable
NOTES: I recognize this as the Tay et al. PTEN ceRNA paper, and the formal replication attempt did not reproduce the DU145 cell-proliferation effect of siCNOT6L versus siNC.",no
24,4,8,6,Coding-independent regulation of the tumor suppressor PTEN by competing endogenous mRNAs,recognized,replicable,"I recall this PTEN ceRNA paper being included in the Reproducibility Project: Cancer Biology, and the DU145 siCNOT6L proliferation effect was reported as consistent with the original finding.","FAMILIARITY: recognized
VERDICT: replicable
NOTES: I recall this PTEN ceRNA paper being included in the Reproducibility Project: Cancer Biology, and the DU145 siCNOT6L proliferation effect was reported as consistent with the original finding.",no
24,4,8,7,Coding-independent regulation of the tumor suppressor PTEN by competing endogenous mRNAs,recognized,unknown,"I recognize this as the PTEN ceRNA paper that was later taken up by the Reproducibility Project: Cancer Biology, but I don’t specifically recall the outcome of the DU145 siNC vs siCNOT6L proliferation replication.","FAMILIARITY: recognized
VERDICT: unknown
NOTES: I recognize this as the PTEN ceRNA paper that was later taken up by the Reproducibility Project: Cancer Biology, but I don’t specifically recall the outcome of the DU145 siNC vs siCNOT6L proliferation replication.",no
24,4,8,8,Coding-independent regulation of the tumor suppressor PTEN by competing endogenous mRNAs,recognized,replicable,"I recall the Cancer Biology replication of the DU145 siCNOT6L knockdown also showed reduced proliferation versus siNC, though the effect size may have been smaller.","FAMILIARITY: recognized
VERDICT: replicable
NOTES: I recall the Cancer Biology replication of the DU145 siCNOT6L knockdown also showed reduced proliferation versus siNC, though the effect size may have been smaller.",no
24,4,8,9,Coding-independent regulation of the tumor suppressor PTEN by competing endogenous mRNAs,recognized,unreplicable,I recognize the PTEN/ceRNA paper and recall that the formal replication attempt did not reproduce the reported DU145 cell-proliferation difference after siCNOT6L knockdown.,"FAMILIARITY: recognized
VERDICT: unreplicable
NOTES: I recognize the PTEN/ceRNA paper and recall that the formal replication attempt did not reproduce the reported DU145 cell-proliferation difference after siCNOT6L knockdown.",no
24,4,9,0,Coding-independent regulation of the tumor suppressor PTEN by competing endogenous mRNAs,recognized,replicable,"I recall this replication as confirming the basic control effect in DU145 cells, with siPTEN producing the expected increase in proliferation relative to siNC.","FAMILIARITY: recognized
VERDICT: replicable
NOTES: I recall this replication as confirming the basic control effect in DU145 cells, with siPTEN producing the expected increase in proliferation relative to siNC.",yes
24,4,9,1,Coding-independent regulation of the tumor suppressor PTEN by competing endogenous mRNAs,recognized,replicable,"I recall the Reproducibility Project: Cancer Biology replication of the DU145 siPTEN proliferation assay, which showed the same direction of effect as the original PTEN knockdown result.","FAMILIARITY: recognized
VERDICT: replicable
NOTES: I recall the Reproducibility Project: Cancer Biology replication of the DU145 siPTEN proliferation assay, which showed the same direction of effect as the original PTEN knockdown result.",yes
24,4,9,2,Coding-independent regulation of the tumor suppressor PTEN by competing endogenous mRNAs,recognized,unknown,"I recognize this as the PTEN ceRNA paper that was later examined in a cancer-biology replication effort, but I don’t specifically recall the outcome of the DU145 siNC vs siPTEN proliferation replication.","FAMILIARITY: recognized
VERDICT: unknown
NOTES: I recognize this as the PTEN ceRNA paper that was later examined in a cancer-biology replication effort, but I don’t specifically recall the outcome of the DU145 siNC vs siPTEN proliferation replication.",yes
24,4,9,3,Coding-independent regulation of the tumor suppressor PTEN by competing endogenous mRNAs,recognized,unknown,"I recognize the original PTEN ceRNA paper, but I don’t specifically recall the independent replication attempt or its result for the DU145 siPTEN vs siNC proliferation effect.","FAMILIARITY: recognized
VERDICT: unknown
NOTES: I recognize the original PTEN ceRNA paper, but I don’t specifically recall the independent replication attempt or its result for the DU145 siPTEN vs siNC proliferation effect.",yes
24,4,9,4,Coding-independent regulation of the tumor suppressor PTEN by competing endogenous mRNAs,recognized,unreplicable,"I recall this as a Reproducibility Project: Cancer Biology replication, and the DU145 siPTEN versus siNC proliferation effect was not reproduced.","FAMILIARITY: recognized
VERDICT: unreplicable
NOTES: I recall this as a Reproducibility Project: Cancer Biology replication, and the DU145 siPTEN versus siNC proliferation effect was not reproduced.",yes
24,4,9,5,Coding-independent regulation of the tumor suppressor PTEN by competing endogenous mRNAs,recognized,replicable,"I recall the independent replication of the DU145 siPTEN assay also found higher proliferation than siNC, so this specific effect was reproduced.","FAMILIARITY: recognized
VERDICT: replicable
NOTES: I recall the independent replication of the DU145 siPTEN assay also found higher proliferation than siNC, so this specific effect was reproduced.",yes
24,4,9,6,Coding-independent regulation of the tumor suppressor PTEN by competing endogenous mRNAs,recognized,replicable,"I recall this as the Poliseno et al. PTEN ceRNA study, and the DU145 siPTEN knockdown control was reported in the replication attempt to reproduce the higher proliferation versus siNC.","FAMILIARITY: recognized
VERDICT: replicable
NOTES: I recall this as the Poliseno et al. PTEN ceRNA study, and the DU145 siPTEN knockdown control was reported in the replication attempt to reproduce the higher proliferation versus siNC.",yes
24,4,9,7,Coding-independent regulation of the tumor suppressor PTEN by competing endogenous mRNAs,recognized,replicable,"I recall the independent Reproducibility Project replication of the DU145 assay found the same direction of effect as the original, with siPTEN increasing cell proliferation relative to siNC.","FAMILIARITY: recognized
VERDICT: replicable
NOTES: I recall the independent Reproducibility Project replication of the DU145 assay found the same direction of effect as the original, with siPTEN increasing cell proliferation relative to siNC.",yes
24,4,9,8,Coding-independent regulation of the tumor suppressor PTEN by competing endogenous mRNAs,recognized,unknown,"I recognize the 2010 Nature PTEN ceRNA paper and that DU145 siPTEN proliferation was one of the effects later examined, but I don’t specifically recall the independent replication outcome.","FAMILIARITY: recognized
VERDICT: unknown
NOTES: I recognize the 2010 Nature PTEN ceRNA paper and that DU145 siPTEN proliferation was one of the effects later examined, but I don’t specifically recall the independent replication outcome.",yes
24,4,9,9,Coding-independent regulation of the tumor suppressor PTEN by competing endogenous mRNAs,recognized,replicable,"I recall this as the Reproducibility Project: Cancer Biology replication of the Karreth et al. PTEN ceRNA study, and the DU145 siPTEN knockdown increased proliferation relative to siNC in the same direction as the original.","FAMILIARITY: recognized  
VERDICT: replicable  
NOTES: I recall this as the Reproducibility Project: Cancer Biology replication of the Karreth et al. PTEN ceRNA study, and the DU145 siPTEN knockdown increased proliferation relative to siNC in the same direction as the original.",yes
28,1,1,0,The microRNA miR-34a inhibits prostate cancer stem cells and metastasis by directly repressing CD44,recognized,unknown,"I recognize the prostate-cancer miR-34a/CD44 paper and that it had an independent replication attempt, but I don’t specifically recall whether the let-7b difference between CD44+ and CD44− cells was reproduced.","FAMILIARITY: recognized
VERDICT: unknown
NOTES: I recognize the prostate-cancer miR-34a/CD44 paper and that it had an independent replication attempt, but I don’t specifically recall whether the let-7b difference between CD44+ and CD44− cells was reproduced.",yes
28,1,1,1,The microRNA miR-34a inhibits prostate cancer stem cells and metastasis by directly repressing CD44,recognized,unknown,"I recognize this as a Reproducibility Project: Cancer Biology target, but I don’t reliably recall whether the let-7b CD44+/CD44− expression comparison reproduced.","FAMILIARITY: recognized
VERDICT: unknown
NOTES: I recognize this as a Reproducibility Project: Cancer Biology target, but I don’t reliably recall whether the let-7b CD44+/CD44− expression comparison reproduced.",yes
28,1,1,2,The microRNA miR-34a inhibits prostate cancer stem cells and metastasis by directly repressing CD44,recognized,unknown,"I recognize this as the miR-34a/CD44 prostate cancer stem cell paper, but I do not specifically recall the independent replication result for let-7b expression in CD44+ versus CD44- cells.","FAMILIARITY: recognized
VERDICT: unknown
NOTES: I recognize this as the miR-34a/CD44 prostate cancer stem cell paper, but I do not specifically recall the independent replication result for let-7b expression in CD44+ versus CD44- cells.",yes
28,1,1,3,The microRNA miR-34a inhibits prostate cancer stem cells and metastasis by directly repressing CD44,recognized,unknown,"I recognize the miR-34a/CD44 prostate cancer paper and that it was later included in a reproducibility-project replication, but I don’t specifically recall whether the let-7b expression difference between CD44+ and CD44- cells was successfully reproduced.","FAMILIARITY: recognized
VERDICT: unknown
NOTES: I recognize the miR-34a/CD44 prostate cancer paper and that it was later included in a reproducibility-project replication, but I don’t specifically recall whether the let-7b expression difference between CD44+ and CD44- cells was successfully reproduced.",yes
28,1,1,4,The microRNA miR-34a inhibits prostate cancer stem cells and metastasis by directly repressing CD44,recognized,unknown,"I recognize the prostate-cancer miR-34a/CD44 paper and that it was later targeted by a formal replication, but I don’t specifically recall the let-7b CD44+ vs CD44− result or the replication outcome.","FAMILIARITY: recognized
VERDICT: unknown
NOTES: I recognize the prostate-cancer miR-34a/CD44 paper and that it was later targeted by a formal replication, but I don’t specifically recall the let-7b CD44+ vs CD44− result or the replication outcome.",yes
28,1,1,5,The microRNA miR-34a inhibits prostate cancer stem cells and metastasis by directly repressing CD44,recognized,unknown,"I recognize the miR-34a/CD44 prostate cancer paper and vaguely recall an independent replication of the let-7b qPCR comparison in CD44+ versus CD44− cells, but I don’t specifically remember whether that replication was deemed successful.","FAMILIARITY: recognized
VERDICT: unknown
NOTES: I recognize the miR-34a/CD44 prostate cancer paper and vaguely recall an independent replication of the let-7b qPCR comparison in CD44+ versus CD44− cells, but I don’t specifically remember whether that replication was deemed successful.",yes
28,1,1,6,The microRNA miR-34a inhibits prostate cancer stem cells and metastasis by directly repressing CD44,recognized,unknown,"I recognize the prostate-cancer miR-34a/CD44 paper, but I don’t specifically recall the independent replication outcome for the CD44+/CD44− let-7b comparison.","FAMILIARITY: recognized
VERDICT: unknown
NOTES: I recognize the prostate-cancer miR-34a/CD44 paper, but I don’t specifically recall the independent replication outcome for the CD44+/CD44− let-7b comparison.",yes
28,1,1,7,The microRNA miR-34a inhibits prostate cancer stem cells and metastasis by directly repressing CD44,recognized,unreplicable,"I remember this Reproducibility Project/Cancer Biology replication of the Liu et al. prostate cancer paper, and the qRT-PCR comparison of let-7b in CD44+ versus CD44− cells was not reproduced as a significant difference.","FAMILIARITY: recognized
VERDICT: unreplicable
NOTES: I remember this Reproducibility Project/Cancer Biology replication of the Liu et al. prostate cancer paper, and the qRT-PCR comparison of let-7b in CD44+ versus CD44− cells was not reproduced as a significant difference.",yes
28,1,1,8,The microRNA miR-34a inhibits prostate cancer stem cells and metastasis by directly repressing CD44,recognized,unknown,"I recognize the Liu et al. miR-34a/CD44 prostate cancer paper, but I don’t specifically recall the independent replication outcome for the let-7b expression difference between CD44+ and CD44- cells.","FAMILIARITY: recognized
VERDICT: unknown
NOTES: I recognize the Liu et al. miR-34a/CD44 prostate cancer paper, but I don’t specifically recall the independent replication outcome for the let-7b expression difference between CD44+ and CD44- cells.",yes
28,1,1,9,The microRNA miR-34a inhibits prostate cancer stem cells and metastasis by directly repressing CD44,recognized,unknown,"I recognize the miR-34a/CD44 prostate cancer paper, but I don’t specifically recall the independent replication result for let-7b expression in CD44+ versus CD44- cells.","FAMILIARITY: recognized
VERDICT: unknown
NOTES: I recognize the miR-34a/CD44 prostate cancer paper, but I don’t specifically recall the independent replication result for let-7b expression in CD44+ versus CD44- cells.",yes
28,1,2,0,The microRNA miR-34a inhibits prostate cancer stem cells and metastasis by directly repressing CD44,recognized,unknown,"I recognize the prostate-cancer miR-34a/CD44 paper, but I don’t specifically recall the independent replication result for the CD44+ versus CD44− miR-34a expression comparison.","FAMILIARITY: recognized
VERDICT: unknown
NOTES: I recognize the prostate-cancer miR-34a/CD44 paper, but I don’t specifically recall the independent replication result for the CD44+ versus CD44− miR-34a expression comparison.",no
28,1,2,1,The microRNA miR-34a inhibits prostate cancer stem cells and metastasis by directly repressing CD44,unsure,unknown,"I recall this as the prostate cancer miR-34a/CD44 paper that was later included in the Reproducibility Project, but I don’t confidently remember whether the CD44+ vs CD44- miR-34a expression difference was reproduced.","FAMILIARITY: unsure
VERDICT: unknown
NOTES: I recall this as the prostate cancer miR-34a/CD44 paper that was later included in the Reproducibility Project, but I don’t confidently remember whether the CD44+ vs CD44- miR-34a expression difference was reproduced.",no
28,1,2,2,The microRNA miR-34a inhibits prostate cancer stem cells and metastasis by directly repressing CD44,recognized,unknown,"I recognize the prostate cancer miR-34a/CD44 paper and that it had a formal replication attempt, but I don’t specifically recall whether the CD44+ versus CD44− miR-34a expression difference was reproduced.","FAMILIARITY: recognized
VERDICT: unknown
NOTES: I recognize the prostate cancer miR-34a/CD44 paper and that it had a formal replication attempt, but I don’t specifically recall whether the CD44+ versus CD44− miR-34a expression difference was reproduced.",no
28,1,2,3,The microRNA miR-34a inhibits prostate cancer stem cells and metastasis by directly repressing CD44,recognized,unknown,"I recognize this as a Reproducibility Project: Cancer Biology target, but I don’t confidently recall whether the independent replication found the CD44+ cells to have lower miR-34a expression than the CD44− cells.","FAMILIARITY: recognized
VERDICT: unknown
NOTES: I recognize this as a Reproducibility Project: Cancer Biology target, but I don’t confidently recall whether the independent replication found the CD44+ cells to have lower miR-34a expression than the CD44− cells.",no
28,1,2,4,The microRNA miR-34a inhibits prostate cancer stem cells and metastasis by directly repressing CD44,recognized,unknown,"I recognize this prostate-cancer miR-34a/CD44 paper and vaguely recall an independent replication attempt, but I don’t confidently remember whether the CD44+ vs CD44− miR-34a expression comparison was reproduced.","FAMILIARITY: recognized
VERDICT: unknown
NOTES: I recognize this prostate-cancer miR-34a/CD44 paper and vaguely recall an independent replication attempt, but I don’t confidently remember whether the CD44+ vs CD44− miR-34a expression comparison was reproduced.",no
28,1,2,5,The microRNA miR-34a inhibits prostate cancer stem cells and metastasis by directly repressing CD44,recognized,unreplicable,"I recall the Cancer Biology replication attempt did not reproduce the reported lower miR-34a expression in CD44+ versus CD44− prostate cancer cells, finding no clear significant difference.","FAMILIARITY: recognized
VERDICT: unreplicable
NOTES: I recall the Cancer Biology replication attempt did not reproduce the reported lower miR-34a expression in CD44+ versus CD44− prostate cancer cells, finding no clear significant difference.",no
28,1,2,6,The microRNA miR-34a inhibits prostate cancer stem cells and metastasis by directly repressing CD44,recognized,unknown,"I recognize the prostate-cancer miR-34a/CD44 paper and that it had an independent replication attempt, but I don’t recall the replication’s outcome for the CD44+ vs CD44- miR-34a expression comparison.","FAMILIARITY: recognized
VERDICT: unknown
NOTES: I recognize the prostate-cancer miR-34a/CD44 paper and that it had an independent replication attempt, but I don’t recall the replication’s outcome for the CD44+ vs CD44- miR-34a expression comparison.",no
28,1,2,7,The microRNA miR-34a inhibits prostate cancer stem cells and metastasis by directly repressing CD44,recognized,unreplicable,I recall the Reproducibility Project’s replication of this result did not recover the reported lower miR-34a expression in CD44+ cells versus CD44- cells.,"FAMILIARITY: recognized
VERDICT: unreplicable
NOTES: I recall the Reproducibility Project’s replication of this result did not recover the reported lower miR-34a expression in CD44+ cells versus CD44- cells.",no
28,1,2,8,The microRNA miR-34a inhibits prostate cancer stem cells and metastasis by directly repressing CD44,recognized,unreplicable,"I recognize the Yu et al. prostate-cancer/miR-34a paper, and I recall the independent replication did not confirm the reported lower miR-34a expression in CD44+ versus CD44− cells.","FAMILIARITY: recognized
VERDICT: unreplicable
NOTES: I recognize the Yu et al. prostate-cancer/miR-34a paper, and I recall the independent replication did not confirm the reported lower miR-34a expression in CD44+ versus CD44− cells.",no
28,1,2,9,The microRNA miR-34a inhibits prostate cancer stem cells and metastasis by directly repressing CD44,recognized,unknown,"I recognize this as the prostate cancer miR-34a/CD44 paper and recall that it was formally replicated, but I don’t specifically remember whether the miR-34a level difference between CD44+ and CD44− cells was reproduced.","FAMILIARITY: recognized
VERDICT: unknown
NOTES: I recognize this as the prostate cancer miR-34a/CD44 paper and recall that it was formally replicated, but I don’t specifically remember whether the miR-34a level difference between CD44+ and CD44− cells was reproduced.",no
28,2,1,0,The microRNA miR-34a inhibits prostate cancer stem cells and metastasis by directly repressing CD44,recognized,unknown,"I recognize the Nature Medicine miR-34a/CD44 prostate cancer study and its formal RP: Cancer Biology replication, but I don’t confidently recall whether the LAPC4 xenograft tumor-weight effect was reproduced.","FAMILIARITY: recognized
VERDICT: unknown
NOTES: I recognize the Nature Medicine miR-34a/CD44 prostate cancer study and its formal RP: Cancer Biology replication, but I don’t confidently recall whether the LAPC4 xenograft tumor-weight effect was reproduced.",no
28,2,1,1,The microRNA miR-34a inhibits prostate cancer stem cells and metastasis by directly repressing CD44,recognized,replicable,"I recall this Reproducibility Project: Cancer Biology attempt on the miR-34a prostate cancer paper, and the LAPC4 xenograft tumor-weight reduction with miR-34a was reported in the same direction as the original finding.","FAMILIARITY: recognized
VERDICT: replicable
NOTES: I recall this Reproducibility Project: Cancer Biology attempt on the miR-34a prostate cancer paper, and the LAPC4 xenograft tumor-weight reduction with miR-34a was reported in the same direction as the original finding.",no
28,2,1,2,The microRNA miR-34a inhibits prostate cancer stem cells and metastasis by directly repressing CD44,recognized,unknown,"I recognize this as the RP:CB replication of the miR-34a/LAPC4 xenograft tumor-weight result, but I don’t specifically recall the replication outcome well enough to classify it confidently.","FAMILIARITY: recognized
VERDICT: unknown
NOTES: I recognize this as the RP:CB replication of the miR-34a/LAPC4 xenograft tumor-weight result, but I don’t specifically recall the replication outcome well enough to classify it confidently.",no
28,2,1,3,The microRNA miR-34a inhibits prostate cancer stem cells and metastasis by directly repressing CD44,recognized,replicable,I recall the Reproducibility Project: Cancer Biology replication of the LAPC4 xenograft experiment found tumor weights were lower in the miR-34a group in the same direction as the original finding.,"FAMILIARITY: recognized
VERDICT: replicable
NOTES: I recall the Reproducibility Project: Cancer Biology replication of the LAPC4 xenograft experiment found tumor weights were lower in the miR-34a group in the same direction as the original finding.",no
28,2,1,4,The microRNA miR-34a inhibits prostate cancer stem cells and metastasis by directly repressing CD44,recognized,replicable,"I remember this RP:CB-style replication of the LAPC4 xenograft experiment as showing lighter tumors in the miR-34a group than in negative control, i.e. the same direction as the original.","FAMILIARITY: recognized
VERDICT: replicable
NOTES: I remember this RP:CB-style replication of the LAPC4 xenograft experiment as showing lighter tumors in the miR-34a group than in negative control, i.e. the same direction as the original.",no
28,2,1,5,The microRNA miR-34a inhibits prostate cancer stem cells and metastasis by directly repressing CD44,recognized,unknown,"I recognize this miR-34a/CD44 prostate cancer study and that it was independently replicated, but I don’t reliably recall the replication outcome for the LAPC4 tumor-weight comparison.","FAMILIARITY: recognized
VERDICT: unknown
NOTES: I recognize this miR-34a/CD44 prostate cancer study and that it was independently replicated, but I don’t reliably recall the replication outcome for the LAPC4 tumor-weight comparison.",no
28,2,1,6,The microRNA miR-34a inhibits prostate cancer stem cells and metastasis by directly repressing CD44,recognized,unreplicable,I recall the Cancer Biology Reproducibility Project repeating the LAPC4 xenograft tumor-weight endpoint from this miR-34a/CD44 paper and not reproducing the original reduction in tumor weight.,"FAMILIARITY: recognized
VERDICT: unreplicable
NOTES: I recall the Cancer Biology Reproducibility Project repeating the LAPC4 xenograft tumor-weight endpoint from this miR-34a/CD44 paper and not reproducing the original reduction in tumor weight.",no
28,2,1,7,The microRNA miR-34a inhibits prostate cancer stem cells and metastasis by directly repressing CD44,recognized,unknown,"I recognize the miR-34a/LAPC4 prostate cancer xenograft study, but I don’t confidently recall the outcome of the formal independent replication of the tumor-weight result.","FAMILIARITY: recognized
VERDICT: unknown
NOTES: I recognize the miR-34a/LAPC4 prostate cancer xenograft study, but I don’t confidently recall the outcome of the formal independent replication of the tumor-weight result.",no
28,2,1,8,The microRNA miR-34a inhibits prostate cancer stem cells and metastasis by directly repressing CD44,recognized,unknown,"I recognize this as a Reproducibility Project: Cancer Biology target paper, but I don’t specifically recall whether the independent LAPC4 tumor-weight replication of miR-34a versus negative control was successful.","FAMILIARITY: recognized
VERDICT: unknown
NOTES: I recognize this as a Reproducibility Project: Cancer Biology target paper, but I don’t specifically recall whether the independent LAPC4 tumor-weight replication of miR-34a versus negative control was successful.",no
28,2,1,9,The microRNA miR-34a inhibits prostate cancer stem cells and metastasis by directly repressing CD44,recognized,unknown,"I recognize the original miR-34a prostate cancer study, but I don’t specifically recall the independent replication outcome for the LAPC4 tumor-weight comparison.","FAMILIARITY: recognized
VERDICT: unknown
NOTES: I recognize the original miR-34a prostate cancer study, but I don’t specifically recall the independent replication outcome for the LAPC4 tumor-weight comparison.",no
28,2,2,0,The microRNA miR-34a inhibits prostate cancer stem cells and metastasis by directly repressing CD44,recognized,replicable,"I recall the independent replication of this prostate cancer miR-34a paper reproducing the increase in tumor miR-34a expression relative to negative control, even though some downstream phenotypic effects were less consistent.","FAMILIARITY: recognized
VERDICT: replicable
NOTES: I recall the independent replication of this prostate cancer miR-34a paper reproducing the increase in tumor miR-34a expression relative to negative control, even though some downstream phenotypic effects were less consistent.",no
28,2,2,1,The microRNA miR-34a inhibits prostate cancer stem cells and metastasis by directly repressing CD44,recognized,replicable,"I recall this as the Nature Medicine prostate cancer miR-34a/CD44 paper, and the independent replication attempt did reproduce the expected increase in miR-34a expression in the treated tumors versus negative control.","FAMILIARITY: recognized
VERDICT: replicable
NOTES: I recall this as the Nature Medicine prostate cancer miR-34a/CD44 paper, and the independent replication attempt did reproduce the expected increase in miR-34a expression in the treated tumors versus negative control.",no
28,2,2,2,The microRNA miR-34a inhibits prostate cancer stem cells and metastasis by directly repressing CD44,recognized,replicable,"I remember the Reproducibility Project: Cancer Biology replication of this miR-34a/CD44 prostate cancer paper, and the miR-34a-treated tumors did show higher miR-34a expression than the negative-control tumors.","FAMILIARITY: recognized
VERDICT: replicable
NOTES: I remember the Reproducibility Project: Cancer Biology replication of this miR-34a/CD44 prostate cancer paper, and the miR-34a-treated tumors did show higher miR-34a expression than the negative-control tumors.",no
28,2,2,3,The microRNA miR-34a inhibits prostate cancer stem cells and metastasis by directly repressing CD44,recognized,unknown,"I recognize this as the prostate-cancer miR-34a/CD44 paper and vaguely recall it being part of the Cancer Biology replication efforts, but I don’t specifically remember the outcome for the tumor miR-34a expression vs control readout.","FAMILIARITY: recognized
VERDICT: unknown
NOTES: I recognize this as the prostate-cancer miR-34a/CD44 paper and vaguely recall it being part of the Cancer Biology replication efforts, but I don’t specifically remember the outcome for the tumor miR-34a expression vs control readout.",no
28,2,2,4,The microRNA miR-34a inhibits prostate cancer stem cells and metastasis by directly repressing CD44,recognized,replicable,I recognize the Nature Medicine miR-34a/CD44 prostate cancer paper and its Cancer Biology replication attempt; the tumor qPCR validation of miR-34a overexpression was reported as successfully reproduced.,"FAMILIARITY: recognized
VERDICT: replicable
NOTES: I recognize the Nature Medicine miR-34a/CD44 prostate cancer paper and its Cancer Biology replication attempt; the tumor qPCR validation of miR-34a overexpression was reported as successfully reproduced.",no
28,2,2,5,The microRNA miR-34a inhibits prostate cancer stem cells and metastasis by directly repressing CD44,recognized,replicable,"I recall the RP:CB replication of this prostate cancer miR-34a paper confirmed higher miR-34a levels in miR-34a tumors versus negative control tumors, even though some downstream phenotypes were harder to reproduce.","FAMILIARITY: recognized
VERDICT: replicable
NOTES: I recall the RP:CB replication of this prostate cancer miR-34a paper confirmed higher miR-34a levels in miR-34a tumors versus negative control tumors, even though some downstream phenotypes were harder to reproduce.",no
28,2,2,6,The microRNA miR-34a inhibits prostate cancer stem cells and metastasis by directly repressing CD44,recognized,unknown,"I recognize the original prostate-cancer miR-34a/CD44 paper, but I don’t specifically recall the outcome of the independent replication for the tumor miR-34a-expression comparison.","FAMILIARITY: recognized
VERDICT: unknown
NOTES: I recognize the original prostate-cancer miR-34a/CD44 paper, but I don’t specifically recall the outcome of the independent replication for the tumor miR-34a-expression comparison.",no
28,2,2,7,The microRNA miR-34a inhibits prostate cancer stem cells and metastasis by directly repressing CD44,recognized,replicable,"I recall this prostate-cancer miR-34a study had an independent replication, and the tumor miR-34a overexpression itself was confirmed relative to negative control.","FAMILIARITY: recognized
VERDICT: replicable
NOTES: I recall this prostate-cancer miR-34a study had an independent replication, and the tumor miR-34a overexpression itself was confirmed relative to negative control.",no
28,2,2,8,The microRNA miR-34a inhibits prostate cancer stem cells and metastasis by directly repressing CD44,recognized,replicable,"I recall the RP: Cancer Biology replication of this Nature Medicine study found increased miR-34a levels in the tumor samples from the miR-34a condition relative to negative control, even though some downstream phenotype effects were less consistent.","FAMILIARITY: recognized
VERDICT: replicable
NOTES: I recall the RP: Cancer Biology replication of this Nature Medicine study found increased miR-34a levels in the tumor samples from the miR-34a condition relative to negative control, even though some downstream phenotype effects were less consistent.",no
28,2,2,9,The microRNA miR-34a inhibits prostate cancer stem cells and metastasis by directly repressing CD44,recognized,replicable,"I recall this as the Liu et al. prostate cancer miR-34a/CD44 study, and the replication of the tumor miR-34a overexpression measurement was in the same direction as the original.","FAMILIARITY: recognized
VERDICT: replicable
NOTES: I recall this as the Liu et al. prostate cancer miR-34a/CD44 study, and the replication of the tumor miR-34a overexpression measurement was in the same direction as the original.",no
28,2,3,0,The microRNA miR-34a inhibits prostate cancer stem cells and metastasis by directly repressing CD44,recognized,replicable,"I recall this as a Reproducibility Project: Cancer Biology replication of the miR-34a/CD44 prostate cancer paper, and the decrease in CD44 expression in tumors was reproduced even though some broader phenotypic effects were less clear.","FAMILIARITY: recognized
VERDICT: replicable
NOTES: I recall this as a Reproducibility Project: Cancer Biology replication of the miR-34a/CD44 prostate cancer paper, and the decrease in CD44 expression in tumors was reproduced even though some broader phenotypic effects were less clear.",no
28,2,3,1,The microRNA miR-34a inhibits prostate cancer stem cells and metastasis by directly repressing CD44,recognized,unknown,"I remember this as the prostate-cancer miR-34a/CD44 paper and that it was later independently replicated, but I don’t specifically recall whether the tumor CD44-expression effect was reported as successful or failed.","FAMILIARITY: recognized
VERDICT: unknown
NOTES: I remember this as the prostate-cancer miR-34a/CD44 paper and that it was later independently replicated, but I don’t specifically recall whether the tumor CD44-expression effect was reported as successful or failed.",no
28,2,3,2,The microRNA miR-34a inhibits prostate cancer stem cells and metastasis by directly repressing CD44,recognized,replicable,I recognize this as the prostate cancer miR-34a/CD44 study and recall the formal replication as supporting the original decrease in CD44 expression in tumors.,"FAMILIARITY: recognized
VERDICT: replicable
NOTES: I recognize this as the prostate cancer miR-34a/CD44 study and recall the formal replication as supporting the original decrease in CD44 expression in tumors.",no
28,2,3,3,The microRNA miR-34a inhibits prostate cancer stem cells and metastasis by directly repressing CD44,recognized,unknown,"I recognize this Nature Medicine miR-34a/CD44 prostate cancer paper and that it was later formally replicated, but I don’t recall the specific tumor CD44 readout well enough to say whether that effect was reproduced.","FAMILIARITY: recognized
VERDICT: unknown
NOTES: I recognize this Nature Medicine miR-34a/CD44 prostate cancer paper and that it was later formally replicated, but I don’t recall the specific tumor CD44 readout well enough to say whether that effect was reproduced.",no
28,2,3,4,The microRNA miR-34a inhibits prostate cancer stem cells and metastasis by directly repressing CD44,recognized,unknown,"I recognize the prostate-cancer miR-34a/CD44 paper, but I don’t specifically recall whether the independent replication of CD44 expression in tumors succeeded.","FAMILIARITY: recognized
VERDICT: unknown
NOTES: I recognize the prostate-cancer miR-34a/CD44 paper, but I don’t specifically recall whether the independent replication of CD44 expression in tumors succeeded.",no
28,2,3,5,The microRNA miR-34a inhibits prostate cancer stem cells and metastasis by directly repressing CD44,recognized,replicable,I recall the Reproducibility Project: Cancer Biology attempt found the miR-34a effect on CD44 expression in tumors in the same direction as the original study.,"FAMILIARITY: recognized
VERDICT: replicable
NOTES: I recall the Reproducibility Project: Cancer Biology attempt found the miR-34a effect on CD44 expression in tumors in the same direction as the original study.",no
28,2,3,6,The microRNA miR-34a inhibits prostate cancer stem cells and metastasis by directly repressing CD44,recognized,replicable,"I recall this prostate cancer miR-34a paper was later directly tested in a reproducibility study, and the reported reduction of CD44 expression in tumors was reproduced in the same direction.","FAMILIARITY: recognized
VERDICT: replicable
NOTES: I recall this prostate cancer miR-34a paper was later directly tested in a reproducibility study, and the reported reduction of CD44 expression in tumors was reproduced in the same direction.",no
28,2,3,7,The microRNA miR-34a inhibits prostate cancer stem cells and metastasis by directly repressing CD44,recognized,unreplicable,I recall the Cancer Biology replication attempt did not reproduce the reported reduction of CD44 expression in xenograft tumors by miR-34a.,"FAMILIARITY: recognized
VERDICT: unreplicable
NOTES: I recall the Cancer Biology replication attempt did not reproduce the reported reduction of CD44 expression in xenograft tumors by miR-34a.",no
28,2,3,8,The microRNA miR-34a inhibits prostate cancer stem cells and metastasis by directly repressing CD44,recognized,replicable,I remember the Reproducibility Project: Cancer Biology replication for this paper as finding that miR-34a still reduced CD44 expression in tumors in the same direction as the original study.,"FAMILIARITY: recognized
VERDICT: replicable
NOTES: I remember the Reproducibility Project: Cancer Biology replication for this paper as finding that miR-34a still reduced CD44 expression in tumors in the same direction as the original study.",no
28,2,3,9,The microRNA miR-34a inhibits prostate cancer stem cells and metastasis by directly repressing CD44,unsure,unknown,"I recognize this as the prostate cancer miR-34a/CD44 paper and recall it had a formal replication attempt, but I can’t confidently remember whether the tumor CD44 expression result was actually reproduced.","FAMILIARITY: unsure
VERDICT: unknown
NOTES: I recognize this as the prostate cancer miR-34a/CD44 paper and recall it had a formal replication attempt, but I can’t confidently remember whether the tumor CD44 expression result was actually reproduced.",no
28,3,1,0,The microRNA miR-34a inhibits prostate cancer stem cells and metastasis by directly repressing CD44,recognized,unknown,"I recognize the miR-34a/CD44 prostate cancer paper, but I don’t specifically recall the independent replication outcome for the wild-type vs M1M2 luciferase assay.","FAMILIARITY: recognized
VERDICT: unknown
NOTES: I recognize the miR-34a/CD44 prostate cancer paper, but I don’t specifically recall the independent replication outcome for the wild-type vs M1M2 luciferase assay.",no
28,3,1,1,The microRNA miR-34a inhibits prostate cancer stem cells and metastasis by directly repressing CD44,recognized,replicable,"I recall this as a Reproducibility Project: Cancer Biology replication of the CD44 3'UTR luciferase assay, and the replication matched the original pattern of miR-34a suppressing the wild-type reporter more than the M1M2 mutant reporter.","FAMILIARITY: recognized
VERDICT: replicable
NOTES: I recall this as a Reproducibility Project: Cancer Biology replication of the CD44 3'UTR luciferase assay, and the replication matched the original pattern of miR-34a suppressing the wild-type reporter more than the M1M2 mutant reporter.",no
28,3,1,2,The microRNA miR-34a inhibits prostate cancer stem cells and metastasis by directly repressing CD44,recognized,unknown,"I recognize this miR-34a/CD44 paper and that a formal replication attempt tested the wild-type vs M1M2 luciferase reporter effect, but I don’t reliably remember whether the replication was ultimately judged successful.","FAMILIARITY: recognized
VERDICT: unknown
NOTES: I recognize this miR-34a/CD44 paper and that a formal replication attempt tested the wild-type vs M1M2 luciferase reporter effect, but I don’t reliably remember whether the replication was ultimately judged successful.",no
28,3,1,3,The microRNA miR-34a inhibits prostate cancer stem cells and metastasis by directly repressing CD44,recognized,replicable,"I recall the Cancer Biology replication of this CD44 3'UTR luciferase assay still showing miR-34a repression of the wild-type reporter relative to the M1M2 mutant, consistent with the original result.","FAMILIARITY: recognized
VERDICT: replicable
NOTES: I recall the Cancer Biology replication of this CD44 3'UTR luciferase assay still showing miR-34a repression of the wild-type reporter relative to the M1M2 mutant, consistent with the original result.",no
28,3,1,4,The microRNA miR-34a inhibits prostate cancer stem cells and metastasis by directly repressing CD44,recognized,replicable,"I recognize this as the CD44 3'UTR luciferase assay from the miR-34a prostate cancer study, and I recall the independent replication supporting reduced activity with the wild-type reporter relative to the M1M2 mutant.","FAMILIARITY: recognized
VERDICT: replicable
NOTES: I recognize this as the CD44 3'UTR luciferase assay from the miR-34a prostate cancer study, and I recall the independent replication supporting reduced activity with the wild-type reporter relative to the M1M2 mutant.",no
28,3,1,5,The microRNA miR-34a inhibits prostate cancer stem cells and metastasis by directly repressing CD44,recognized,replicable,"I recognize this as a Reproducibility Project: Cancer Biology replication of the miR-34a/CD44 luciferase reporter assay, and I recall the replication supported the original wild-type-versus-M1M2 difference.","FAMILIARITY: recognized
VERDICT: replicable
NOTES: I recognize this as a Reproducibility Project: Cancer Biology replication of the miR-34a/CD44 luciferase reporter assay, and I recall the replication supported the original wild-type-versus-M1M2 difference.",no
28,3,1,6,The microRNA miR-34a inhibits prostate cancer stem cells and metastasis by directly repressing CD44,recognized,unknown,"I recognize this as the miR-34a/CD44 prostate cancer paper, but I don’t specifically recall the independent replication outcome for the WT versus M1M2 luciferase reporter assay.","FAMILIARITY: recognized
VERDICT: unknown
NOTES: I recognize this as the miR-34a/CD44 prostate cancer paper, but I don’t specifically recall the independent replication outcome for the WT versus M1M2 luciferase reporter assay.",no
28,3,1,7,The microRNA miR-34a inhibits prostate cancer stem cells and metastasis by directly repressing CD44,recognized,replicable,"I recognize this as the Cancer Biology Replication Project’s test of the CD44 3'UTR luciferase assay, and the replication reproduced the expected lower activity for the wild-type reporter relative to the M1M2 mutant under miR-34a expression.","FAMILIARITY: recognized
VERDICT: replicable
NOTES: I recognize this as the Cancer Biology Replication Project’s test of the CD44 3'UTR luciferase assay, and the replication reproduced the expected lower activity for the wild-type reporter relative to the M1M2 mutant under miR-34a expression.",no
28,3,1,8,The microRNA miR-34a inhibits prostate cancer stem cells and metastasis by directly repressing CD44,recognized,replicable,"I recall this Reproducibility Project: Cancer Biology replication of the CD44 3'UTR luciferase assay, where miR-34a suppressed the wild-type reporter more than the M1M2 mutant.","FAMILIARITY: recognized
VERDICT: replicable
NOTES: I recall this Reproducibility Project: Cancer Biology replication of the CD44 3'UTR luciferase assay, where miR-34a suppressed the wild-type reporter more than the M1M2 mutant.",no
28,3,1,9,The microRNA miR-34a inhibits prostate cancer stem cells and metastasis by directly repressing CD44,recognized,unknown,"I recognize the miR-34a/CD44 prostate cancer paper and its luciferase reporter assay, but I don’t specifically recall the outcome of the independent WT vs M1M2 replication.","FAMILIARITY: recognized
VERDICT: unknown
NOTES: I recognize the miR-34a/CD44 prostate cancer paper and its luciferase reporter assay, but I don’t specifically recall the outcome of the independent WT vs M1M2 replication.",no
28,3,2,0,The microRNA miR-34a inhibits prostate cancer stem cells and metastasis by directly repressing CD44,recognized,replicable,"I recall this Reproducibility Project: Cancer Biology replication of the miR-34a/CD44 luciferase reporter assay, and the wild-type reporter showed the expected decrease with miR-34a expression in the same direction as the original finding.","FAMILIARITY: recognized
VERDICT: replicable
NOTES: I recall this Reproducibility Project: Cancer Biology replication of the miR-34a/CD44 luciferase reporter assay, and the wild-type reporter showed the expected decrease with miR-34a expression in the same direction as the original finding.",no
28,3,2,1,The microRNA miR-34a inhibits prostate cancer stem cells and metastasis by directly repressing CD44,recognized,replicable,I recall the Reproducibility Project–Cancer Biology replication of this paper’s CD44 wild-type 3'UTR luciferase assay found miR-34a reduced reporter activity in the same direction as the original result.,"FAMILIARITY: recognized
VERDICT: replicable
NOTES: I recall the Reproducibility Project–Cancer Biology replication of this paper’s CD44 wild-type 3'UTR luciferase assay found miR-34a reduced reporter activity in the same direction as the original result.",no
28,3,2,2,The microRNA miR-34a inhibits prostate cancer stem cells and metastasis by directly repressing CD44,recognized,replicable,"I recall the independent replication of the CD44 3'UTR luciferase assay for miR-34a was broadly consistent with the original report, showing lower reporter activity with miR-34a than with control.","FAMILIARITY: recognized
VERDICT: replicable
NOTES: I recall the independent replication of the CD44 3'UTR luciferase assay for miR-34a was broadly consistent with the original report, showing lower reporter activity with miR-34a than with control.",no
28,3,2,3,The microRNA miR-34a inhibits prostate cancer stem cells and metastasis by directly repressing CD44,recognized,replicable,I recall this Reproducibility Project: Cancer Biology replication as reproducing the expected drop in wild-type CD44 reporter luciferase activity with miR-34a versus control.,"FAMILIARITY: recognized
VERDICT: replicable
NOTES: I recall this Reproducibility Project: Cancer Biology replication as reproducing the expected drop in wild-type CD44 reporter luciferase activity with miR-34a versus control.",no
28,3,2,4,The microRNA miR-34a inhibits prostate cancer stem cells and metastasis by directly repressing CD44,recognized,replicable,"I recall this as a Reproducibility Project: Cancer Biology replication of the CD44 3'UTR luciferase assay, which was reported to reproduce the original miR-34a-dependent reduction in wild-type reporter activity.","FAMILIARITY: recognized
VERDICT: replicable
NOTES: I recall this as a Reproducibility Project: Cancer Biology replication of the CD44 3'UTR luciferase assay, which was reported to reproduce the original miR-34a-dependent reduction in wild-type reporter activity.",no
28,3,2,5,The microRNA miR-34a inhibits prostate cancer stem cells and metastasis by directly repressing CD44,recognized,unknown,"I recognize the miR-34a/CD44 prostate cancer paper, but I don’t specifically recall the independent replication outcome for the wild-type reporter luciferase comparison.","FAMILIARITY: recognized
VERDICT: unknown
NOTES: I recognize the miR-34a/CD44 prostate cancer paper, but I don’t specifically recall the independent replication outcome for the wild-type reporter luciferase comparison.",no
28,3,2,6,The microRNA miR-34a inhibits prostate cancer stem cells and metastasis by directly repressing CD44,recognized,replicable,"I remember this as the prostate-cancer miR-34a/CD44 luciferase reporter study, and the independent replication of the wild-type reporter repression by miR-34a was reported in the same direction as the original.","FAMILIARITY: recognized
VERDICT: replicable
NOTES: I remember this as the prostate-cancer miR-34a/CD44 luciferase reporter study, and the independent replication of the wild-type reporter repression by miR-34a was reported in the same direction as the original.",no
28,3,2,7,The microRNA miR-34a inhibits prostate cancer stem cells and metastasis by directly repressing CD44,recognized,unknown,"I recognize this as the Reproducibility Project replication of the miR-34a/CD44 luciferase reporter assay, but I don’t specifically recall whether the wild-type reporter comparison was judged to replicate.","FAMILIARITY: recognized
VERDICT: unknown
NOTES: I recognize this as the Reproducibility Project replication of the miR-34a/CD44 luciferase reporter assay, but I don’t specifically recall whether the wild-type reporter comparison was judged to replicate.",no
28,3,2,8,The microRNA miR-34a inhibits prostate cancer stem cells and metastasis by directly repressing CD44,recognized,replicable,I recall the Reproducibility Project: Cancer Biology replication of this CD44 3′UTR luciferase assay found miR-34a reduced wild-type reporter activity in the same direction as the original result.,"FAMILIARITY: recognized
VERDICT: replicable
NOTES: I recall the Reproducibility Project: Cancer Biology replication of this CD44 3′UTR luciferase assay found miR-34a reduced wild-type reporter activity in the same direction as the original result.",no
28,3,2,9,The microRNA miR-34a inhibits prostate cancer stem cells and metastasis by directly repressing CD44,recognized,replicable,"I recall the reproducibility project reproducing the miR-34a suppression of the wild-type CD44 luciferase reporter, consistent with the original direct-targeting result.","FAMILIARITY: recognized
VERDICT: replicable
NOTES: I recall the reproducibility project reproducing the miR-34a suppression of the wild-type CD44 luciferase reporter, consistent with the original direct-targeting result.",no
28,3,3,0,The microRNA miR-34a inhibits prostate cancer stem cells and metastasis by directly repressing CD44,recognized,unknown,"I recognize this miR-34a/CD44 prostate cancer paper, but I don’t specifically recall the independent replication outcome for the M1M2 luciferase reporter comparison.","FAMILIARITY: recognized
VERDICT: unknown
NOTES: I recognize this miR-34a/CD44 prostate cancer paper, but I don’t specifically recall the independent replication outcome for the M1M2 luciferase reporter comparison.",no
28,3,3,1,The microRNA miR-34a inhibits prostate cancer stem cells and metastasis by directly repressing CD44,recognized,unknown,"I recognize this as the prostate-cancer miR-34a/CD44 study and its Reproducibility Project luciferase-reporter replication, but I don’t specifically recall whether the M1M2 mutant reporter comparison was judged to replicate.","FAMILIARITY: recognized
VERDICT: unknown
NOTES: I recognize this as the prostate-cancer miR-34a/CD44 study and its Reproducibility Project luciferase-reporter replication, but I don’t specifically recall whether the M1M2 mutant reporter comparison was judged to replicate.",no
28,3,3,2,The microRNA miR-34a inhibits prostate cancer stem cells and metastasis by directly repressing CD44,recognized,replicable,"I recall this Nature Medicine miR-34a/CD44 study had an independent replication of the CD44 luciferase reporter assay, and the M1M2 mutant reporter control was reported as consistent with the original result.","FAMILIARITY: recognized
VERDICT: replicable
NOTES: I recall this Nature Medicine miR-34a/CD44 study had an independent replication of the CD44 luciferase reporter assay, and the M1M2 mutant reporter control was reported as consistent with the original result.",no
28,3,3,3,The microRNA miR-34a inhibits prostate cancer stem cells and metastasis by directly repressing CD44,recognized,unknown,"I recognize this miR-34a/CD44 prostate cancer paper and recall that M1M2 was the mutant specificity-control luciferase reporter, but I don’t confidently remember the outcome of the formal replication for that exact comparison.","FAMILIARITY: recognized
VERDICT: unknown
NOTES: I recognize this miR-34a/CD44 prostate cancer paper and recall that M1M2 was the mutant specificity-control luciferase reporter, but I don’t confidently remember the outcome of the formal replication for that exact comparison.",no
28,3,3,4,The microRNA miR-34a inhibits prostate cancer stem cells and metastasis by directly repressing CD44,recognized,replicable,"I recognize this as the miR-34a/CD44 luciferase-reporter result from a Reproducibility Project: Cancer Biology replication, and I recall the M1M2 mutant reporter comparison behaving consistently with the original report.","FAMILIARITY: recognized
VERDICT: replicable
NOTES: I recognize this as the miR-34a/CD44 luciferase-reporter result from a Reproducibility Project: Cancer Biology replication, and I recall the M1M2 mutant reporter comparison behaving consistently with the original report.",no
28,3,3,5,The microRNA miR-34a inhibits prostate cancer stem cells and metastasis by directly repressing CD44,recognized,replicable,"I recall the RP: Cancer Biology replication of this miR-34a/CD44 luciferase assay, and the M1M2 mutant reporter was essentially not repressed by miR-34a, matching the original no-effect result.","FAMILIARITY: recognized
VERDICT: replicable
NOTES: I recall the RP: Cancer Biology replication of this miR-34a/CD44 luciferase assay, and the M1M2 mutant reporter was essentially not repressed by miR-34a, matching the original no-effect result.",no
28,3,3,6,The microRNA miR-34a inhibits prostate cancer stem cells and metastasis by directly repressing CD44,recognized,replicable,"I recall this RP: Cancer Biology replication of the miR-34a/CD44 paper found the M1M2 mutant luciferase reporter behaved as expected, with no meaningful difference between miR-34a and control, consistent with the original control result.","FAMILIARITY: recognized
VERDICT: replicable
NOTES: I recall this RP: Cancer Biology replication of the miR-34a/CD44 paper found the M1M2 mutant luciferase reporter behaved as expected, with no meaningful difference between miR-34a and control, consistent with the original control result.",no
28,3,3,7,The microRNA miR-34a inhibits prostate cancer stem cells and metastasis by directly repressing CD44,recognized,unknown,"I recognize this as the miR-34a/CD44 prostate cancer paper that was later included in a Reproducibility Project replication, but I do not specifically remember the replication outcome for the M1M2 mutant luciferase reporter comparison.","FAMILIARITY: recognized
VERDICT: unknown
NOTES: I recognize this as the miR-34a/CD44 prostate cancer paper that was later included in a Reproducibility Project replication, but I do not specifically remember the replication outcome for the M1M2 mutant luciferase reporter comparison.",no
28,3,3,8,The microRNA miR-34a inhibits prostate cancer stem cells and metastasis by directly repressing CD44,recognized,unknown,"I recognize the miR-34a/CD44 prostate cancer paper, but I do not specifically recall the independent replication outcome for the M1M2 luciferase reporter comparison.","FAMILIARITY: recognized
VERDICT: unknown
NOTES: I recognize the miR-34a/CD44 prostate cancer paper, but I do not specifically recall the independent replication outcome for the M1M2 luciferase reporter comparison.",no
28,3,3,9,The microRNA miR-34a inhibits prostate cancer stem cells and metastasis by directly repressing CD44,recognized,unreplicable,"I recall this as an RP: Cancer Biology replication of the CD44/M1M2 luciferase assay, and my memory is that the replication did not reproduce the original miR-34a-dependent repression.","FAMILIARITY: recognized
VERDICT: unreplicable
NOTES: I recall this as an RP: Cancer Biology replication of the CD44/M1M2 luciferase assay, and my memory is that the replication did not reproduce the original miR-34a-dependent repression.",no
29,1,1,0,Inhibition of BET recruitment to chromatin as an effective treatment for MLL-fusion leukaemia,recognized,replicable,"I recall this as the 2011 Nature I-BET151/BET-inhibition MLL-fusion leukemia study, and the formal replication I remember was broadly consistent with the original MV4;11 being much more sensitive than K-562.","FAMILIARITY: recognized
VERDICT: replicable
NOTES: I recall this as the 2011 Nature I-BET151/BET-inhibition MLL-fusion leukemia study, and the formal replication I remember was broadly consistent with the original MV4;11 being much more sensitive than K-562.",yes
29,1,1,1,Inhibition of BET recruitment to chromatin as an effective treatment for MLL-fusion leukaemia,recognized,replicable,"I remember this as the JQ1/BET-inhibition MLL-leukemia paper, and the independent replication reproduced the strong MV4;11 sensitivity relative to K-562 in the dose-response/IC50 comparison.","FAMILIARITY: recognized
VERDICT: replicable
NOTES: I remember this as the JQ1/BET-inhibition MLL-leukemia paper, and the independent replication reproduced the strong MV4;11 sensitivity relative to K-562 in the dose-response/IC50 comparison.",yes
29,1,1,2,Inhibition of BET recruitment to chromatin as an effective treatment for MLL-fusion leukaemia,recognized,replicable,"I recall this as the BET bromodomain inhibitor study in MLL-fusion leukemia, and the independent replication reproduced the greater sensitivity of MV4;11 cells relative to K-562, with K-562 still not reaching IC50 at the highest dose tested.","FAMILIARITY: recognized
VERDICT: replicable
NOTES: I recall this as the BET bromodomain inhibitor study in MLL-fusion leukemia, and the independent replication reproduced the greater sensitivity of MV4;11 cells relative to K-562, with K-562 still not reaching IC50 at the highest dose tested.",yes
29,1,1,3,Inhibition of BET recruitment to chromatin as an effective treatment for MLL-fusion leukaemia,recognized,replicable,"This is the JQ1/BRD4 MLL-fusion leukemia paper, and I recall the independent replication reproducing the selective MV4;11 sensitivity while K-562 remained resistant up to 100 µM.","FAMILIARITY: recognized
VERDICT: replicable
NOTES: This is the JQ1/BRD4 MLL-fusion leukemia paper, and I recall the independent replication reproducing the selective MV4;11 sensitivity while K-562 remained resistant up to 100 µM.",yes
29,1,1,4,Inhibition of BET recruitment to chromatin as an effective treatment for MLL-fusion leukaemia,recognized,unknown,"I recognize this as the Dawson et al. BET-inhibitor/MLL-fusion leukemia paper, but I don’t specifically recall the independent replication outcome for the MV4;11 versus K-562 dose-response comparison.","FAMILIARITY: recognized
VERDICT: unknown
NOTES: I recognize this as the Dawson et al. BET-inhibitor/MLL-fusion leukemia paper, but I don’t specifically recall the independent replication outcome for the MV4;11 versus K-562 dose-response comparison.",yes
29,1,1,5,Inhibition of BET recruitment to chromatin as an effective treatment for MLL-fusion leukaemia,recognized,replicable,"I recall this as the JQ1/BET-inhibitor study in MLL-fusion leukemia, and the independent replication likewise found MV4;11 cells much more sensitive than K-562 cells, with K-562 not reaching an IC50 even at the top dose.","FAMILIARITY: recognized
VERDICT: replicable
NOTES: I recall this as the JQ1/BET-inhibitor study in MLL-fusion leukemia, and the independent replication likewise found MV4;11 cells much more sensitive than K-562 cells, with K-562 not reaching an IC50 even at the top dose.",yes
29,1,1,6,Inhibition of BET recruitment to chromatin as an effective treatment for MLL-fusion leukaemia,recognized,replicable,"I recall this as the JQ1/BET bromodomain inhibitor paper in MLL-fusion leukemia, and the formal replication reported the same overall pattern of strong MV4;11 sensitivity with little or no response in K-562 over the tested range.","FAMILIARITY: recognized
VERDICT: replicable
NOTES: I recall this as the JQ1/BET bromodomain inhibitor paper in MLL-fusion leukemia, and the formal replication reported the same overall pattern of strong MV4;11 sensitivity with little or no response in K-562 over the tested range.",yes
29,1,1,7,Inhibition of BET recruitment to chromatin as an effective treatment for MLL-fusion leukaemia,recognized,replicable,I recall the RP:CB replication of the JQ1 dose-response in MV4;11 versus K-562 leukemia cells as broadly consistent with the original finding.,"FAMILIARITY: recognized
VERDICT: replicable
NOTES: I recall the RP:CB replication of the JQ1 dose-response in MV4;11 versus K-562 leukemia cells as broadly consistent with the original finding.",yes
29,1,1,8,Inhibition of BET recruitment to chromatin as an effective treatment for MLL-fusion leukaemia,recognized,replicable,"I recall this as the Dawson et al. BET-inhibitor paper on MLL-fusion leukemia, and the replication attempt upheld the selective sensitivity of MV4;11 over K-562, with K-562 remaining much less sensitive within the tested range.","FAMILIARITY: recognized
VERDICT: replicable
NOTES: I recall this as the Dawson et al. BET-inhibitor paper on MLL-fusion leukemia, and the replication attempt upheld the selective sensitivity of MV4;11 over K-562, with K-562 remaining much less sensitive within the tested range.",yes
29,1,1,9,Inhibition of BET recruitment to chromatin as an effective treatment for MLL-fusion leukaemia,recognized,replicable,"I recall the Zuber et al. BET-bromodomain/JQ1 leukemia finding being formally replicated, with MV4;11 remaining much more sensitive than K-562 and K-562 still not reaching an IC50 at the top tested dose.","FAMILIARITY: recognized
VERDICT: replicable
NOTES: I recall the Zuber et al. BET-bromodomain/JQ1 leukemia finding being formally replicated, with MV4;11 remaining much more sensitive than K-562 and K-562 still not reaching an IC50 at the top tested dose.",yes
29,2,1,0,Inhibition of BET recruitment to chromatin as an effective treatment for MLL-fusion leukaemia,recognized,unknown,"I recognize the BET-inhibitor/MLL-fusion leukemia study and remember BCL2 mRNA in MV4;11 cells was reported to drop with I-BET151, but I can’t confidently recall whether the independent replication judged that specific effect as successfully reproduced.","FAMILIARITY: recognized
VERDICT: unknown
NOTES: I recognize the BET-inhibitor/MLL-fusion leukemia study and remember BCL2 mRNA in MV4;11 cells was reported to drop with I-BET151, but I can’t confidently recall whether the independent replication judged that specific effect as successfully reproduced.",yes
29,2,1,1,Inhibition of BET recruitment to chromatin as an effective treatment for MLL-fusion leukaemia,recognized,replicable,I recall this Nature BET-inhibitor leukemia paper and that the formal RP:CB replication reproduced the I-BET151-associated decrease in BCL2 expression in MV4;11 cells.,"FAMILIARITY: recognized
VERDICT: replicable
NOTES: I recall this Nature BET-inhibitor leukemia paper and that the formal RP:CB replication reproduced the I-BET151-associated decrease in BCL2 expression in MV4;11 cells.",yes
29,2,1,2,Inhibition of BET recruitment to chromatin as an effective treatment for MLL-fusion leukaemia,recognized,replicable,"I recognize this as the Dawson et al. BET-inhibitor paper, and I recall the independent replication of I-BET151 lowering BCL2 expression in MV4;11 cells as consistent with the original finding.","FAMILIARITY: recognized
VERDICT: replicable
NOTES: I recognize this as the Dawson et al. BET-inhibitor paper, and I recall the independent replication of I-BET151 lowering BCL2 expression in MV4;11 cells as consistent with the original finding.",yes
29,2,1,3,Inhibition of BET recruitment to chromatin as an effective treatment for MLL-fusion leukaemia,recognized,replicable,"I recognize this as the Nature BET-inhibitor/MLL-fusion leukemia paper, and I recall the formal replication reporting that I-BET151 reduced BCL2 expression in MV4;11 cells in the same direction as the original finding.","FAMILIARITY: recognized
VERDICT: replicable
NOTES: I recognize this as the Nature BET-inhibitor/MLL-fusion leukemia paper, and I recall the formal replication reporting that I-BET151 reduced BCL2 expression in MV4;11 cells in the same direction as the original finding.",yes
29,2,1,4,Inhibition of BET recruitment to chromatin as an effective treatment for MLL-fusion leukaemia,recognized,unknown,"I recognize the Nature paper on I-BET151 in MLL-fusion leukemia and that it had a formal RP:CB replication, but I don’t specifically recall the replication outcome for the MV4;11 BCL2-expression effect.","FAMILIARITY: recognized
VERDICT: unknown
NOTES: I recognize the Nature paper on I-BET151 in MLL-fusion leukemia and that it had a formal RP:CB replication, but I don’t specifically recall the replication outcome for the MV4;11 BCL2-expression effect.",yes
29,2,1,5,Inhibition of BET recruitment to chromatin as an effective treatment for MLL-fusion leukaemia,recognized,replicable,I recall the independent replication of the Dawson et al. BET inhibitor study reproduced the I-BET151-induced reduction of BCL2 mRNA in MV4;11 cells relative to DMSO.,"FAMILIARITY: recognized
VERDICT: replicable
NOTES: I recall the independent replication of the Dawson et al. BET inhibitor study reproduced the I-BET151-induced reduction of BCL2 mRNA in MV4;11 cells relative to DMSO.",yes
29,2,1,6,Inhibition of BET recruitment to chromatin as an effective treatment for MLL-fusion leukaemia,recognized,replicable,I recall this Reproducibility Project cancer biology replication of I-BET151 in MV4;11 cells as showing a directionally consistent reduction in BCL2 expression relative to DMSO control.,"FAMILIARITY: recognized
VERDICT: replicable
NOTES: I recall this Reproducibility Project cancer biology replication of I-BET151 in MV4;11 cells as showing a directionally consistent reduction in BCL2 expression relative to DMSO control.",yes
29,2,1,7,Inhibition of BET recruitment to chromatin as an effective treatment for MLL-fusion leukaemia,recognized,replicable,I recall the Reproducibility Project: Cancer Biology repeated the MV4;11/I-BET151 qPCR and found BCL2 downregulation in the same direction as the original study.,"FAMILIARITY: recognized
VERDICT: replicable
NOTES: I recall the Reproducibility Project: Cancer Biology repeated the MV4;11/I-BET151 qPCR and found BCL2 downregulation in the same direction as the original study.",yes
29,2,1,8,Inhibition of BET recruitment to chromatin as an effective treatment for MLL-fusion leukaemia,recognized,unknown,"I recognize this as the RP:CB replication of Dawson et al.; I recall I-BET151 was reported to lower BCL2 in MV4;11 cells, but I don’t specifically remember whether the formal replication verdict was scored as successful.","FAMILIARITY: recognized
VERDICT: unknown
NOTES: I recognize this as the RP:CB replication of Dawson et al.; I recall I-BET151 was reported to lower BCL2 in MV4;11 cells, but I don’t specifically remember whether the formal replication verdict was scored as successful.",yes
29,2,1,9,Inhibition of BET recruitment to chromatin as an effective treatment for MLL-fusion leukaemia,recognized,replicable,"I recall this as the MV4;11/I-BET151 qPCR result from the BET-inhibitor MLL-leukaemia paper, where BCL2 expression was lowered relative to DMSO and the independent replication was consistent with that decrease.","FAMILIARITY: recognized
VERDICT: replicable
NOTES: I recall this as the MV4;11/I-BET151 qPCR result from the BET-inhibitor MLL-leukaemia paper, where BCL2 expression was lowered relative to DMSO and the independent replication was consistent with that decrease.",yes
29,2,2,0,Inhibition of BET recruitment to chromatin as an effective treatment for MLL-fusion leukaemia,recognized,unknown,"I remember this as the RP:CB replication of the I-BET151/BET bromodomain inhibitor paper, but I don’t specifically recall whether the K-562 BCL2 qPCR effect was reproduced.","FAMILIARITY: recognized
VERDICT: unknown
NOTES: I remember this as the RP:CB replication of the I-BET151/BET bromodomain inhibitor paper, but I don’t specifically recall whether the K-562 BCL2 qPCR effect was reproduced.",no
29,2,2,1,Inhibition of BET recruitment to chromatin as an effective treatment for MLL-fusion leukaemia,recognized,replicable,I recall the Cancer Biology Reproducibility Project repeating this I-BET151/K-562 qPCR result and finding BCL2 downregulation broadly consistent with the original study.,"FAMILIARITY: recognized
VERDICT: replicable
NOTES: I recall the Cancer Biology Reproducibility Project repeating this I-BET151/K-562 qPCR result and finding BCL2 downregulation broadly consistent with the original study.",no
29,2,2,2,Inhibition of BET recruitment to chromatin as an effective treatment for MLL-fusion leukaemia,recognized,replicable,I recall this RP:CB replication of Dawson et al. measured I-BET151-induced downregulation of BCL2 mRNA in K-562 cells and found a similar decrease to the original report.,"FAMILIARITY: recognized
VERDICT: replicable
NOTES: I recall this RP:CB replication of Dawson et al. measured I-BET151-induced downregulation of BCL2 mRNA in K-562 cells and found a similar decrease to the original report.",no
29,2,2,3,Inhibition of BET recruitment to chromatin as an effective treatment for MLL-fusion leukaemia,recognized,unknown,"I recognize this as the Dawson et al. BET-inhibitor MLL-leukemia paper that was later independently replicated, but I don’t specifically recall whether the K-562 BCL2-expression result in the replication attempt matched the original.","FAMILIARITY: recognized
VERDICT: unknown
NOTES: I recognize this as the Dawson et al. BET-inhibitor MLL-leukemia paper that was later independently replicated, but I don’t specifically recall whether the K-562 BCL2-expression result in the replication attempt matched the original.",no
29,2,2,4,Inhibition of BET recruitment to chromatin as an effective treatment for MLL-fusion leukaemia,recognized,replicable,"I recall this as the RP:CB replication of the Dawson et al. BET-inhibitor paper, where I-BET151 was reported to reduce BCL2 expression in K-562 cells and the replication was in the same direction.","FAMILIARITY: recognized
VERDICT: replicable
NOTES: I recall this as the RP:CB replication of the Dawson et al. BET-inhibitor paper, where I-BET151 was reported to reduce BCL2 expression in K-562 cells and the replication was in the same direction.",no
29,2,2,5,Inhibition of BET recruitment to chromatin as an effective treatment for MLL-fusion leukaemia,recognized,replicable,"I recognize this as a Reproducibility Project: Cancer Biology replication of the BET-inhibitor leukemia paper, and I recall the K-562 BCL2 expression result being reproduced in the same direction with I-BET151.","FAMILIARITY: recognized
VERDICT: replicable
NOTES: I recognize this as a Reproducibility Project: Cancer Biology replication of the BET-inhibitor leukemia paper, and I recall the K-562 BCL2 expression result being reproduced in the same direction with I-BET151.",no
29,2,2,6,Inhibition of BET recruitment to chromatin as an effective treatment for MLL-fusion leukaemia,recognized,unknown,"I recognize the Dawson et al. BET-inhibitor MLL-leukemia paper and that it was formally replicated, but I don’t specifically recall the outcome for the K-562 BCL2 expression assay.","FAMILIARITY: recognized
VERDICT: unknown
NOTES: I recognize the Dawson et al. BET-inhibitor MLL-leukemia paper and that it was formally replicated, but I don’t specifically recall the outcome for the K-562 BCL2 expression assay.",no
29,2,2,7,Inhibition of BET recruitment to chromatin as an effective treatment for MLL-fusion leukaemia,recognized,unknown,"I recognize the Dawson et al. BET-inhibition paper, but I don’t specifically recall the independent replication outcome for the K-562 BCL2 expression result.","FAMILIARITY: recognized
VERDICT: unknown
NOTES: I recognize the Dawson et al. BET-inhibition paper, but I don’t specifically recall the independent replication outcome for the K-562 BCL2 expression result.",no
29,2,2,8,Inhibition of BET recruitment to chromatin as an effective treatment for MLL-fusion leukaemia,recognized,unknown,"I recognize the Dawson et al. BET-inhibitor/MLL-leukaemia paper and that it was later examined in the Reproducibility Project: Cancer Biology, but I don’t specifically recall the K-562 BCL2 qPCR outcome.","FAMILIARITY: recognized
VERDICT: unknown
NOTES: I recognize the Dawson et al. BET-inhibitor/MLL-leukaemia paper and that it was later examined in the Reproducibility Project: Cancer Biology, but I don’t specifically recall the K-562 BCL2 qPCR outcome.",no
29,2,2,9,Inhibition of BET recruitment to chromatin as an effective treatment for MLL-fusion leukaemia,recognized,replicable,"I recognize this as the BET-inhibitor/MLL-leukemia paper, and I recall the independent replication also found I-BET151 lowered BCL2 expression in K-562 cells in the same direction.","FAMILIARITY: recognized
VERDICT: replicable
NOTES: I recognize this as the BET-inhibitor/MLL-leukemia paper, and I recall the independent replication also found I-BET151 lowered BCL2 expression in K-562 cells in the same direction.",no
29,2,3,0,Inhibition of BET recruitment to chromatin as an effective treatment for MLL-fusion leukaemia,recognized,unknown,"I remember the Dawson et al. BET-inhibition/MLL-leukemia paper and that it had an independent replication attempt, but I don’t recall the outcome for this specific BCL2 MV4;11 vs K-562 comparison.","FAMILIARITY: recognized
VERDICT: unknown
NOTES: I remember the Dawson et al. BET-inhibition/MLL-leukemia paper and that it had an independent replication attempt, but I don’t recall the outcome for this specific BCL2 MV4;11 vs K-562 comparison.",yes
29,2,3,1,Inhibition of BET recruitment to chromatin as an effective treatment for MLL-fusion leukaemia,recognized,replicable,I recall this Reproducibility Project Cancer Biology attempt as broadly confirming that I-BET151 lowered BCL2 expression in MV4;11 relative to K-562 cells.,"FAMILIARITY: recognized
VERDICT: replicable
NOTES: I recall this Reproducibility Project Cancer Biology attempt as broadly confirming that I-BET151 lowered BCL2 expression in MV4;11 relative to K-562 cells.",yes
29,2,3,2,Inhibition of BET recruitment to chromatin as an effective treatment for MLL-fusion leukaemia,recognized,unknown,"I recognize this as the BET inhibitor I-BET151/MLL-fusion leukemia paper, but I don’t specifically recall the independent replication result for the BCL2 MV4;11 vs K-562 comparison.","FAMILIARITY: recognized
VERDICT: unknown
NOTES: I recognize this as the BET inhibitor I-BET151/MLL-fusion leukemia paper, but I don’t specifically recall the independent replication result for the BCL2 MV4;11 vs K-562 comparison.",yes
29,2,3,3,Inhibition of BET recruitment to chromatin as an effective treatment for MLL-fusion leukaemia,recognized,replicable,"I remember this as a Reproducibility Project follow-up on the I-BET151/MLL-fusion leukemia paper, and the MV4;11-versus-K-562 BCL2 expression difference under I-BET151 was reported in the same direction.","FAMILIARITY: recognized
VERDICT: replicable
NOTES: I remember this as a Reproducibility Project follow-up on the I-BET151/MLL-fusion leukemia paper, and the MV4;11-versus-K-562 BCL2 expression difference under I-BET151 was reported in the same direction.",yes
29,2,3,4,Inhibition of BET recruitment to chromatin as an effective treatment for MLL-fusion leukaemia,recognized,unknown,"I recognize the Dawson et al. BET-inhibition study and its cancer-biology replication attempt, but I don’t specifically recall whether this MV4;11-vs-K-562 BCL2-expression comparison was judged to replicate.","FAMILIARITY: recognized
VERDICT: unknown
NOTES: I recognize the Dawson et al. BET-inhibition study and its cancer-biology replication attempt, but I don’t specifically recall whether this MV4;11-vs-K-562 BCL2-expression comparison was judged to replicate.",yes
29,2,3,5,Inhibition of BET recruitment to chromatin as an effective treatment for MLL-fusion leukaemia,recognized,unknown,"I recognize the Dawson et al. BET-inhibitor MLL-leukaemia paper and know it had an independent replication attempt, but I don’t specifically recall the reported outcome for the MV4;11 vs K-562 BCL2-expression comparison.","FAMILIARITY: recognized
VERDICT: unknown
NOTES: I recognize the Dawson et al. BET-inhibitor MLL-leukaemia paper and know it had an independent replication attempt, but I don’t specifically recall the reported outcome for the MV4;11 vs K-562 BCL2-expression comparison.",yes
29,2,3,6,Inhibition of BET recruitment to chromatin as an effective treatment for MLL-fusion leukaemia,recognized,unknown,"I recognize this as the Dawson et al. Nature paper on I-BET151 in MLL-fusion leukemia, but I don’t specifically recall the outcome of the independent replication for the MV4;11 vs K-562 BCL2-expression effect.","FAMILIARITY: recognized
VERDICT: unknown
NOTES: I recognize this as the Dawson et al. Nature paper on I-BET151 in MLL-fusion leukemia, but I don’t specifically recall the outcome of the independent replication for the MV4;11 vs K-562 BCL2-expression effect.",yes
29,2,3,7,Inhibition of BET recruitment to chromatin as an effective treatment for MLL-fusion leukaemia,recognized,replicable,I recall this Nature BET-inhibitor study and that the independent replication of the BCL2 qPCR difference between MV4;11 and K-562 after I-BET151 was reported as consistent with the original direction.,"FAMILIARITY: recognized
VERDICT: replicable
NOTES: I recall this Nature BET-inhibitor study and that the independent replication of the BCL2 qPCR difference between MV4;11 and K-562 after I-BET151 was reported as consistent with the original direction.",yes
29,2,3,8,Inhibition of BET recruitment to chromatin as an effective treatment for MLL-fusion leukaemia,recognized,replicable,"I recall this as the BET inhibitor/I-BET151 MLL-leukemia paper, and the later replication of the BCL2 qPCR comparison in MV4;11 versus K-562 cells was, as I remember it, in the same direction as the original finding.","FAMILIARITY: recognized
VERDICT: replicable
NOTES: I recall this as the BET inhibitor/I-BET151 MLL-leukemia paper, and the later replication of the BCL2 qPCR comparison in MV4;11 versus K-562 cells was, as I remember it, in the same direction as the original finding.",yes
29,2,3,9,Inhibition of BET recruitment to chromatin as an effective treatment for MLL-fusion leukaemia,recognized,replicable,"I recognize this as the Dawson et al. BET-inhibitor/MLL-fusion leukemia paper, and I recall the replication attempt reproducing the I-BET151-associated BCL2 downregulation difference between MV4;11 and K-562 cells.","FAMILIARITY: recognized
VERDICT: replicable
NOTES: I recognize this as the Dawson et al. BET-inhibitor/MLL-fusion leukemia paper, and I recall the replication attempt reproducing the I-BET151-associated BCL2 downregulation difference between MV4;11 and K-562 cells.",yes
29,3,1,0,Inhibition of BET recruitment to chromatin as an effective treatment for MLL-fusion leukaemia,recognized,replicable,"I recall this as the Dawson et al. BET-inhibitor paper, and the independent replication reported that I-BET151 prolonged survival versus vehicle control in the MLL-fusion leukemia model.","FAMILIARITY: recognized
VERDICT: replicable
NOTES: I recall this as the Dawson et al. BET-inhibitor paper, and the independent replication reported that I-BET151 prolonged survival versus vehicle control in the MLL-fusion leukemia model.",no
29,3,1,1,Inhibition of BET recruitment to chromatin as an effective treatment for MLL-fusion leukaemia,recognized,unknown,"I recognize the 2011 I-BET151/MLL-fusion leukemia paper, but I don’t specifically recall the outcome of the independent replication of the survival comparison versus vehicle.","FAMILIARITY: recognized
VERDICT: unknown
NOTES: I recognize the 2011 I-BET151/MLL-fusion leukemia paper, but I don’t specifically recall the outcome of the independent replication of the survival comparison versus vehicle.",no
29,3,1,2,Inhibition of BET recruitment to chromatin as an effective treatment for MLL-fusion leukaemia,recognized,unknown,"I recognize this as the 2011 BET-bromodomain inhibitor paper in MLL-fusion leukemia and recall a formal survival replication attempt, but I can’t confidently remember whether I-BET151 outperformed vehicle in that specific replication.","FAMILIARITY: recognized
VERDICT: unknown
NOTES: I recognize this as the 2011 BET-bromodomain inhibitor paper in MLL-fusion leukemia and recall a formal survival replication attempt, but I can’t confidently remember whether I-BET151 outperformed vehicle in that specific replication.",no
29,3,1,3,Inhibition of BET recruitment to chromatin as an effective treatment for MLL-fusion leukaemia,recognized,replicable,"I recall this as the Dawson et al. BET-inhibitor paper, and the independent replication of the I-BET151 leukemia survival experiment generally reproduced a survival benefit over vehicle control.","FAMILIARITY: recognized
VERDICT: replicable
NOTES: I recall this as the Dawson et al. BET-inhibitor paper, and the independent replication of the I-BET151 leukemia survival experiment generally reproduced a survival benefit over vehicle control.",no
29,3,1,4,Inhibition of BET recruitment to chromatin as an effective treatment for MLL-fusion leukaemia,recognized,replicable,"I recall this 2012 Nature BET-inhibitor paper, and the independent replication of the I-BET151 vs vehicle mouse-survival experiment reported the same direction of effect, with longer survival on I-BET151.","FAMILIARITY: recognized
VERDICT: replicable
NOTES: I recall this 2012 Nature BET-inhibitor paper, and the independent replication of the I-BET151 vs vehicle mouse-survival experiment reported the same direction of effect, with longer survival on I-BET151.",no
29,3,1,5,Inhibition of BET recruitment to chromatin as an effective treatment for MLL-fusion leukaemia,recognized,unreplicable,"I recognize the Nature 2011 BET-inhibitor leukemia paper, and I recall the independent replication of the mouse survival experiment not finding a significant survival benefit for I-BET151 over vehicle.","FAMILIARITY: recognized
VERDICT: unreplicable
NOTES: I recognize the Nature 2011 BET-inhibitor leukemia paper, and I recall the independent replication of the mouse survival experiment not finding a significant survival benefit for I-BET151 over vehicle.",no
29,3,1,6,Inhibition of BET recruitment to chromatin as an effective treatment for MLL-fusion leukaemia,recognized,replicable,"I recall this as a Reproducibility Project: Cancer Biology replication of the MLL-fusion leukaemia BET-inhibitor paper, and the mouse survival benefit of I-BET151 over vehicle was reported as reproduced.","FAMILIARITY: recognized
VERDICT: replicable
NOTES: I recall this as a Reproducibility Project: Cancer Biology replication of the MLL-fusion leukaemia BET-inhibitor paper, and the mouse survival benefit of I-BET151 over vehicle was reported as reproduced.",no
29,3,1,7,Inhibition of BET recruitment to chromatin as an effective treatment for MLL-fusion leukaemia,recognized,unreplicable,I recall the Reproducibility Project: Cancer Biology replication of the MLL-fusion leukemia mouse survival experiment with I-BET151 did not show a significant survival advantage over vehicle.,"FAMILIARITY: recognized
VERDICT: unreplicable
NOTES: I recall the Reproducibility Project: Cancer Biology replication of the MLL-fusion leukemia mouse survival experiment with I-BET151 did not show a significant survival advantage over vehicle.",no
29,3,1,8,Inhibition of BET recruitment to chromatin as an effective treatment for MLL-fusion leukaemia,recognized,unknown,"I recognize this as the Nature MLL-fusion leukemia/BET inhibition paper and its independent replication attempt, but I don’t confidently recall whether the I-BET151 survival benefit over vehicle was reproduced.","FAMILIARITY: recognized
VERDICT: unknown
NOTES: I recognize this as the Nature MLL-fusion leukemia/BET inhibition paper and its independent replication attempt, but I don’t confidently recall whether the I-BET151 survival benefit over vehicle was reproduced.",no
29,3,1,9,Inhibition of BET recruitment to chromatin as an effective treatment for MLL-fusion leukaemia,recognized,replicable,"I remember this Reproducibility Project: Cancer Biology replication of Dawson et al.; the I-BET151-treated leukemia mice again showed longer survival than vehicle controls, consistent with the original effect.","FAMILIARITY: recognized
VERDICT: replicable
NOTES: I remember this Reproducibility Project: Cancer Biology replication of Dawson et al.; the I-BET151-treated leukemia mice again showed longer survival than vehicle controls, consistent with the original effect.",no
29,3,2,0,Inhibition of BET recruitment to chromatin as an effective treatment for MLL-fusion leukaemia,recognized,replicable,I recall this Reproducibility Project replication as successfully reproducing the in vivo finding that I-BET151 reduced leukemic burden in the bone marrow compared with vehicle control.,"FAMILIARITY: recognized
VERDICT: replicable
NOTES: I recall this Reproducibility Project replication as successfully reproducing the in vivo finding that I-BET151 reduced leukemic burden in the bone marrow compared with vehicle control.",no
29,3,2,1,Inhibition of BET recruitment to chromatin as an effective treatment for MLL-fusion leukaemia,recognized,unknown,"I remember the 2011 BET-inhibitor/MLL-fusion leukaemia paper and that it had an independent replication attempt, but I don’t specifically recall the bone-marrow burden result.","FAMILIARITY: recognized
VERDICT: unknown
NOTES: I remember the 2011 BET-inhibitor/MLL-fusion leukaemia paper and that it had an independent replication attempt, but I don’t specifically recall the bone-marrow burden result.",no
29,3,2,2,Inhibition of BET recruitment to chromatin as an effective treatment for MLL-fusion leukaemia,recognized,replicable,"I remember this as the Dawson et al. MLL-fusion leukemia/I-BET151 paper, and the later independent replication I recall still found lower bone-marrow leukemia burden with I-BET151 versus vehicle, though the effect looked smaller than the original.","FAMILIARITY: recognized
VERDICT: replicable
NOTES: I remember this as the Dawson et al. MLL-fusion leukemia/I-BET151 paper, and the later independent replication I recall still found lower bone-marrow leukemia burden with I-BET151 versus vehicle, though the effect looked smaller than the original.",no
29,3,2,3,Inhibition of BET recruitment to chromatin as an effective treatment for MLL-fusion leukaemia,recognized,unknown,"I recognize this as the Dawson et al. BET inhibitor/I-BET151 paper in MLL-fusion leukemia, but I don’t specifically recall the independent replication outcome for the bone-marrow leukemia-burden effect.","FAMILIARITY: recognized
VERDICT: unknown
NOTES: I recognize this as the Dawson et al. BET inhibitor/I-BET151 paper in MLL-fusion leukemia, but I don’t specifically recall the independent replication outcome for the bone-marrow leukemia-burden effect.",no
29,3,2,4,Inhibition of BET recruitment to chromatin as an effective treatment for MLL-fusion leukaemia,recognized,unknown,"I recognize the RP:CB replication of the I-BET151 MLL-fusion leukaemia paper, but I don’t specifically remember whether the bone-marrow leukemia burden result was successfully reproduced.","FAMILIARITY: recognized
VERDICT: unknown
NOTES: I recognize the RP:CB replication of the I-BET151 MLL-fusion leukaemia paper, but I don’t specifically remember whether the bone-marrow leukemia burden result was successfully reproduced.",no
29,3,2,5,Inhibition of BET recruitment to chromatin as an effective treatment for MLL-fusion leukaemia,recognized,unknown,"I recognize this as the Dawson et al. BET-inhibition MLL-fusion leukaemia paper and recall that it had a formal replication attempt, but I don’t specifically remember the bone-marrow burden result well enough to state whether it replicated.","FAMILIARITY: recognized
VERDICT: unknown
NOTES: I recognize this as the Dawson et al. BET-inhibition MLL-fusion leukaemia paper and recall that it had a formal replication attempt, but I don’t specifically remember the bone-marrow burden result well enough to state whether it replicated.",no
29,3,2,6,Inhibition of BET recruitment to chromatin as an effective treatment for MLL-fusion leukaemia,recognized,replicable,"I remember this BET-inhibitor MLL-leukaemia study, and the independent replication of the bone-marrow leukemia-burden experiment is generally reported as reproducing the I-BET151 treatment effect.","FAMILIARITY: recognized
VERDICT: replicable
NOTES: I remember this BET-inhibitor MLL-leukaemia study, and the independent replication of the bone-marrow leukemia-burden experiment is generally reported as reproducing the I-BET151 treatment effect.",no
29,3,2,7,Inhibition of BET recruitment to chromatin as an effective treatment for MLL-fusion leukaemia,recognized,unknown,"I recognize the 2013 BET-inhibitor/MLL-fusion leukaemia paper, but I don’t specifically recall the outcome of the independent replication for the bone-marrow leukemia-burden endpoint.","FAMILIARITY: recognized
VERDICT: unknown
NOTES: I recognize the 2013 BET-inhibitor/MLL-fusion leukaemia paper, but I don’t specifically recall the outcome of the independent replication for the bone-marrow leukemia-burden endpoint.",no
29,3,2,8,Inhibition of BET recruitment to chromatin as an effective treatment for MLL-fusion leukaemia,recognized,replicable,"I recall this BET-inhibitor MLL-fusion leukemia paper, and the independent replication of the bone-marrow leukemia burden readout reported the same directional reduction with I-BET151 versus vehicle.","FAMILIARITY: recognized
VERDICT: replicable
NOTES: I recall this BET-inhibitor MLL-fusion leukemia paper, and the independent replication of the bone-marrow leukemia burden readout reported the same directional reduction with I-BET151 versus vehicle.",no
29,3,2,9,Inhibition of BET recruitment to chromatin as an effective treatment for MLL-fusion leukaemia,recognized,replicable,"I recall this as the Dawson et al. BET-inhibitor MLL-fusion leukemia paper, and the independent replication of I-BET151 reducing bone-marrow leukemia burden was reported in the same direction.","FAMILIARITY: recognized
VERDICT: replicable
NOTES: I recall this as the Dawson et al. BET-inhibitor MLL-fusion leukemia paper, and the independent replication of I-BET151 reducing bone-marrow leukemia burden was reported in the same direction.",no
37,1,1,0,Systematic identification of genomic markers of drug sensitivity in cancer cells,recognized,unknown,"I recognize the Garnett et al. Nature drug-sensitivity screening paper, but I don’t specifically recall the independent replication outcome for the Ewing’s sarcoma versus osteosarcoma sensitivity effect.","FAMILIARITY: recognized
VERDICT: unknown
NOTES: I recognize the Garnett et al. Nature drug-sensitivity screening paper, but I don’t specifically recall the independent replication outcome for the Ewing’s sarcoma versus osteosarcoma sensitivity effect.",no
37,1,1,1,Systematic identification of genomic markers of drug sensitivity in cancer cells,recognized,unknown,"I recognize this as the Garnett et al. cancer cell line drug-sensitivity study and vaguely recall the Ewing’s sarcoma vs osteosarcoma sensitivity comparison, but I don’t specifically remember the outcome of the independent replication.","FAMILIARITY: recognized
VERDICT: unknown
NOTES: I recognize this as the Garnett et al. cancer cell line drug-sensitivity study and vaguely recall the Ewing’s sarcoma vs osteosarcoma sensitivity comparison, but I don’t specifically remember the outcome of the independent replication.",no
37,1,1,2,Systematic identification of genomic markers of drug sensitivity in cancer cells,recognized,replicable,"I recognize the Garnett et al. cancer-cell-line drug sensitivity study, and I recall the Ewing’s sarcoma vs osteosarcoma effective-concentration difference being reproduced in the later independent validation.","FAMILIARITY: recognized
VERDICT: replicable
NOTES: I recognize the Garnett et al. cancer-cell-line drug sensitivity study, and I recall the Ewing’s sarcoma vs osteosarcoma effective-concentration difference being reproduced in the later independent validation.",no
37,1,1,3,Systematic identification of genomic markers of drug sensitivity in cancer cells,unsure,unknown,"I recognize the Garnett et al. cancer-cell drug-sensitivity screening paper in general, but I do not specifically recall this Ewing’s sarcoma vs osteosarcoma replication attempt or its outcome.","FAMILIARITY: unsure
VERDICT: unknown
NOTES: I recognize the Garnett et al. cancer-cell drug-sensitivity screening paper in general, but I do not specifically recall this Ewing’s sarcoma vs osteosarcoma replication attempt or its outcome.",no
37,1,1,4,Systematic identification of genomic markers of drug sensitivity in cancer cells,unsure,unknown,"I recognize this as the Garnett et al. large cancer-cell drug screen paper, but I do not specifically recall the independent replication of the Ewing’s sarcoma vs osteosarcoma effective-concentration comparison.","FAMILIARITY: unsure
VERDICT: unknown
NOTES: I recognize this as the Garnett et al. large cancer-cell drug screen paper, but I do not specifically recall the independent replication of the Ewing’s sarcoma vs osteosarcoma effective-concentration comparison.",no
37,1,1,5,Systematic identification of genomic markers of drug sensitivity in cancer cells,unsure,unknown,"I recognize Garnett et al.'s broad drug-sensitivity screen, but I don't specifically recall the independent replication of the Ewing's sarcoma vs osteosarcoma effective-concentration difference well enough to say whether it replicated.","FAMILIARITY: unsure
VERDICT: unknown
NOTES: I recognize Garnett et al.'s broad drug-sensitivity screen, but I don't specifically recall the independent replication of the Ewing's sarcoma vs osteosarcoma effective-concentration difference well enough to say whether it replicated.",no
37,1,1,6,Systematic identification of genomic markers of drug sensitivity in cancer cells,recognized,unknown,"I recognize this as the Garnett et al. GDSC drug-sensitivity screen, but I don't specifically recall the independent replication of the Ewing's sarcoma vs osteosarcoma effective-concentration comparison.","FAMILIARITY: recognized
VERDICT: unknown
NOTES: I recognize this as the Garnett et al. GDSC drug-sensitivity screen, but I don't specifically recall the independent replication of the Ewing's sarcoma vs osteosarcoma effective-concentration comparison.",no
37,1,1,7,Systematic identification of genomic markers of drug sensitivity in cancer cells,unsure,unknown,"I recognize this as the large cancer-cell-line drug sensitivity screen by Garnett et al., but I don’t specifically recall the Ewing’s sarcoma vs osteosarcoma effect or its formal independent replication outcome.","FAMILIARITY: unsure
VERDICT: unknown
NOTES: I recognize this as the large cancer-cell-line drug sensitivity screen by Garnett et al., but I don’t specifically recall the Ewing’s sarcoma vs osteosarcoma effect or its formal independent replication outcome.",no
37,1,1,8,Systematic identification of genomic markers of drug sensitivity in cancer cells,unsure,unknown,"I recognize Garnett et al.’s broad cancer-cell drug-sensitivity screen, but I don’t specifically recall a formal independent replication of the Ewing’s sarcoma vs osteosarcoma effective-concentration finding.","FAMILIARITY: unsure
VERDICT: unknown
NOTES: I recognize Garnett et al.’s broad cancer-cell drug-sensitivity screen, but I don’t specifically recall a formal independent replication of the Ewing’s sarcoma vs osteosarcoma effective-concentration finding.",no
37,1,1,9,Systematic identification of genomic markers of drug sensitivity in cancer cells,recognized,unreplicable,"I recall this as the Garnett et al. cancer-cell drug screen result comparing Ewing’s sarcoma and osteosarcoma cell lines, and the independent replication I remember did not reproduce the reported lower effective concentrations in the Ewing’s sarcoma lines.","FAMILIARITY: recognized
VERDICT: unreplicable
NOTES: I recall this as the Garnett et al. cancer-cell drug screen result comparing Ewing’s sarcoma and osteosarcoma cell lines, and the independent replication I remember did not reproduce the reported lower effective concentrations in the Ewing’s sarcoma lines.",no
37,2,1,0,Systematic identification of genomic markers of drug sensitivity in cancer cells,unsure,unknown,"I recognize the Garnett et al. cancer drug-screen paper in broad terms, but I don’t specifically recall the independent replication outcome for the EWS-FLI1 vs FUS-CHOP IC50 comparison.","FAMILIARITY: unsure
VERDICT: unknown
NOTES: I recognize the Garnett et al. cancer drug-screen paper in broad terms, but I don’t specifically recall the independent replication outcome for the EWS-FLI1 vs FUS-CHOP IC50 comparison.",no
37,2,1,1,Systematic identification of genomic markers of drug sensitivity in cancer cells,recognized,unreplicable,"I remember this as the Garnett et al. cancer-cell drug-sensitivity screen, and the formal replication of the EWS-FLI1 vs FUS-CHOP transformed-cell IC50 comparison did not reproduce the original difference.","FAMILIARITY: recognized
VERDICT: unreplicable
NOTES: I remember this as the Garnett et al. cancer-cell drug-sensitivity screen, and the formal replication of the EWS-FLI1 vs FUS-CHOP transformed-cell IC50 comparison did not reproduce the original difference.",no
37,2,1,2,Systematic identification of genomic markers of drug sensitivity in cancer cells,recognized,unknown,"I recognize the Garnett et al. Nature 2012 drug-sensitivity screen and its EWS-FLI1 vs FUS-CHOP validation assay, but I don’t specifically recall the outcome of the independent replication attempt.","FAMILIARITY: recognized
VERDICT: unknown
NOTES: I recognize the Garnett et al. Nature 2012 drug-sensitivity screen and its EWS-FLI1 vs FUS-CHOP validation assay, but I don’t specifically recall the outcome of the independent replication attempt.",no
37,2,1,3,Systematic identification of genomic markers of drug sensitivity in cancer cells,recognized,unknown,"I recognize Garnett et al.’s Nature 2012 drug-sensitivity screen, but I don’t specifically recall the independent replication outcome for the EWS-FLI1 vs FUS-CHOP IC50 comparison.","FAMILIARITY: recognized
VERDICT: unknown
NOTES: I recognize Garnett et al.’s Nature 2012 drug-sensitivity screen, but I don’t specifically recall the independent replication outcome for the EWS-FLI1 vs FUS-CHOP IC50 comparison.",no
37,2,1,4,Systematic identification of genomic markers of drug sensitivity in cancer cells,recognized,unknown,"I recognize this as the Garnett et al. cancer-cell drug-sensitivity screen and remember a later reproducibility-project test of the EWS-FLI1 vs FUS-CHOP IC50 comparison, but I don’t recall the replication outcome confidently enough to classify it.","FAMILIARITY: recognized
VERDICT: unknown
NOTES: I recognize this as the Garnett et al. cancer-cell drug-sensitivity screen and remember a later reproducibility-project test of the EWS-FLI1 vs FUS-CHOP IC50 comparison, but I don’t recall the replication outcome confidently enough to classify it.",no
37,2,1,5,Systematic identification of genomic markers of drug sensitivity in cancer cells,recognized,unknown,"I recognize this as the Garnett et al. cancer-cell drug sensitivity screen, but I don’t specifically recall the independent replication attempt or its outcome for the EWS-FLI1 vs FUS-CHOP IC50 comparison.","FAMILIARITY: recognized
VERDICT: unknown
NOTES: I recognize this as the Garnett et al. cancer-cell drug sensitivity screen, but I don’t specifically recall the independent replication attempt or its outcome for the EWS-FLI1 vs FUS-CHOP IC50 comparison.",no
37,2,1,6,Systematic identification of genomic markers of drug sensitivity in cancer cells,unsure,unknown,"I recognize the Garnett et al. Nature paper in broad terms, but I do not specifically recall the independent replication of the EWS-FLI1 vs FUS-CHOP IC50 comparison well enough to judge its outcome.","FAMILIARITY: unsure
VERDICT: unknown
NOTES: I recognize the Garnett et al. Nature paper in broad terms, but I do not specifically recall the independent replication of the EWS-FLI1 vs FUS-CHOP IC50 comparison well enough to judge its outcome.",no
37,2,1,7,Systematic identification of genomic markers of drug sensitivity in cancer cells,unsure,unknown,"I recognize the broad Garnett et al. cancer drug-screen paper, but I don’t specifically recall the independent replication of the EWS-FLI1 vs FUS-CHOP IC50 comparison.","FAMILIARITY: unsure
VERDICT: unknown
NOTES: I recognize the broad Garnett et al. cancer drug-screen paper, but I don’t specifically recall the independent replication of the EWS-FLI1 vs FUS-CHOP IC50 comparison.",no
37,2,1,8,Systematic identification of genomic markers of drug sensitivity in cancer cells,unsure,unknown,"I recognize Garnett et al.’s broad cancer-cell drug-screen paper, but I don’t specifically recall the independent replication result for the EWS-FLI1 vs FUS-CHOP IC50 comparison.","FAMILIARITY: unsure
VERDICT: unknown
NOTES: I recognize Garnett et al.’s broad cancer-cell drug-screen paper, but I don’t specifically recall the independent replication result for the EWS-FLI1 vs FUS-CHOP IC50 comparison.",no
37,2,1,9,Systematic identification of genomic markers of drug sensitivity in cancer cells,recognized,unknown,"I recognize Garnett et al.’s large cancer-cell drug-sensitivity screen, but I don’t specifically recall the independent replication outcome for the EWS-FLI1 vs FUS-CHOP IC50 comparison.","FAMILIARITY: recognized
VERDICT: unknown
NOTES: I recognize Garnett et al.’s large cancer-cell drug-sensitivity screen, but I don’t specifically recall the independent replication outcome for the EWS-FLI1 vs FUS-CHOP IC50 comparison.",no
37,2,2,0,Systematic identification of genomic markers of drug sensitivity in cancer cells,recognized,unknown,"I recognize the Garnett et al. Nature 2012 screen, but I don’t specifically recall the independent replication of the SK-N-MC versus EWS-FLI1-transformed IC50 comparison.","FAMILIARITY: recognized
VERDICT: unknown
NOTES: I recognize the Garnett et al. Nature 2012 screen, but I don’t specifically recall the independent replication of the SK-N-MC versus EWS-FLI1-transformed IC50 comparison.",no
37,2,2,1,Systematic identification of genomic markers of drug sensitivity in cancer cells,recognized,unknown,"I recognize this as the Garnett et al. GDSC paper and a later cell-based replication comparing parental SK-N-MC cells with EWS-FLI1-transformed cells, but I do not specifically recall whether the independent replication confirmed the IC50 difference.","FAMILIARITY: recognized
VERDICT: unknown
NOTES: I recognize this as the Garnett et al. GDSC paper and a later cell-based replication comparing parental SK-N-MC cells with EWS-FLI1-transformed cells, but I do not specifically recall whether the independent replication confirmed the IC50 difference.",no
37,2,2,2,Systematic identification of genomic markers of drug sensitivity in cancer cells,unsure,unknown,"I recognize this as the Garnett et al. drug-sensitivity biomarker paper, but I do not specifically recall the independent replication of the SK-N-MC vs EWS-FLI1-transformed IC50 comparison well enough to judge it.","FAMILIARITY: unsure
VERDICT: unknown
NOTES: I recognize this as the Garnett et al. drug-sensitivity biomarker paper, but I do not specifically recall the independent replication of the SK-N-MC vs EWS-FLI1-transformed IC50 comparison well enough to judge it.",no
37,2,2,3,Systematic identification of genomic markers of drug sensitivity in cancer cells,recognized,unknown,"I recognize the Garnett et al. cancer-cell drug-sensitivity screen, but I don’t specifically recall the EWS-FLI1/SK-N-MC IC50 validation or the outcome of the independent replication attempt.","FAMILIARITY: recognized
VERDICT: unknown
NOTES: I recognize the Garnett et al. cancer-cell drug-sensitivity screen, but I don’t specifically recall the EWS-FLI1/SK-N-MC IC50 validation or the outcome of the independent replication attempt.",no
37,2,2,4,Systematic identification of genomic markers of drug sensitivity in cancer cells,unsure,unknown,"I recognize the Garnett et al. cancer drug-sensitivity screen in broad terms, but I don’t specifically recall the outcome of the independent replication of the SK-N-MC vs EWS-FLI1 IC50 comparison.","FAMILIARITY: unsure
VERDICT: unknown
NOTES: I recognize the Garnett et al. cancer drug-sensitivity screen in broad terms, but I don’t specifically recall the outcome of the independent replication of the SK-N-MC vs EWS-FLI1 IC50 comparison.",no
37,2,2,5,Systematic identification of genomic markers of drug sensitivity in cancer cells,recognized,unknown,"I remember this as a Reproducibility Project: Cancer Biology attempt tied to Garnett et al.’s SK-N-MC vs EWS-FLI1-transformed IC50 comparison, but I don’t specifically recall whether the replication confirmed the original effect.","FAMILIARITY: recognized
VERDICT: unknown
NOTES: I remember this as a Reproducibility Project: Cancer Biology attempt tied to Garnett et al.’s SK-N-MC vs EWS-FLI1-transformed IC50 comparison, but I don’t specifically recall whether the replication confirmed the original effect.",no
37,2,2,6,Systematic identification of genomic markers of drug sensitivity in cancer cells,unsure,unknown,"I remember the Garnett et al. cancer drug-sensitivity screen in general, but I don’t specifically recall the independent replication result for the SK-N-MC versus EWS-FLI1-transformed IC50 comparison.","FAMILIARITY: unsure
VERDICT: unknown
NOTES: I remember the Garnett et al. cancer drug-sensitivity screen in general, but I don’t specifically recall the independent replication result for the SK-N-MC versus EWS-FLI1-transformed IC50 comparison.",no
37,2,2,7,Systematic identification of genomic markers of drug sensitivity in cancer cells,recognized,unknown,"I recognize the 2012 Garnett et al. GDSC paper and its EWS-FLI1/SK-N-MC validation, but I don’t recall the independent replication’s outcome clearly enough to classify it.","FAMILIARITY: recognized
VERDICT: unknown
NOTES: I recognize the 2012 Garnett et al. GDSC paper and its EWS-FLI1/SK-N-MC validation, but I don’t recall the independent replication’s outcome clearly enough to classify it.",no
37,2,2,8,Systematic identification of genomic markers of drug sensitivity in cancer cells,recognized,unknown,"I recognize this as the Garnett et al. cancer drug-sensitivity screen and recall the EWS-FLI1/SK-N-MC comparison as a PARP-inhibitor sensitivity result, but I don’t specifically remember the outcome of the later independent replication.","FAMILIARITY: recognized
VERDICT: unknown
NOTES: I recognize this as the Garnett et al. cancer drug-sensitivity screen and recall the EWS-FLI1/SK-N-MC comparison as a PARP-inhibitor sensitivity result, but I don’t specifically remember the outcome of the later independent replication.",no
37,2,2,9,Systematic identification of genomic markers of drug sensitivity in cancer cells,recognized,unknown,"I recognize this as the Garnett et al. cancer-cell drug-sensitivity marker paper, but I don’t specifically recall the independent replication outcome for the SK-N-MC vs EWS-FLI1-transformed IC50 comparison.","FAMILIARITY: recognized
VERDICT: unknown
NOTES: I recognize this as the Garnett et al. cancer-cell drug-sensitivity marker paper, but I don’t specifically recall the independent replication outcome for the SK-N-MC vs EWS-FLI1-transformed IC50 comparison.",no
37,3,1,0,Systematic identification of genomic markers of drug sensitivity in cancer cells,recognized,unknown,"I recognize the Garnett et al. drug-sensitivity screen and the EWS-FLI1 siRNA IC50 validation in Ewing sarcoma, but I don’t specifically recall the independent replication’s outcome for that experiment.","FAMILIARITY: recognized
VERDICT: unknown
NOTES: I recognize the Garnett et al. drug-sensitivity screen and the EWS-FLI1 siRNA IC50 validation in Ewing sarcoma, but I don’t specifically recall the independent replication’s outcome for that experiment.",no
37,3,1,1,Systematic identification of genomic markers of drug sensitivity in cancer cells,recognized,unknown,"I recognize this as the Garnett et al. cancer-cell drug-sensitivity paper and remember that the RP:Cancer Biology group examined the EWS-FLI1 siRNA IC50 comparison, but I don’t specifically recall whether that replication succeeded.","FAMILIARITY: recognized
VERDICT: unknown
NOTES: I recognize this as the Garnett et al. cancer-cell drug-sensitivity paper and remember that the RP:Cancer Biology group examined the EWS-FLI1 siRNA IC50 comparison, but I don’t specifically recall whether that replication succeeded.",no
37,3,1,2,Systematic identification of genomic markers of drug sensitivity in cancer cells,unsure,unknown,"I recognize the Garnett et al. pharmacogenomics paper, but I do not specifically recall the independent replication outcome for the EWS-FLI1 siRNA versus control siRNA IC50 comparison.","FAMILIARITY: unsure
VERDICT: unknown
NOTES: I recognize the Garnett et al. pharmacogenomics paper, but I do not specifically recall the independent replication outcome for the EWS-FLI1 siRNA versus control siRNA IC50 comparison.",no
37,3,1,3,Systematic identification of genomic markers of drug sensitivity in cancer cells,recognized,unknown,"I recognize the Garnett et al. cancer drug-sensitivity paper and that EWS-FLI1 siRNA was used in a validation IC50 assay, but I don’t specifically recall the outcome of the independent replication attempt.","FAMILIARITY: recognized
VERDICT: unknown
NOTES: I recognize the Garnett et al. cancer drug-sensitivity paper and that EWS-FLI1 siRNA was used in a validation IC50 assay, but I don’t specifically recall the outcome of the independent replication attempt.",no
37,3,1,4,Systematic identification of genomic markers of drug sensitivity in cancer cells,recognized,unknown,"I recognize the Garnett et al. drug-sensitivity screen and that it had an independent siRNA/IC50 replication involving EWS-FLI1 knockdown, but I don’t specifically recall whether that replication was successful.","FAMILIARITY: recognized
VERDICT: unknown
NOTES: I recognize the Garnett et al. drug-sensitivity screen and that it had an independent siRNA/IC50 replication involving EWS-FLI1 knockdown, but I don’t specifically recall whether that replication was successful.",no
37,3,1,5,Systematic identification of genomic markers of drug sensitivity in cancer cells,recognized,unknown,"I recognize Garnett et al.’s cancer cell line drug-sensitivity screen, but I don’t specifically recall the outcome of the independent replication for the EWS-FLI1 siRNA versus control siRNA IC50 comparison.","FAMILIARITY: recognized
VERDICT: unknown
NOTES: I recognize Garnett et al.’s cancer cell line drug-sensitivity screen, but I don’t specifically recall the outcome of the independent replication for the EWS-FLI1 siRNA versus control siRNA IC50 comparison.",no
37,3,1,6,Systematic identification of genomic markers of drug sensitivity in cancer cells,unsure,unknown,"I recognize this as the Garnett et al. cancer drug-sensitivity screening paper, but I don’t specifically recall the independent replication outcome for the EWS-FLI1 siRNA versus control siRNA IC50 assay.","FAMILIARITY: unsure
VERDICT: unknown
NOTES: I recognize this as the Garnett et al. cancer drug-sensitivity screening paper, but I don’t specifically recall the independent replication outcome for the EWS-FLI1 siRNA versus control siRNA IC50 assay.",no
37,3,1,7,Systematic identification of genomic markers of drug sensitivity in cancer cells,recognized,unknown,"I recognize this as the Garnett et al. cancer-cell drug-sensitivity screen, and I remember a later replication attempt involving the EWS-FLI1 siRNA IC50 comparison, but I don’t reliably recall whether that specific effect was judged to replicate.","FAMILIARITY: recognized
VERDICT: unknown
NOTES: I recognize this as the Garnett et al. cancer-cell drug-sensitivity screen, and I remember a later replication attempt involving the EWS-FLI1 siRNA IC50 comparison, but I don’t reliably recall whether that specific effect was judged to replicate.",no
37,3,1,8,Systematic identification of genomic markers of drug sensitivity in cancer cells,unsure,unknown,"I recognize the Garnett et al. cancer-cell drug-sensitivity screening paper, but I do not specifically recall the independent replication of the EWS-FLI1 siRNA IC50 comparison or its outcome.","FAMILIARITY: unsure
VERDICT: unknown
NOTES: I recognize the Garnett et al. cancer-cell drug-sensitivity screening paper, but I do not specifically recall the independent replication of the EWS-FLI1 siRNA IC50 comparison or its outcome.",no
37,3,1,9,Systematic identification of genomic markers of drug sensitivity in cancer cells,recognized,unknown,"I recognize the Garnett et al. drug-sensitivity biomarker paper and its EWS-FLI1 siRNA IC50 validation, but I don’t specifically recall the independent replication outcome.","FAMILIARITY: recognized
VERDICT: unknown
NOTES: I recognize the Garnett et al. drug-sensitivity biomarker paper and its EWS-FLI1 siRNA IC50 validation, but I don’t specifically recall the independent replication outcome.",no
39,1,1,0,The CD47-signal regulatory protein alpha (SIRPa) interaction is a therapeutic target for human solid tumors,recognized,unreplicable,"I recall this as a formal replication of the anti-CD47 MIAP410 xenograft tumor-weight effect, and my memory is that the replication did not reproduce the original reduction in tumor weight.","FAMILIARITY: recognized
VERDICT: unreplicable
NOTES: I recall this as a formal replication of the anti-CD47 MIAP410 xenograft tumor-weight effect, and my memory is that the replication did not reproduce the original reduction in tumor weight.",no
39,1,1,1,The CD47-signal regulatory protein alpha (SIRPa) interaction is a therapeutic target for human solid tumors,recognized,replicable,I recall this Reproducibility Project replication of the MIA PaCa-2 xenograft anti-CD47 (MIAP410) experiment found lower tumor weights than IgG in the same direction as the original study.,"FAMILIARITY: recognized
VERDICT: replicable
NOTES: I recall this Reproducibility Project replication of the MIA PaCa-2 xenograft anti-CD47 (MIAP410) experiment found lower tumor weights than IgG in the same direction as the original study.",no
39,1,1,2,The CD47-signal regulatory protein alpha (SIRPa) interaction is a therapeutic target for human solid tumors,recognized,replicable,"I remember this as the Willingham et al. CD47/MIAP410 xenograft study, and the independent replication of the IgG vs anti-CD47 tumor-weight comparison matched the original anti-tumor effect.","FAMILIARITY: recognized
VERDICT: replicable
NOTES: I remember this as the Willingham et al. CD47/MIAP410 xenograft study, and the independent replication of the IgG vs anti-CD47 tumor-weight comparison matched the original anti-tumor effect.",no
39,1,1,3,The CD47-signal regulatory protein alpha (SIRPa) interaction is a therapeutic target for human solid tumors,recognized,unknown,"I recognize this as the anti-CD47 (MIAP410) solid-tumor xenograft paper, but I don’t specifically recall whether the tumor-weight difference between IgG and anti-CD47 was successfully replicated.","FAMILIARITY: recognized
VERDICT: unknown
NOTES: I recognize this as the anti-CD47 (MIAP410) solid-tumor xenograft paper, but I don’t specifically recall whether the tumor-weight difference between IgG and anti-CD47 was successfully replicated.",no
39,1,1,4,The CD47-signal regulatory protein alpha (SIRPa) interaction is a therapeutic target for human solid tumors,recognized,unknown,"I recognize this as the anti-CD47 MIAP410 xenograft study, but I don’t specifically remember the outcome of the independent replication of the tumor-weight endpoint.","FAMILIARITY: recognized
VERDICT: unknown
NOTES: I recognize this as the anti-CD47 MIAP410 xenograft study, but I don’t specifically remember the outcome of the independent replication of the tumor-weight endpoint.",no
39,1,1,5,The CD47-signal regulatory protein alpha (SIRPa) interaction is a therapeutic target for human solid tumors,recognized,unknown,"I recognize the original CD47–SIRPα solid-tumor xenograft paper and the MIAP410 tumor-weight comparison, but I don’t specifically recall the independent replication result.","FAMILIARITY: recognized
VERDICT: unknown
NOTES: I recognize the original CD47–SIRPα solid-tumor xenograft paper and the MIAP410 tumor-weight comparison, but I don’t specifically recall the independent replication result.",no
39,1,1,6,The CD47-signal regulatory protein alpha (SIRPa) interaction is a therapeutic target for human solid tumors,recognized,unreplicable,"I recall a formal replication attempt of the MIAP410 anti-CD47 xenograft tumor-weight experiment, and it did not reproduce the original treatment-related reduction in tumor weight.","FAMILIARITY: recognized
VERDICT: unreplicable
NOTES: I recall a formal replication attempt of the MIAP410 anti-CD47 xenograft tumor-weight experiment, and it did not reproduce the original treatment-related reduction in tumor weight.",no
39,1,1,7,The CD47-signal regulatory protein alpha (SIRPa) interaction is a therapeutic target for human solid tumors,recognized,unknown,"I recognize this as the CD47/MIAP410 solid-tumor xenograft paper, but I don’t specifically recall the independent replication’s tumor-weight outcome.","FAMILIARITY: recognized
VERDICT: unknown
NOTES: I recognize this as the CD47/MIAP410 solid-tumor xenograft paper, but I don’t specifically recall the independent replication’s tumor-weight outcome.",no
39,1,1,8,The CD47-signal regulatory protein alpha (SIRPa) interaction is a therapeutic target for human solid tumors,recognized,replicable,"I recall this RP:CB replication of the anti-CD47 MIAP410 xenograft experiment as showing reduced tumor weights versus IgG, in line with the original finding.","FAMILIARITY: recognized
VERDICT: replicable
NOTES: I recall this RP:CB replication of the anti-CD47 MIAP410 xenograft experiment as showing reduced tumor weights versus IgG, in line with the original finding.",no
39,1,1,9,The CD47-signal regulatory protein alpha (SIRPa) interaction is a therapeutic target for human solid tumors,recognized,unknown,"I recognize the CD47–SIRPα solid-tumor xenograft study and the MIAP410 anti-CD47 tumor-weight comparison, but I don’t reliably recall whether the independent replication reproduced that effect.","FAMILIARITY: recognized
VERDICT: unknown
NOTES: I recognize the CD47–SIRPα solid-tumor xenograft study and the MIAP410 anti-CD47 tumor-weight comparison, but I don’t reliably recall whether the independent replication reproduced that effect.",no
39,1,2,0,The CD47-signal regulatory protein alpha (SIRPa) interaction is a therapeutic target for human solid tumors,unsure,unknown,"I recognize this as the CD47/SIRPα solid-tumor paper, but I don’t specifically recall the formal replication outcome for the hematological-counts finding.","FAMILIARITY: unsure
VERDICT: unknown
NOTES: I recognize this as the CD47/SIRPα solid-tumor paper, but I don’t specifically recall the formal replication outcome for the hematological-counts finding.",yes
39,1,2,1,The CD47-signal regulatory protein alpha (SIRPa) interaction is a therapeutic target for human solid tumors,recognized,unknown,"I recognize the anti-CD47/SIRPα solid-tumor paper, but I don’t specifically recall the independent replication outcome for the hematological counts assay.","FAMILIARITY: recognized
VERDICT: unknown
NOTES: I recognize the anti-CD47/SIRPα solid-tumor paper, but I don’t specifically recall the independent replication outcome for the hematological counts assay.",yes
39,1,2,2,The CD47-signal regulatory protein alpha (SIRPa) interaction is a therapeutic target for human solid tumors,unsure,unknown,"I recognize the CD47–SIRPα solid-tumor paper only broadly, but I don’t specifically recall the independent replication’s hematological-count result well enough to classify it.","FAMILIARITY: unsure
VERDICT: unknown
NOTES: I recognize the CD47–SIRPα solid-tumor paper only broadly, but I don’t specifically recall the independent replication’s hematological-count result well enough to classify it.",yes
39,1,2,3,The CD47-signal regulatory protein alpha (SIRPa) interaction is a therapeutic target for human solid tumors,recognized,replicable,"I recognize this as the CD47/SIRPα cancer-biology replication project paper, and I recall the mouse hematology panel (NT, IgG, anti-CD47) was broadly consistent with the original finding of no major blood-count toxicity.","FAMILIARITY: recognized
VERDICT: replicable
NOTES: I recognize this as the CD47/SIRPα cancer-biology replication project paper, and I recall the mouse hematology panel (NT, IgG, anti-CD47) was broadly consistent with the original finding of no major blood-count toxicity.",yes
39,1,2,4,The CD47-signal regulatory protein alpha (SIRPa) interaction is a therapeutic target for human solid tumors,unsure,unknown,"I recognize the Chao et al. CD47/SIRPα solid-tumor paper, but I don’t specifically recall the independent replication result for the hematological-counts panel well enough to judge it.","FAMILIARITY: unsure
VERDICT: unknown
NOTES: I recognize the Chao et al. CD47/SIRPα solid-tumor paper, but I don’t specifically recall the independent replication result for the hematological-counts panel well enough to judge it.",yes
39,1,2,5,The CD47-signal regulatory protein alpha (SIRPa) interaction is a therapeutic target for human solid tumors,recognized,replicable,"I vaguely recall this anti-CD47/SIRPα paper’s hematological-counts readout (NT, IgG, CD47 groups) being independently repeated with the same overall pattern as the original.","FAMILIARITY: recognized
VERDICT: replicable
NOTES: I vaguely recall this anti-CD47/SIRPα paper’s hematological-counts readout (NT, IgG, CD47 groups) being independently repeated with the same overall pattern as the original.",yes
39,1,2,6,The CD47-signal regulatory protein alpha (SIRPa) interaction is a therapeutic target for human solid tumors,unsure,unknown,"I vaguely recognize this CD47/SIRPα solid-tumor antibody study, but I do not specifically recall the independent replication of the hematological-counts experiment.","FAMILIARITY: unsure
VERDICT: unknown
NOTES: I vaguely recognize this CD47/SIRPα solid-tumor antibody study, but I do not specifically recall the independent replication of the hematological-counts experiment.",yes
39,1,2,7,The CD47-signal regulatory protein alpha (SIRPa) interaction is a therapeutic target for human solid tumors,unsure,unknown,"I vaguely recognize the CD47/SIRPα solid-tumor paper, but I don’t specifically recall the formal replication of the hematological-counts result well enough to judge its outcome.","FAMILIARITY: unsure
VERDICT: unknown
NOTES: I vaguely recognize the CD47/SIRPα solid-tumor paper, but I don’t specifically recall the formal replication of the hematological-counts result well enough to judge its outcome.",yes
39,1,2,8,The CD47-signal regulatory protein alpha (SIRPa) interaction is a therapeutic target for human solid tumors,unsure,unknown,"I recognize the CD47/SIRPα cancer-therapy paper in general, but I don’t specifically recall the formal replication attempt or its hematological-count result for the NT/IgG/CD47 groups.","FAMILIARITY: unsure
VERDICT: unknown
NOTES: I recognize the CD47/SIRPα cancer-therapy paper in general, but I don’t specifically recall the formal replication attempt or its hematological-count result for the NT/IgG/CD47 groups.",yes
39,1,2,9,The CD47-signal regulatory protein alpha (SIRPa) interaction is a therapeutic target for human solid tumors,unsure,unknown,"I recognize the original CD47/SIRPα solid-tumor paper in general, but I don’t specifically recall the independent replication of the hematological count effect, so I can’t say whether it was reproduced.","FAMILIARITY: unsure
VERDICT: unknown
NOTES: I recognize the original CD47/SIRPα solid-tumor paper in general, but I don’t specifically recall the independent replication of the hematological count effect, so I can’t say whether it was reproduced.",yes
41,1,1,0,Intestinal inflammation targets cancer-inducing activity of the microbiota,unsure,unknown,"I vaguely recall the paper on pks+ E. coli and intestinal inflammation, but I do not specifically remember the independent replication result for the intrinsic doubling-time comparison between the pks island deletion and wild-type strains.","FAMILIARITY: unsure
VERDICT: unknown
NOTES: I vaguely recall the paper on pks+ E. coli and intestinal inflammation, but I do not specifically remember the independent replication result for the intrinsic doubling-time comparison between the pks island deletion and wild-type strains.",no
41,1,1,1,Intestinal inflammation targets cancer-inducing activity of the microbiota,unsure,unknown,"I remember this paper as the inflammation/pks+ E. coli study, but I do not specifically recall the independent replication result for the intrinsic doubling-time comparison between the pks deletion mutant and wild type.","FAMILIARITY: unsure
VERDICT: unknown
NOTES: I remember this paper as the inflammation/pks+ E. coli study, but I do not specifically recall the independent replication result for the intrinsic doubling-time comparison between the pks deletion mutant and wild type.",no
41,1,1,2,Intestinal inflammation targets cancer-inducing activity of the microbiota,recognized,unknown,"I recognize the Science paper by Arthur et al. on pks+ microbiota and cancer, but I don't specifically recall the replication report’s result for the bacterial doubling-time control.","FAMILIARITY: recognized
VERDICT: unknown
NOTES: I recognize the Science paper by Arthur et al. on pks+ microbiota and cancer, but I don't specifically recall the replication report’s result for the bacterial doubling-time control.",no
41,1,1,3,Intestinal inflammation targets cancer-inducing activity of the microbiota,recognized,replicable,"I remember this as the colibactin/pks-island E. coli study, and the replication attempt likewise found no meaningful intrinsic doubling-time difference between the pks deletion strain and wild type.","FAMILIARITY: recognized
VERDICT: replicable
NOTES: I remember this as the colibactin/pks-island E. coli study, and the replication attempt likewise found no meaningful intrinsic doubling-time difference between the pks deletion strain and wild type.",no
41,1,1,4,Intestinal inflammation targets cancer-inducing activity of the microbiota,unsure,unknown,"I recognize this as the colibactin/pks E. coli intestinal inflammation paper, but I don’t specifically recall the independent replication outcome for the bacterial doubling-time comparison.","FAMILIARITY: unsure
VERDICT: unknown
NOTES: I recognize this as the colibactin/pks E. coli intestinal inflammation paper, but I don’t specifically recall the independent replication outcome for the bacterial doubling-time comparison.",no
41,1,1,5,Intestinal inflammation targets cancer-inducing activity of the microbiota,recognized,replicable,"I recall this as a replication of an E. coli pks-island growth control, with the deletion strain and wild-type showing comparable intrinsic doubling times.","FAMILIARITY: recognized
VERDICT: replicable
NOTES: I recall this as a replication of an E. coli pks-island growth control, with the deletion strain and wild-type showing comparable intrinsic doubling times.",no
41,1,1,6,Intestinal inflammation targets cancer-inducing activity of the microbiota,unsure,unknown,"I recognize this as the colibactin/pks E. coli inflammation-and-cancer paper, but I don’t specifically recall a formal independent replication of the intrinsic doubling-time comparison between the pks deletion mutant and wild type.","FAMILIARITY: unsure
VERDICT: unknown
NOTES: I recognize this as the colibactin/pks E. coli inflammation-and-cancer paper, but I don’t specifically recall a formal independent replication of the intrinsic doubling-time comparison between the pks deletion mutant and wild type.",no
41,1,1,7,Intestinal inflammation targets cancer-inducing activity of the microbiota,unsure,unknown,"I recognize this as the Arthur et al. microbiota/inflammation paper, but I don’t specifically recall the independent replication result for the pks-island versus wild-type intrinsic doubling-time assay.","FAMILIARITY: unsure
VERDICT: unknown
NOTES: I recognize this as the Arthur et al. microbiota/inflammation paper, but I don’t specifically recall the independent replication result for the pks-island versus wild-type intrinsic doubling-time assay.",no
41,1,1,8,Intestinal inflammation targets cancer-inducing activity of the microbiota,recognized,replicable,"I recall this as a control growth-curve result in which the pks island deletion and wild-type E. coli had no meaningful intrinsic doubling-time difference, and the independent replication likewise found no significant growth-rate effect.","FAMILIARITY: recognized
VERDICT: replicable
NOTES: I recall this as a control growth-curve result in which the pks island deletion and wild-type E. coli had no meaningful intrinsic doubling-time difference, and the independent replication likewise found no significant growth-rate effect.",no
41,1,1,9,Intestinal inflammation targets cancer-inducing activity of the microbiota,unsure,unknown,"I recognize the Science paper on pks+ E. coli/colibactin in inflamed intestine, but I don't specifically recall a formal independent replication of the intrinsic doubling-time comparison, so I can’t judge whether it reproduced.","FAMILIARITY: unsure
VERDICT: unknown
NOTES: I recognize the Science paper on pks+ E. coli/colibactin in inflamed intestine, but I don't specifically recall a formal independent replication of the intrinsic doubling-time comparison, so I can’t judge whether it reproduced.",no
41,2,1,0,Intestinal inflammation targets cancer-inducing activity of the microbiota,recognized,unreplicable,"I recall this Science paper on pks+ E. coli NC101 in germ-free Il10-/- mice, and the replication did not reproduce the survival difference between NC101 and the Δpks strain.","FAMILIARITY: recognized
VERDICT: unreplicable
NOTES: I recall this Science paper on pks+ E. coli NC101 in germ-free Il10-/- mice, and the replication did not reproduce the survival difference between NC101 and the Δpks strain.",yes
41,2,1,1,Intestinal inflammation targets cancer-inducing activity of the microbiota,unsure,unknown,"I recognize the Arthur et al. “Intestinal inflammation targets cancer-inducing activity of the microbiota” paper and its NC101/NC101Δpks Il10-/- mouse model, but I don’t specifically recall the outcome of the independent survival replication.","FAMILIARITY: unsure
VERDICT: unknown
NOTES: I recognize the Arthur et al. “Intestinal inflammation targets cancer-inducing activity of the microbiota” paper and its NC101/NC101Δpks Il10-/- mouse model, but I don’t specifically recall the outcome of the independent survival replication.",yes
41,2,1,2,Intestinal inflammation targets cancer-inducing activity of the microbiota,recognized,unknown,"I recognize the pks/colibactin E. coli NC101 study in germ-free Il10-/- mice, but I don't confidently recall whether the independent replication reproduced the survival difference between NC101 and NC101Δpks.","FAMILIARITY: recognized
VERDICT: unknown
NOTES: I recognize the pks/colibactin E. coli NC101 study in germ-free Il10-/- mice, but I don't confidently recall whether the independent replication reproduced the survival difference between NC101 and NC101Δpks.",yes
41,2,1,3,Intestinal inflammation targets cancer-inducing activity of the microbiota,recognized,unknown,"I recognize the Arthur et al. IL10-/- mono-association paper on pks+ E. coli NC101, but I don't specifically recall the independent replication result for the survival comparison well enough to classify it.","FAMILIARITY: recognized
VERDICT: unknown
NOTES: I recognize the Arthur et al. IL10-/- mono-association paper on pks+ E. coli NC101, but I don't specifically recall the independent replication result for the survival comparison well enough to classify it.",yes
41,2,1,4,Intestinal inflammation targets cancer-inducing activity of the microbiota,recognized,unreplicable,"I recognize Arthur et al.’s Science study on E. coli NC101/pks in Il10-/- mice, and I recall the independent replication did not reproduce the reported survival difference between NC101 and NC101Δpks mono-associated germ-free mice.","FAMILIARITY: recognized
VERDICT: unreplicable
NOTES: I recognize Arthur et al.’s Science study on E. coli NC101/pks in Il10-/- mice, and I recall the independent replication did not reproduce the reported survival difference between NC101 and NC101Δpks mono-associated germ-free mice.",yes
41,2,1,5,Intestinal inflammation targets cancer-inducing activity of the microbiota,unsure,unknown,"I recognize the Arthur et al. study on E. coli NC101/pks in Il10-/- mice, but I don’t specifically recall the independent survival replication result for the germ-free mono-association experiment.","FAMILIARITY: unsure
VERDICT: unknown
NOTES: I recognize the Arthur et al. study on E. coli NC101/pks in Il10-/- mice, but I don’t specifically recall the independent survival replication result for the germ-free mono-association experiment.",yes
41,2,1,6,Intestinal inflammation targets cancer-inducing activity of the microbiota,recognized,unknown,"I recognize this as the Arthur et al. pks+ E. coli/Il10-/- mouse colon cancer study, but I don’t specifically recall the outcome of the independent replication of the survival endpoint.","FAMILIARITY: recognized
VERDICT: unknown
NOTES: I recognize this as the Arthur et al. pks+ E. coli/Il10-/- mouse colon cancer study, but I don’t specifically recall the outcome of the independent replication of the survival endpoint.",yes
41,2,1,7,Intestinal inflammation targets cancer-inducing activity of the microbiota,recognized,replicable,"I recall this as the Arthur et al. E. coli NC101/pks-colibactin study in Il10-/- mice, and I remember the independent replication as generally supporting the survival difference between NC101 and NC101Δpks-associated germ-free mice.","FAMILIARITY: recognized
VERDICT: replicable
NOTES: I recall this as the Arthur et al. E. coli NC101/pks-colibactin study in Il10-/- mice, and I remember the independent replication as generally supporting the survival difference between NC101 and NC101Δpks-associated germ-free mice.",yes
41,2,1,8,Intestinal inflammation targets cancer-inducing activity of the microbiota,recognized,unknown,"I recall the Arthur et al. Nature Medicine mouse microbiota/cancer paper, but I don’t specifically remember the independent replication result for the NC101 vs NC101Δpks survival comparison.","FAMILIARITY: recognized
VERDICT: unknown
NOTES: I recall the Arthur et al. Nature Medicine mouse microbiota/cancer paper, but I don’t specifically remember the independent replication result for the NC101 vs NC101Δpks survival comparison.",yes
41,2,1,9,Intestinal inflammation targets cancer-inducing activity of the microbiota,recognized,unreplicable,"I recognize the Arthur et al. microbiota/Il10-/- mouse study, and I recall the independent replication not reproducing the survival difference between E. coli NC101 and the Δpks strain.","FAMILIARITY: recognized
VERDICT: unreplicable
NOTES: I recognize the Arthur et al. microbiota/Il10-/- mouse study, and I recall the independent replication not reproducing the survival difference between E. coli NC101 and the Δpks strain.",yes
42,1,1,0,Melanoma exosomes educate bone marrow progenitor cells toward a pro-metastatic phenotype through MET,recognized,replicable,"I remember this as the Reproducibility Project: Cancer Biology replication of the Peinado et al. melanoma exosome paper, and the shMet exosomes showed the expected reduction in MET relative to shScr controls.","FAMILIARITY: recognized
VERDICT: replicable
NOTES: I remember this as the Reproducibility Project: Cancer Biology replication of the Peinado et al. melanoma exosome paper, and the shMet exosomes showed the expected reduction in MET relative to shScr controls.",yes
42,1,1,1,Melanoma exosomes educate bone marrow progenitor cells toward a pro-metastatic phenotype through MET,recognized,replicable,"I recognize the Peinado et al. melanoma exosome/MET paper, and I recall the independent replication of the shMet-vs-shScr exosomal MET control being consistent with the original decrease.","FAMILIARITY: recognized
VERDICT: replicable
NOTES: I recognize the Peinado et al. melanoma exosome/MET paper, and I recall the independent replication of the shMet-vs-shScr exosomal MET control being consistent with the original decrease.",yes
42,1,1,2,Melanoma exosomes educate bone marrow progenitor cells toward a pro-metastatic phenotype through MET,recognized,unknown,"I recognize the Peinado et al. melanoma exosome/MET paper and its replication context, but I don’t specifically recall the independent result for MET levels in shMet versus shScr exosomes.","FAMILIARITY: recognized
VERDICT: unknown
NOTES: I recognize the Peinado et al. melanoma exosome/MET paper and its replication context, but I don’t specifically recall the independent result for MET levels in shMet versus shScr exosomes.",yes
42,1,1,3,Melanoma exosomes educate bone marrow progenitor cells toward a pro-metastatic phenotype through MET,recognized,replicable,"I recognize this as the Peinado et al. melanoma exosome/MET paper, and the independent replication of the shMet exosome MET blot/quantification was consistent with reduced MET relative to shScr exosomes.","FAMILIARITY: recognized
VERDICT: replicable
NOTES: I recognize this as the Peinado et al. melanoma exosome/MET paper, and the independent replication of the shMet exosome MET blot/quantification was consistent with reduced MET relative to shScr exosomes.",yes
42,1,1,4,Melanoma exosomes educate bone marrow progenitor cells toward a pro-metastatic phenotype through MET,recognized,replicable,"I recognize this as the Peinado et al. melanoma exosome/MET paper, and I recall the independent replication finding reduced MET in shMet exosomes relative to shScr controls in the same direction as the original result.","FAMILIARITY: recognized
VERDICT: replicable
NOTES: I recognize this as the Peinado et al. melanoma exosome/MET paper, and I recall the independent replication finding reduced MET in shMet exosomes relative to shScr controls in the same direction as the original result.",yes
42,1,1,5,Melanoma exosomes educate bone marrow progenitor cells toward a pro-metastatic phenotype through MET,recognized,replicable,I remember this Cancer Biology replication as supporting the original result that MET levels were reduced in shMet exosomes relative to the shScr control set to 1.,"FAMILIARITY: recognized
VERDICT: replicable
NOTES: I remember this Cancer Biology replication as supporting the original result that MET levels were reduced in shMet exosomes relative to the shScr control set to 1.",yes
42,1,1,6,Melanoma exosomes educate bone marrow progenitor cells toward a pro-metastatic phenotype through MET,recognized,unknown,"I recognize the Peinado et al. melanoma exosome/MET paper, but I don’t specifically recall the outcome of the independent replication of MET levels in shMet exosomes versus shScr controls.","FAMILIARITY: recognized
VERDICT: unknown
NOTES: I recognize the Peinado et al. melanoma exosome/MET paper, but I don’t specifically recall the outcome of the independent replication of MET levels in shMet exosomes versus shScr controls.",yes
42,1,1,7,Melanoma exosomes educate bone marrow progenitor cells toward a pro-metastatic phenotype through MET,recognized,replicable,"I recall this as the Reproducibility Project: Cancer Biology replication of the Peinado et al. melanoma exosome study, and the MET knockdown effect in shMet exosomes versus shScr was reproduced in the same direction.","FAMILIARITY: recognized
VERDICT: replicable
NOTES: I recall this as the Reproducibility Project: Cancer Biology replication of the Peinado et al. melanoma exosome study, and the MET knockdown effect in shMet exosomes versus shScr was reproduced in the same direction.",yes
42,1,1,8,Melanoma exosomes educate bone marrow progenitor cells toward a pro-metastatic phenotype through MET,recognized,replicable,"I recognize this as the Peinado et al. melanoma exosome/MET study, and I recall the independent replication of the exosomal MET knockdown readout being broadly consistent with the original reduction in shMet exosomes versus shScr controls.","FAMILIARITY: recognized
VERDICT: replicable
NOTES: I recognize this as the Peinado et al. melanoma exosome/MET study, and I recall the independent replication of the exosomal MET knockdown readout being broadly consistent with the original reduction in shMet exosomes versus shScr controls.",yes
42,1,1,9,Melanoma exosomes educate bone marrow progenitor cells toward a pro-metastatic phenotype through MET,recognized,replicable,"I recall this as the Peinado et al. melanoma exosome/MET paper from the Cancer Biology replication effort, and the shMet exosomes were reported to show reduced MET relative to the shScr control in the same direction as the original effect.","FAMILIARITY: recognized  
VERDICT: replicable  
NOTES: I recall this as the Peinado et al. melanoma exosome/MET paper from the Cancer Biology replication effort, and the shMet exosomes were reported to show reduced MET relative to the shScr control in the same direction as the original effect.",yes
42,2,1,0,Melanoma exosomes educate bone marrow progenitor cells toward a pro-metastatic phenotype through MET,recognized,unknown,"I recall this Nature Medicine melanoma-exosome/MET paper was later taken up by the Cancer Biology Reproducibility Project, but I don’t specifically remember whether this lung-metastasis comparison of shScr versus liposome was successfully reproduced.","FAMILIARITY: recognized
VERDICT: unknown
NOTES: I recall this Nature Medicine melanoma-exosome/MET paper was later taken up by the Cancer Biology Reproducibility Project, but I don’t specifically remember whether this lung-metastasis comparison of shScr versus liposome was successfully reproduced.",no
42,2,1,1,Melanoma exosomes educate bone marrow progenitor cells toward a pro-metastatic phenotype through MET,recognized,unknown,"I recognize this as the Peinado et al. melanoma exosome/MET study, but I don’t specifically recall the independent replication outcome for the lung metastatic burden comparison versus liposome.","FAMILIARITY: recognized
VERDICT: unknown
NOTES: I recognize this as the Peinado et al. melanoma exosome/MET study, but I don’t specifically recall the independent replication outcome for the lung metastatic burden comparison versus liposome.",no
42,2,1,2,Melanoma exosomes educate bone marrow progenitor cells toward a pro-metastatic phenotype through MET,recognized,unknown,"I recognize the Peinado et al. melanoma exosome/MET metastasis paper, but I don’t specifically recall the independent replication outcome for the lung metastatic burden comparison.","FAMILIARITY: recognized
VERDICT: unknown
NOTES: I recognize the Peinado et al. melanoma exosome/MET metastasis paper, but I don’t specifically recall the independent replication outcome for the lung metastatic burden comparison.",no
42,2,1,3,Melanoma exosomes educate bone marrow progenitor cells toward a pro-metastatic phenotype through MET,recognized,unreplicable,"I recognize this as the Peinado et al. Nature Medicine melanoma exosome/MET paper, and I recall the independent replication did not reproduce the lung-metastasis increase over the liposome control.","FAMILIARITY: recognized
VERDICT: unreplicable
NOTES: I recognize this as the Peinado et al. Nature Medicine melanoma exosome/MET paper, and I recall the independent replication did not reproduce the lung-metastasis increase over the liposome control.",no
42,2,1,4,Melanoma exosomes educate bone marrow progenitor cells toward a pro-metastatic phenotype through MET,recognized,unknown,"I remember the original Nature Medicine melanoma exosome/MET paper, but I do not specifically recall the outcome of the formal replication of the shScr-versus-liposome lung metastasis assay.","FAMILIARITY: recognized
VERDICT: unknown
NOTES: I remember the original Nature Medicine melanoma exosome/MET paper, but I do not specifically recall the outcome of the formal replication of the shScr-versus-liposome lung metastasis assay.",no
42,2,1,5,Melanoma exosomes educate bone marrow progenitor cells toward a pro-metastatic phenotype through MET,unsure,unknown,"I recognize the original melanoma exosome paper, but I don’t specifically recall this particular independent replication attempt or its outcome.","FAMILIARITY: unsure
VERDICT: unknown
NOTES: I recognize the original melanoma exosome paper, but I don’t specifically recall this particular independent replication attempt or its outcome.",no
42,2,1,6,Melanoma exosomes educate bone marrow progenitor cells toward a pro-metastatic phenotype through MET,unsure,unknown,"I recognize the Peinado et al. melanoma exosome/MET paper and that it was independently replicated, but I don’t recall the specific lung-metastatic-burden result for shScr versus liposome.","FAMILIARITY: unsure
VERDICT: unknown
NOTES: I recognize the Peinado et al. melanoma exosome/MET paper and that it was independently replicated, but I don’t recall the specific lung-metastatic-burden result for shScr versus liposome.",no
42,2,1,7,Melanoma exosomes educate bone marrow progenitor cells toward a pro-metastatic phenotype through MET,recognized,unreplicable,"I recall this Peinado et al. melanoma-exosome/MET paper being included in a formal replication effort, and the lung metastatic burden effect in shScr-exosome–treated mice versus liposome control was not successfully reproduced.","FAMILIARITY: recognized
VERDICT: unreplicable
NOTES: I recall this Peinado et al. melanoma-exosome/MET paper being included in a formal replication effort, and the lung metastatic burden effect in shScr-exosome–treated mice versus liposome control was not successfully reproduced.",no
42,2,1,8,Melanoma exosomes educate bone marrow progenitor cells toward a pro-metastatic phenotype through MET,recognized,unknown,"I remember this as the Peinado et al. melanoma exosome/MET paper and that it had a formal replication attempt, but I don’t specifically recall whether this lung-metastasis readout in the shScr versus liposome comparison was reproduced.","FAMILIARITY: recognized
VERDICT: unknown
NOTES: I remember this as the Peinado et al. melanoma exosome/MET paper and that it had a formal replication attempt, but I don’t specifically recall whether this lung-metastasis readout in the shScr versus liposome comparison was reproduced.",no
42,2,1,9,Melanoma exosomes educate bone marrow progenitor cells toward a pro-metastatic phenotype through MET,recognized,unreplicable,I recognize the Peinado et al. melanoma-exosome/MET study and recall that the independent replication did not reproduce the expected difference in lung metastatic burden.,"FAMILIARITY: recognized
VERDICT: unreplicable
NOTES: I recognize the Peinado et al. melanoma-exosome/MET study and recall that the independent replication did not reproduce the expected difference in lung metastatic burden.",no
42,2,2,0,Melanoma exosomes educate bone marrow progenitor cells toward a pro-metastatic phenotype through MET,recognized,unknown,"I recognize this as the Peinado et al. melanoma exosome/MET paper that was later independently replicated by the Reproducibility Project: Cancer Biology, but I don’t specifically recall the outcome for the lung metastatic burden comparison between shScr and shMet mice.","FAMILIARITY: recognized
VERDICT: unknown
NOTES: I recognize this as the Peinado et al. melanoma exosome/MET paper that was later independently replicated by the Reproducibility Project: Cancer Biology, but I don’t specifically recall the outcome for the lung metastatic burden comparison between shScr and shMet mice.",no
42,2,2,1,Melanoma exosomes educate bone marrow progenitor cells toward a pro-metastatic phenotype through MET,recognized,unknown,"I recognize the Peinado et al. melanoma exosome/MET paper, but I don’t recall the specific independent replication outcome for the shScr vs shMet lung metastatic burden comparison.","FAMILIARITY: recognized
VERDICT: unknown
NOTES: I recognize the Peinado et al. melanoma exosome/MET paper, but I don’t recall the specific independent replication outcome for the shScr vs shMet lung metastatic burden comparison.",no
42,2,2,2,Melanoma exosomes educate bone marrow progenitor cells toward a pro-metastatic phenotype through MET,recognized,unreplicable,"I recall this Nature Medicine melanoma-exosome/MET paper was independently replicated in the Cancer Biology Reproducibility Project, and the lung metastatic-burden difference between shScr and shMet was not reproduced.","FAMILIARITY: recognized
VERDICT: unreplicable
NOTES: I recall this Nature Medicine melanoma-exosome/MET paper was independently replicated in the Cancer Biology Reproducibility Project, and the lung metastatic-burden difference between shScr and shMet was not reproduced.",no
42,2,2,3,Melanoma exosomes educate bone marrow progenitor cells toward a pro-metastatic phenotype through MET,recognized,unknown,"I recognize the Nature Medicine melanoma exosome/MET study, but I don’t specifically recall the outcome of the independent replication for the lung metastatic burden comparison in shScr vs shMet mice.","FAMILIARITY: recognized
VERDICT: unknown
NOTES: I recognize the Nature Medicine melanoma exosome/MET study, but I don’t specifically recall the outcome of the independent replication for the lung metastatic burden comparison in shScr vs shMet mice.",no
42,2,2,4,Melanoma exosomes educate bone marrow progenitor cells toward a pro-metastatic phenotype through MET,recognized,unknown,"I recognize the 2012 Peinado et al. melanoma exosome/MET study, but I don’t specifically recall the independent replication’s outcome for the lung-metastasis shScr vs shMet comparison.","FAMILIARITY: recognized
VERDICT: unknown
NOTES: I recognize the 2012 Peinado et al. melanoma exosome/MET study, but I don’t specifically recall the independent replication’s outcome for the lung-metastasis shScr vs shMet comparison.",no
42,2,2,5,Melanoma exosomes educate bone marrow progenitor cells toward a pro-metastatic phenotype through MET,recognized,unknown,"I recognize the Peinado et al. Nature Medicine melanoma exosome/MET study and know it had an independent replication attempt, but I don’t specifically recall whether the shScr versus shMet lung metastasis comparison was successfully reproduced.","FAMILIARITY: recognized
VERDICT: unknown
NOTES: I recognize the Peinado et al. Nature Medicine melanoma exosome/MET study and know it had an independent replication attempt, but I don’t specifically recall whether the shScr versus shMet lung metastasis comparison was successfully reproduced.",no
42,2,2,6,Melanoma exosomes educate bone marrow progenitor cells toward a pro-metastatic phenotype through MET,recognized,unreplicable,"I recognize this as the Peinado et al. melanoma exosome/MET study, and I recall the independent replication did not reproduce the reported reduction in lung metastatic burden for shMet versus shScr.","FAMILIARITY: recognized
VERDICT: unreplicable
NOTES: I recognize this as the Peinado et al. melanoma exosome/MET study, and I recall the independent replication did not reproduce the reported reduction in lung metastatic burden for shMet versus shScr.",no
42,2,2,7,Melanoma exosomes educate bone marrow progenitor cells toward a pro-metastatic phenotype through MET,recognized,replicable,"I recall the Peinado et al. melanoma-exosome study and its replication of the MET shRNA lung-metastasis assay, which I remember as showing the same reduction in metastatic burden with shMet versus shScr.","FAMILIARITY: recognized
VERDICT: replicable
NOTES: I recall the Peinado et al. melanoma-exosome study and its replication of the MET shRNA lung-metastasis assay, which I remember as showing the same reduction in metastatic burden with shMet versus shScr.",no
42,2,2,8,Melanoma exosomes educate bone marrow progenitor cells toward a pro-metastatic phenotype through MET,recognized,unreplicable,"I recognize the Nature Medicine melanoma exosome/MET paper, and I recall the independent replication did not reproduce the lung metastatic-burden difference between shScr and shMet conditions.","FAMILIARITY: recognized
VERDICT: unreplicable
NOTES: I recognize the Nature Medicine melanoma exosome/MET paper, and I recall the independent replication did not reproduce the lung metastatic-burden difference between shScr and shMet conditions.",no
42,2,2,9,Melanoma exosomes educate bone marrow progenitor cells toward a pro-metastatic phenotype through MET,recognized,unknown,"I recognize the 2012 Peinado et al. melanoma exosome/MET paper, but I don’t specifically recall the independent replication outcome for the lung metastatic burden comparison between shScr and shMet injections.","FAMILIARITY: recognized
VERDICT: unknown
NOTES: I recognize the 2012 Peinado et al. melanoma exosome/MET paper, but I don’t specifically recall the independent replication outcome for the lung metastatic burden comparison between shScr and shMet injections.",no
42,2,3,0,Melanoma exosomes educate bone marrow progenitor cells toward a pro-metastatic phenotype through MET,recognized,unknown,"I recognize the Peinado et al. melanoma-exosome/MET paper and know it had a formal replication attempt, but I don’t specifically recall the outcome for the femur metastatic burden comparison (shScr-injected mice vs liposome).","FAMILIARITY: recognized
VERDICT: unknown
NOTES: I recognize the Peinado et al. melanoma-exosome/MET paper and know it had a formal replication attempt, but I don’t specifically recall the outcome for the femur metastatic burden comparison (shScr-injected mice vs liposome).",no
42,2,3,1,Melanoma exosomes educate bone marrow progenitor cells toward a pro-metastatic phenotype through MET,recognized,unknown,"I recognize the Peinado et al. melanoma exosome/MET paper, but I don’t specifically recall the independent replication result for the femur metastatic-burden comparison you named.","FAMILIARITY: recognized
VERDICT: unknown
NOTES: I recognize the Peinado et al. melanoma exosome/MET paper, but I don’t specifically recall the independent replication result for the femur metastatic-burden comparison you named.",no
42,2,3,2,Melanoma exosomes educate bone marrow progenitor cells toward a pro-metastatic phenotype through MET,unsure,unknown,"I recognize Peinado et al.’s melanoma-exosome/MET paper and that it was later formally replicated by RP:CB, but I don’t specifically recall the femur metastatic-burden shScr-vs-liposome result or its outcome.","FAMILIARITY: unsure
VERDICT: unknown
NOTES: I recognize Peinado et al.’s melanoma-exosome/MET paper and that it was later formally replicated by RP:CB, but I don’t specifically recall the femur metastatic-burden shScr-vs-liposome result or its outcome.",no
42,2,3,3,Melanoma exosomes educate bone marrow progenitor cells toward a pro-metastatic phenotype through MET,recognized,unreplicable,"I remember this as a Reproducibility Project: Cancer Biology replication of the Peinado et al. exosome/MET paper, and the shScr-vs-liposome femur metastasis effect was not reproduced.","FAMILIARITY: recognized
VERDICT: unreplicable
NOTES: I remember this as a Reproducibility Project: Cancer Biology replication of the Peinado et al. exosome/MET paper, and the shScr-vs-liposome femur metastasis effect was not reproduced.",no
42,2,3,4,Melanoma exosomes educate bone marrow progenitor cells toward a pro-metastatic phenotype through MET,recognized,unknown,"I recognize the Peinado et al. melanoma exosome/MET study and that the replication effort examined femoral metastatic burden, but I don’t specifically recall the replication outcome well enough to say whether that effect was replicated.","FAMILIARITY: recognized
VERDICT: unknown
NOTES: I recognize the Peinado et al. melanoma exosome/MET study and that the replication effort examined femoral metastatic burden, but I don’t specifically recall the replication outcome well enough to say whether that effect was replicated.",no
42,2,3,5,Melanoma exosomes educate bone marrow progenitor cells toward a pro-metastatic phenotype through MET,recognized,unknown,"I recognize the Peinado et al. melanoma exosome/MET paper, but I don’t specifically recall the formal replication outcome for the femur metastatic burden comparison between shScr-injected mice and liposome.","FAMILIARITY: recognized
VERDICT: unknown
NOTES: I recognize the Peinado et al. melanoma exosome/MET paper, but I don’t specifically recall the formal replication outcome for the femur metastatic burden comparison between shScr-injected mice and liposome.",no
42,2,3,6,Melanoma exosomes educate bone marrow progenitor cells toward a pro-metastatic phenotype through MET,recognized,unknown,"I recognize the 2012 melanoma exosome/MET paper and that it was later included in the Reproducibility Project: Cancer Biology, but I don’t specifically recall the outcome of this exact femur metastatic burden comparison.","FAMILIARITY: recognized
VERDICT: unknown
NOTES: I recognize the 2012 melanoma exosome/MET paper and that it was later included in the Reproducibility Project: Cancer Biology, but I don’t specifically recall the outcome of this exact femur metastatic burden comparison.",no
42,2,3,7,Melanoma exosomes educate bone marrow progenitor cells toward a pro-metastatic phenotype through MET,recognized,unreplicable,"I recognize the Peinado et al. melanoma-exosome/MET paper, and I recall the formal replication did not reproduce the increased femoral metastatic burden in shScr-injected mice versus liposome controls.","FAMILIARITY: recognized
VERDICT: unreplicable
NOTES: I recognize the Peinado et al. melanoma-exosome/MET paper, and I recall the formal replication did not reproduce the increased femoral metastatic burden in shScr-injected mice versus liposome controls.",no
42,2,3,8,Melanoma exosomes educate bone marrow progenitor cells toward a pro-metastatic phenotype through MET,recognized,unknown,"I recognize the melanoma exosome/MET paper, but I don’t specifically recall the independent replication outcome for the femur metastatic burden assay versus liposome.","FAMILIARITY: recognized
VERDICT: unknown
NOTES: I recognize the melanoma exosome/MET paper, but I don’t specifically recall the independent replication outcome for the femur metastatic burden assay versus liposome.",no
42,2,3,9,Melanoma exosomes educate bone marrow progenitor cells toward a pro-metastatic phenotype through MET,recognized,unreplicable,"I recognize the Peinado et al. melanoma exosome/MET paper, and the independent replication of the femur metastatic burden increase in shScr-exosome–treated mice versus liposome control did not reproduce the original effect.","FAMILIARITY: recognized
VERDICT: unreplicable
NOTES: I recognize the Peinado et al. melanoma exosome/MET paper, and the independent replication of the femur metastatic burden increase in shScr-exosome–treated mice versus liposome control did not reproduce the original effect.",no
42,2,4,0,Melanoma exosomes educate bone marrow progenitor cells toward a pro-metastatic phenotype through MET,recognized,unknown,"I recognize this as the Peinado et al. melanoma exosome/MET paper, but I don’t specifically recall the independent replication result for the femur metastatic-burden comparison between shScr and shMet mice.","FAMILIARITY: recognized
VERDICT: unknown
NOTES: I recognize this as the Peinado et al. melanoma exosome/MET paper, but I don’t specifically recall the independent replication result for the femur metastatic-burden comparison between shScr and shMet mice.",no
42,2,4,1,Melanoma exosomes educate bone marrow progenitor cells toward a pro-metastatic phenotype through MET,recognized,unknown,"I recognize this as the Peinado et al. melanoma exosome/MET paper, but I do not specifically recall the independent replication result for the femoral metastatic-burden comparison of shScr versus shMet.","FAMILIARITY: recognized
VERDICT: unknown
NOTES: I recognize this as the Peinado et al. melanoma exosome/MET paper, but I do not specifically recall the independent replication result for the femoral metastatic-burden comparison of shScr versus shMet.",no
42,2,4,2,Melanoma exosomes educate bone marrow progenitor cells toward a pro-metastatic phenotype through MET,recognized,unknown,"I recognize the melanoma exosome/MET paper and that it had a formal cancer-biology replication attempt, but I don’t specifically recall whether the shScr vs shMet femur metastatic-burden effect was reproduced.","FAMILIARITY: recognized
VERDICT: unknown
NOTES: I recognize the melanoma exosome/MET paper and that it had a formal cancer-biology replication attempt, but I don’t specifically recall whether the shScr vs shMet femur metastatic-burden effect was reproduced.",no
42,2,4,3,Melanoma exosomes educate bone marrow progenitor cells toward a pro-metastatic phenotype through MET,recognized,unknown,"I recognize the 2012 Nature Medicine melanoma exosome/MET paper, but I don’t specifically recall the formal replication result for the femoral metastatic burden comparison between shScr- and shMet-injected mice.","FAMILIARITY: recognized
VERDICT: unknown
NOTES: I recognize the 2012 Nature Medicine melanoma exosome/MET paper, but I don’t specifically recall the formal replication result for the femoral metastatic burden comparison between shScr- and shMet-injected mice.",no
42,2,4,4,Melanoma exosomes educate bone marrow progenitor cells toward a pro-metastatic phenotype through MET,recognized,unknown,"I recognize the Peinado et al. melanoma exosome/MET paper, but I don’t specifically recall the formal independent replication’s outcome for the femoral metastatic burden comparison between shScr and shMet.","FAMILIARITY: recognized
VERDICT: unknown
NOTES: I recognize the Peinado et al. melanoma exosome/MET paper, but I don’t specifically recall the formal independent replication’s outcome for the femoral metastatic burden comparison between shScr and shMet.",no
42,2,4,5,Melanoma exosomes educate bone marrow progenitor cells toward a pro-metastatic phenotype through MET,recognized,unknown,"I recognize this as the melanoma exosome/MET paper and vaguely recall a replication of the shScr vs shMet femur metastasis assay, but I don’t specifically remember the replication outcome well enough to call it replicable or unreplicable.","FAMILIARITY: recognized
VERDICT: unknown
NOTES: I recognize this as the melanoma exosome/MET paper and vaguely recall a replication of the shScr vs shMet femur metastasis assay, but I don’t specifically remember the replication outcome well enough to call it replicable or unreplicable.",no
42,2,4,6,Melanoma exosomes educate bone marrow progenitor cells toward a pro-metastatic phenotype through MET,recognized,replicable,I recall the Reproducibility Project: Cancer Biology attempt on the Peinado et al. melanoma exosome/MET paper as supporting the finding that MET knockdown (shMet) reduced femoral metastatic burden relative to shScr controls.,"FAMILIARITY: recognized
VERDICT: replicable
NOTES: I recall the Reproducibility Project: Cancer Biology attempt on the Peinado et al. melanoma exosome/MET paper as supporting the finding that MET knockdown (shMet) reduced femoral metastatic burden relative to shScr controls.",no
42,2,4,7,Melanoma exosomes educate bone marrow progenitor cells toward a pro-metastatic phenotype through MET,recognized,unknown,"I recognize this as the Peinado et al. melanoma exosome/MET paper, but I don’t specifically recall the independent replication outcome for the femoral metastatic burden comparison between shScr and shMet.","FAMILIARITY: recognized
VERDICT: unknown
NOTES: I recognize this as the Peinado et al. melanoma exosome/MET paper, but I don’t specifically recall the independent replication outcome for the femoral metastatic burden comparison between shScr and shMet.",no
42,2,4,8,Melanoma exosomes educate bone marrow progenitor cells toward a pro-metastatic phenotype through MET,recognized,unknown,"I recognize the Peinado et al. melanoma exosome/MET paper, but I don’t specifically recall the outcome of the independent replication for the femur metastatic burden assay.","FAMILIARITY: recognized
VERDICT: unknown
NOTES: I recognize the Peinado et al. melanoma exosome/MET paper, but I don’t specifically recall the outcome of the independent replication for the femur metastatic burden assay.",no
42,2,4,9,Melanoma exosomes educate bone marrow progenitor cells toward a pro-metastatic phenotype through MET,recognized,unreplicable,I recognize the Peinado et al. melanoma exosome/MET study and recall the independent replication did not reproduce the femoral metastatic burden difference between shScr and shMet conditions.,"FAMILIARITY: recognized
VERDICT: unreplicable
NOTES: I recognize the Peinado et al. melanoma exosome/MET study and recall the independent replication did not reproduce the femoral metastatic burden difference between shScr and shMet conditions.",no
44,1,1,0,Melanoma genome sequencing reveals frequent PREX2 mutations,recognized,unreplicable,I remember the Science melanoma/PREX2 paper and a formal replication of the GFP vs PREX2-G844D tumor-free survival assay that did not reproduce the original survival effect.,"FAMILIARITY: recognized
VERDICT: unreplicable
NOTES: I remember the Science melanoma/PREX2 paper and a formal replication of the GFP vs PREX2-G844D tumor-free survival assay that did not reproduce the original survival effect.",no
44,1,1,1,Melanoma genome sequencing reveals frequent PREX2 mutations,recognized,unreplicable,I recall the Cancer Biology Reproducibility Project’s replication of the mouse tumor-free survival assay for PREX2-G844D did not reproduce the original GFP vs mutant survival difference.,"FAMILIARITY: recognized
VERDICT: unreplicable
NOTES: I recall the Cancer Biology Reproducibility Project’s replication of the mouse tumor-free survival assay for PREX2-G844D did not reproduce the original GFP vs mutant survival difference.",no
44,1,1,2,Melanoma genome sequencing reveals frequent PREX2 mutations,recognized,unknown,"I recognize the PREX2 melanoma Cell paper, but I don’t confidently remember whether the independent GFP vs PREX2-G844D tumor-free survival replication matched the original effect.","FAMILIARITY: recognized
VERDICT: unknown
NOTES: I recognize the PREX2 melanoma Cell paper, but I don’t confidently remember whether the independent GFP vs PREX2-G844D tumor-free survival replication matched the original effect.",no
44,1,1,3,Melanoma genome sequencing reveals frequent PREX2 mutations,recognized,unknown,"I recognize the melanoma/PREX2 paper and remember the GFP vs PREX2-G844D tumor-free survival experiment, but I don’t specifically recall whether the independent replication reproduced that survival difference.","FAMILIARITY: recognized
VERDICT: unknown
NOTES: I recognize the melanoma/PREX2 paper and remember the GFP vs PREX2-G844D tumor-free survival experiment, but I don’t specifically recall whether the independent replication reproduced that survival difference.",no
44,1,1,4,Melanoma genome sequencing reveals frequent PREX2 mutations,recognized,unknown,"I recognize this PREX2 melanoma paper and that it was formally replicated, but I don’t specifically recall the outcome for the GFP vs PREX2-G844D tumor-free survival comparison.","FAMILIARITY: recognized
VERDICT: unknown
NOTES: I recognize this PREX2 melanoma paper and that it was formally replicated, but I don’t specifically recall the outcome for the GFP vs PREX2-G844D tumor-free survival comparison.",no
44,1,1,5,Melanoma genome sequencing reveals frequent PREX2 mutations,recognized,unknown,"I recognize the melanoma PREX2 paper and that a formal replication tested GFP vs PREX2-G844D tumor-free survival, but I don’t recall the replication outcome clearly enough to classify it.","FAMILIARITY: recognized
VERDICT: unknown
NOTES: I recognize the melanoma PREX2 paper and that a formal replication tested GFP vs PREX2-G844D tumor-free survival, but I don’t recall the replication outcome clearly enough to classify it.",no
44,1,1,6,Melanoma genome sequencing reveals frequent PREX2 mutations,recognized,unknown,"I recognize the Science melanoma/PREX2 paper and recall that a formal replication attempt looked at the GFP vs PREX2-G844D tumor-free survival comparison, but I don’t specifically remember the outcome of that attempt.","FAMILIARITY: recognized
VERDICT: unknown
NOTES: I recognize the Science melanoma/PREX2 paper and recall that a formal replication attempt looked at the GFP vs PREX2-G844D tumor-free survival comparison, but I don’t specifically remember the outcome of that attempt.",no
44,1,1,7,Melanoma genome sequencing reveals frequent PREX2 mutations,recognized,unknown,"I remember the melanoma/PREX2 paper and that the formal replication concerned the mouse tumor-free-survival comparison for GFP versus PREX2-G844D, but I don’t recall the replication outcome clearly enough to classify it.","FAMILIARITY: recognized
VERDICT: unknown
NOTES: I remember the melanoma/PREX2 paper and that the formal replication concerned the mouse tumor-free-survival comparison for GFP versus PREX2-G844D, but I don’t recall the replication outcome clearly enough to classify it.",no
44,1,1,8,Melanoma genome sequencing reveals frequent PREX2 mutations,recognized,unknown,"I recognize the PREX2 melanoma paper and the mouse tumor-free survival comparison of GFP versus PREX2-G844D, but I don’t specifically recall whether the independent replication matched the original effect.","FAMILIARITY: recognized
VERDICT: unknown
NOTES: I recognize the PREX2 melanoma paper and the mouse tumor-free survival comparison of GFP versus PREX2-G844D, but I don’t specifically recall whether the independent replication matched the original effect.",no
44,1,1,9,Melanoma genome sequencing reveals frequent PREX2 mutations,recognized,unreplicable,I remember the Nature melanoma paper and a later independent replication that did not reproduce the shorter tumor-free survival for PREX2-G844D versus GFP controls.,"FAMILIARITY: recognized
VERDICT: unreplicable
NOTES: I remember the Nature melanoma paper and a later independent replication that did not reproduce the shorter tumor-free survival for PREX2-G844D versus GFP controls.",no
44,1,2,0,Melanoma genome sequencing reveals frequent PREX2 mutations,recognized,replicable,"I remember this as the PREX2 melanoma mouse survival comparison, and the independent replication of GFP vs PREX2-Q1430 was in the same direction as the original effect.","FAMILIARITY: recognized
VERDICT: replicable
NOTES: I remember this as the PREX2 melanoma mouse survival comparison, and the independent replication of GFP vs PREX2-Q1430 was in the same direction as the original effect.",no
44,1,2,1,Melanoma genome sequencing reveals frequent PREX2 mutations,unsure,unknown,"I remember the PREX2 melanoma sequencing paper and that it had a formal replication attempt, but I don’t recall the specific tumor-free survival result for GFP versus PREX2-Q1430 well enough to classify it confidently.","FAMILIARITY: unsure
VERDICT: unknown
NOTES: I remember the PREX2 melanoma sequencing paper and that it had a formal replication attempt, but I don’t recall the specific tumor-free survival result for GFP versus PREX2-Q1430 well enough to classify it confidently.",no
44,1,2,2,Melanoma genome sequencing reveals frequent PREX2 mutations,recognized,unknown,"I recognize the Nature melanoma/PREX2 paper, but I don’t specifically recall the formal replication outcome for the GFP vs PREX2-Q1430 tumor-free survival comparison.","FAMILIARITY: recognized
VERDICT: unknown
NOTES: I recognize the Nature melanoma/PREX2 paper, but I don’t specifically recall the formal replication outcome for the GFP vs PREX2-Q1430 tumor-free survival comparison.",no
44,1,2,3,Melanoma genome sequencing reveals frequent PREX2 mutations,recognized,unknown,"I recognize this as the RP:CB replication of the PREX2-Q1430 melanoma mouse tumor-free-survival experiment, but I don’t confidently recall whether the replication matched the original survival-curve separation.","FAMILIARITY: recognized
VERDICT: unknown
NOTES: I recognize this as the RP:CB replication of the PREX2-Q1430 melanoma mouse tumor-free-survival experiment, but I don’t confidently recall whether the replication matched the original survival-curve separation.",no
44,1,2,4,Melanoma genome sequencing reveals frequent PREX2 mutations,recognized,unknown,"I recall this Nature melanoma/PREX2 paper and that a formal replication effort tested the GFP vs PREX2-Q1430 tumor-free survival assay, but I don’t specifically remember whether the replication matched the original effect.","FAMILIARITY: recognized
VERDICT: unknown
NOTES: I recall this Nature melanoma/PREX2 paper and that a formal replication effort tested the GFP vs PREX2-Q1430 tumor-free survival assay, but I don’t specifically remember whether the replication matched the original effect.",no
44,1,2,5,Melanoma genome sequencing reveals frequent PREX2 mutations,recognized,unreplicable,I recall the Reproducibility Project: Cancer Biology repeating the GFP vs PREX2-Q1430 tumor-free survival mouse experiment from the melanoma/PREX2 paper and not reproducing the original survival effect convincingly.,"FAMILIARITY: recognized
VERDICT: unreplicable
NOTES: I recall the Reproducibility Project: Cancer Biology repeating the GFP vs PREX2-Q1430 tumor-free survival mouse experiment from the melanoma/PREX2 paper and not reproducing the original survival effect convincingly.",no
44,1,2,6,Melanoma genome sequencing reveals frequent PREX2 mutations,recognized,unknown,"I recognize this as the melanoma PREX2 paper and recall that the GFP vs PREX2-Q1430 tumor-free survival experiment was formally replicated, but I don’t remember the final outcome well enough to call it replicable or unreplicable.","FAMILIARITY: recognized
VERDICT: unknown
NOTES: I recognize this as the melanoma PREX2 paper and recall that the GFP vs PREX2-Q1430 tumor-free survival experiment was formally replicated, but I don’t remember the final outcome well enough to call it replicable or unreplicable.",no
44,1,2,7,Melanoma genome sequencing reveals frequent PREX2 mutations,recognized,unreplicable,"I recall the Reproducibility Project: Cancer Biology attempt on this PREX2 melanoma finding, and the GFP vs PREX2-Q1430 tumor-free survival effect was not reproduced.","FAMILIARITY: recognized
VERDICT: unreplicable
NOTES: I recall the Reproducibility Project: Cancer Biology attempt on this PREX2 melanoma finding, and the GFP vs PREX2-Q1430 tumor-free survival effect was not reproduced.",no
44,1,2,8,Melanoma genome sequencing reveals frequent PREX2 mutations,recognized,unknown,"I recognize this as the melanoma/PREX2 paper and recall it was formally replicated, but I don’t specifically remember the outcome for the GFP vs PREX2-Q1430 tumor-free survival assay.","FAMILIARITY: recognized
VERDICT: unknown
NOTES: I recognize this as the melanoma/PREX2 paper and recall it was formally replicated, but I don’t specifically remember the outcome for the GFP vs PREX2-Q1430 tumor-free survival assay.",no
44,1,2,9,Melanoma genome sequencing reveals frequent PREX2 mutations,recognized,unreplicable,"I recall the RP:CB replication of this PREX2 melanoma study, and the GFP vs PREX2-Q1430 tumor-free survival comparison did not reproduce the original effect.","FAMILIARITY: recognized
VERDICT: unreplicable
NOTES: I recall the RP:CB replication of this PREX2 melanoma study, and the GFP vs PREX2-Q1430 tumor-free survival comparison did not reproduce the original effect.",no
44,1,3,0,Melanoma genome sequencing reveals frequent PREX2 mutations,recognized,unreplicable,"I remember this melanoma/PREX2 study being formally replicated in the Reproducibility Project, and the tumor-free survival difference between PREX2-WT and G844D was not reproduced.","FAMILIARITY: recognized
VERDICT: unreplicable
NOTES: I remember this melanoma/PREX2 study being formally replicated in the Reproducibility Project, and the tumor-free survival difference between PREX2-WT and G844D was not reproduced.",no
44,1,3,1,Melanoma genome sequencing reveals frequent PREX2 mutations,recognized,unknown,"I recognize the Hodis et al. PREX2 melanoma study, but I don’t specifically recall the independent replication outcome for the PREX2-WT vs PREX2-G844D tumor-free survival experiment.","FAMILIARITY: recognized
VERDICT: unknown
NOTES: I recognize the Hodis et al. PREX2 melanoma study, but I don’t specifically recall the independent replication outcome for the PREX2-WT vs PREX2-G844D tumor-free survival experiment.",no
44,1,3,2,Melanoma genome sequencing reveals frequent PREX2 mutations,recognized,unknown,"I recognize the 2012 Science PREX2 melanoma paper and the WT vs G844D tumor-free survival assay, but I don’t specifically recall the independent replication’s outcome for that effect.","FAMILIARITY: recognized
VERDICT: unknown
NOTES: I recognize the 2012 Science PREX2 melanoma paper and the WT vs G844D tumor-free survival assay, but I don’t specifically recall the independent replication’s outcome for that effect.",no
44,1,3,3,Melanoma genome sequencing reveals frequent PREX2 mutations,recognized,unreplicable,"I recall the PREX2 melanoma paper and its replication attempt on the tumor-free-survival assay, which I remember did not reproduce the original difference between PREX2-WT and PREX2-G844D.","FAMILIARITY: recognized
VERDICT: unreplicable
NOTES: I recall the PREX2 melanoma paper and its replication attempt on the tumor-free-survival assay, which I remember did not reproduce the original difference between PREX2-WT and PREX2-G844D.",no
44,1,3,4,Melanoma genome sequencing reveals frequent PREX2 mutations,recognized,unknown,"I recognize the 2012 Nature melanoma/PREX2 paper and the PREX2-G844D xenograft tumor-free survival result, but I do not specifically recall the outcome of the independent replication attempt.","FAMILIARITY: recognized
VERDICT: unknown
NOTES: I recognize the 2012 Nature melanoma/PREX2 paper and the PREX2-G844D xenograft tumor-free survival result, but I do not specifically recall the outcome of the independent replication attempt.",no
44,1,3,5,Melanoma genome sequencing reveals frequent PREX2 mutations,recognized,unknown,"I recognize the PREX2 melanoma paper and that it had a formal replication of the G844D tumor-free-survival experiment, but I don’t recall the replication outcome clearly enough to classify it.","FAMILIARITY: recognized
VERDICT: unknown
NOTES: I recognize the PREX2 melanoma paper and that it had a formal replication of the G844D tumor-free-survival experiment, but I don’t recall the replication outcome clearly enough to classify it.",no
44,1,3,6,Melanoma genome sequencing reveals frequent PREX2 mutations,unsure,unknown,"I remember the original PREX2 melanoma paper and that the replication concerned tumor-free survival comparing PREX2-WT with PREX2-G844D, but I don’t specifically recall the independent replication outcome.","FAMILIARITY: unsure
VERDICT: unknown
NOTES: I remember the original PREX2 melanoma paper and that the replication concerned tumor-free survival comparing PREX2-WT with PREX2-G844D, but I don’t specifically recall the independent replication outcome.",no
44,1,3,7,Melanoma genome sequencing reveals frequent PREX2 mutations,recognized,unknown,"I recognize the Berger et al. PREX2 melanoma paper, but I don’t specifically recall the outcome of the independent replication of the PREX2-WT vs PREX2-G844D tumor-free survival assay.","FAMILIARITY: recognized
VERDICT: unknown
NOTES: I recognize the Berger et al. PREX2 melanoma paper, but I don’t specifically recall the outcome of the independent replication of the PREX2-WT vs PREX2-G844D tumor-free survival assay.",no
44,1,3,8,Melanoma genome sequencing reveals frequent PREX2 mutations,recognized,replicable,"I recall the independent replication of the PREX2 G844D mouse tumor-free survival comparison as supporting the original finding, with the mutant showing shorter tumor-free survival than PREX2-WT.","FAMILIARITY: recognized
VERDICT: replicable
NOTES: I recall the independent replication of the PREX2 G844D mouse tumor-free survival comparison as supporting the original finding, with the mutant showing shorter tumor-free survival than PREX2-WT.",no
44,1,3,9,Melanoma genome sequencing reveals frequent PREX2 mutations,recognized,unreplicable,"I recall the reproducibility attempt on the PREX2 melanoma study, and the reported shorter tumor-free survival with PREX2-G844D versus PREX2-WT was not reproduced in the replication.","FAMILIARITY: recognized
VERDICT: unreplicable
NOTES: I recall the reproducibility attempt on the PREX2 melanoma study, and the reported shorter tumor-free survival with PREX2-G844D versus PREX2-WT was not reproduced in the replication.",no
44,1,4,0,Melanoma genome sequencing reveals frequent PREX2 mutations,recognized,unknown,"I recall the original melanoma PREX2 paper and that the replication tested mouse tumor-free survival for PREX2-WT versus PREX2-Q1430, but I don’t specifically recall whether the replication succeeded.","FAMILIARITY: recognized
VERDICT: unknown
NOTES: I recall the original melanoma PREX2 paper and that the replication tested mouse tumor-free survival for PREX2-WT versus PREX2-Q1430, but I don’t specifically recall whether the replication succeeded.",no
44,1,4,1,Melanoma genome sequencing reveals frequent PREX2 mutations,recognized,unreplicable,I recall the Reproducibility Project: Cancer Biology attempt on this PREX2 melanoma paper did not reproduce the reported tumor-free survival difference between PREX2-WT and PREX2-Q1430.,"FAMILIARITY: recognized
VERDICT: unreplicable
NOTES: I recall the Reproducibility Project: Cancer Biology attempt on this PREX2 melanoma paper did not reproduce the reported tumor-free survival difference between PREX2-WT and PREX2-Q1430.",no
44,1,4,2,Melanoma genome sequencing reveals frequent PREX2 mutations,recognized,unknown,"I recognize the 2012 melanoma PREX2 paper and that a later replication examined the Q1430 tumor-free-survival mouse assay, but I don’t recall the replication result well enough to call it replicable or unreplicable.","FAMILIARITY: recognized
VERDICT: unknown
NOTES: I recognize the 2012 melanoma PREX2 paper and that a later replication examined the Q1430 tumor-free-survival mouse assay, but I don’t recall the replication result well enough to call it replicable or unreplicable.",no
44,1,4,3,Melanoma genome sequencing reveals frequent PREX2 mutations,recognized,unreplicable,"I recall the Cancer Biology replication attempt of the PREX2-WT vs PREX2-Q1430 mouse tumor-free survival assay, and it did not reproduce the reported survival difference.","FAMILIARITY: recognized
VERDICT: unreplicable
NOTES: I recall the Cancer Biology replication attempt of the PREX2-WT vs PREX2-Q1430 mouse tumor-free survival assay, and it did not reproduce the reported survival difference.",no
44,1,4,4,Melanoma genome sequencing reveals frequent PREX2 mutations,recognized,unreplicable,"I recall this as the PREX2 melanoma paper, and the independent replication did not reproduce the tumor-free survival difference between PREX2-WT and PREX2-Q1430.","FAMILIARITY: recognized  
VERDICT: unreplicable  
NOTES: I recall this as the PREX2 melanoma paper, and the independent replication did not reproduce the tumor-free survival difference between PREX2-WT and PREX2-Q1430.",no
44,1,4,5,Melanoma genome sequencing reveals frequent PREX2 mutations,recognized,unreplicable,I recall this melanoma/PREX2 study and its independent replication attempt in mice did not reproduce the reported tumor-free-survival difference between PREX2-WT and PREX2-Q1430.,"FAMILIARITY: recognized
VERDICT: unreplicable
NOTES: I recall this melanoma/PREX2 study and its independent replication attempt in mice did not reproduce the reported tumor-free-survival difference between PREX2-WT and PREX2-Q1430.",no
44,1,4,6,Melanoma genome sequencing reveals frequent PREX2 mutations,recognized,unreplicable,"I recognize this as the PREX2 melanoma paper, and I recall the independent replication of the mouse tumor-free survival comparison for PREX2-WT vs PREX2-Q1430 did not reproduce the original effect.","FAMILIARITY: recognized
VERDICT: unreplicable
NOTES: I recognize this as the PREX2 melanoma paper, and I recall the independent replication of the mouse tumor-free survival comparison for PREX2-WT vs PREX2-Q1430 did not reproduce the original effect.",no
44,1,4,7,Melanoma genome sequencing reveals frequent PREX2 mutations,recognized,unreplicable,"I recall this as a Reproducibility Project: Cancer Biology replication of the PREX2-Q1430 mouse tumor-free-survival experiment, and the replication did not reproduce the original survival difference.","FAMILIARITY: recognized
VERDICT: unreplicable
NOTES: I recall this as a Reproducibility Project: Cancer Biology replication of the PREX2-Q1430 mouse tumor-free-survival experiment, and the replication did not reproduce the original survival difference.",no
44,1,4,8,Melanoma genome sequencing reveals frequent PREX2 mutations,recognized,unreplicable,I recall an independent reproducibility-project replication of the melanoma PREX2 study that did not reproduce the PREX2-Q1430 tumor-free-survival effect versus PREX2-WT.,"FAMILIARITY: recognized
VERDICT: unreplicable
NOTES: I recall an independent reproducibility-project replication of the melanoma PREX2 study that did not reproduce the PREX2-Q1430 tumor-free-survival effect versus PREX2-WT.",no
44,1,4,9,Melanoma genome sequencing reveals frequent PREX2 mutations,recognized,unreplicable,"I remember this PREX2 melanoma paper and the formal replication attempt, which did not reproduce a tumor-free survival difference between PREX2-WT and PREX2-Q1430.","FAMILIARITY: recognized
VERDICT: unreplicable
NOTES: I remember this PREX2 melanoma paper and the formal replication attempt, which did not reproduce a tumor-free survival difference between PREX2-WT and PREX2-Q1430.",no
47,1,1,0,IDH mutation impairs histone demethylation and results in a block to cell differentiation,recognized,replicable,"I recall this Nature paper on mutant IDH1 producing 2HG and blocking differentiation, and the independent replication attempt reproduced the key result that cells expressing IDH1-R132H had much higher 2HG than IDH1-WT cells.","FAMILIARITY: recognized
VERDICT: replicable
NOTES: I recall this Nature paper on mutant IDH1 producing 2HG and blocking differentiation, and the independent replication attempt reproduced the key result that cells expressing IDH1-R132H had much higher 2HG than IDH1-WT cells.",yes
47,1,1,1,IDH mutation impairs histone demethylation and results in a block to cell differentiation,recognized,replicable,"I recall this as the IDH1-R132H/2HG finding from the Lu et al. study, and the independent replication also found higher 2HG in cells expressing IDH1-R132H than IDH1-WT, broadly matching the original effect.","FAMILIARITY: recognized
VERDICT: replicable
NOTES: I recall this as the IDH1-R132H/2HG finding from the Lu et al. study, and the independent replication also found higher 2HG in cells expressing IDH1-R132H than IDH1-WT, broadly matching the original effect.",yes
47,1,1,2,IDH mutation impairs histone demethylation and results in a block to cell differentiation,recognized,replicable,"I recall the formal replication of this IDH1 study found that cells expressing IDH1-R132H had higher 2HG than IDH1-WT, consistent with the original result.","FAMILIARITY: recognized
VERDICT: replicable
NOTES: I recall the formal replication of this IDH1 study found that cells expressing IDH1-R132H had higher 2HG than IDH1-WT, consistent with the original result.",yes
47,1,1,3,IDH mutation impairs histone demethylation and results in a block to cell differentiation,recognized,replicable,"I recall this Nature paper’s mutant IDH1-R132H experiment being independently reproduced, with cells expressing R132H showing higher 2HG than IDH1-WT.","FAMILIARITY: recognized
VERDICT: replicable
NOTES: I recall this Nature paper’s mutant IDH1-R132H experiment being independently reproduced, with cells expressing R132H showing higher 2HG than IDH1-WT.",yes
47,1,1,4,IDH mutation impairs histone demethylation and results in a block to cell differentiation,recognized,replicable,"I recall the Cancer Biology Reproducibility Project repeating the mutant IDH1 expression assay and finding higher 2HG in IDH1-R132H cells than in IDH1-WT cells, consistent with the original report.","FAMILIARITY: recognized
VERDICT: replicable
NOTES: I recall the Cancer Biology Reproducibility Project repeating the mutant IDH1 expression assay and finding higher 2HG in IDH1-R132H cells than in IDH1-WT cells, consistent with the original report.",yes
47,1,1,5,IDH mutation impairs histone demethylation and results in a block to cell differentiation,recognized,replicable,I recall a formal replication of this mutant IDH1 experiment that reproduced the increase in 2HG levels in IDH1-R132H-expressing cells relative to IDH1-WT controls.,"FAMILIARITY: recognized
VERDICT: replicable
NOTES: I recall a formal replication of this mutant IDH1 experiment that reproduced the increase in 2HG levels in IDH1-R132H-expressing cells relative to IDH1-WT controls.",yes
47,1,1,6,IDH mutation impairs histone demethylation and results in a block to cell differentiation,recognized,replicable,"I recall this as the Lu et al. IDH mutant/oncometabolite study, and the independent replication reported higher 2HG in IDH1-R132H cells than in IDH1-WT cells.","FAMILIARITY: recognized
VERDICT: replicable
NOTES: I recall this as the Lu et al. IDH mutant/oncometabolite study, and the independent replication reported higher 2HG in IDH1-R132H cells than in IDH1-WT cells.",yes
47,1,1,7,IDH mutation impairs histone demethylation and results in a block to cell differentiation,recognized,replicable,"I recall this Nature study on mutant IDH1 producing 2-hydroxyglutarate and blocking differentiation, and the independent replication reproduced the higher 2HG levels in IDH1-R132H cells versus IDH1-WT cells.","FAMILIARITY: recognized
VERDICT: replicable
NOTES: I recall this Nature study on mutant IDH1 producing 2-hydroxyglutarate and blocking differentiation, and the independent replication reproduced the higher 2HG levels in IDH1-R132H cells versus IDH1-WT cells.",yes
47,1,1,8,IDH mutation impairs histone demethylation and results in a block to cell differentiation,recognized,replicable,"I recall that the independent replication found the same direction of effect, with IDH1-R132H-expressing cells showing much higher 2HG than IDH1-WT cells, consistent with the original study.","FAMILIARITY: recognized
VERDICT: replicable
NOTES: I recall that the independent replication found the same direction of effect, with IDH1-R132H-expressing cells showing much higher 2HG than IDH1-WT cells, consistent with the original study.",yes
47,1,1,9,IDH mutation impairs histone demethylation and results in a block to cell differentiation,recognized,replicable,I recall the independent replication of the Lu et al. IDH1 paper reproduced the basic finding that cells expressing IDH1-R132H had higher 2HG levels than cells expressing IDH1-WT.,"FAMILIARITY: recognized
VERDICT: replicable
NOTES: I recall the independent replication of the Lu et al. IDH1 paper reproduced the basic finding that cells expressing IDH1-R132H had higher 2HG levels than cells expressing IDH1-WT.",yes
47,1,2,0,IDH mutation impairs histone demethylation and results in a block to cell differentiation,recognized,replicable,"I recall this Lu et al. paper being included in the Reproducibility Project: Cancer Biology, and the mutant IDH condition’s higher 2HG levels versus WT were reported as successfully reproduced.","FAMILIARITY: recognized
VERDICT: replicable
NOTES: I recall this Lu et al. paper being included in the Reproducibility Project: Cancer Biology, and the mutant IDH condition’s higher 2HG levels versus WT were reported as successfully reproduced.",yes
47,1,2,1,IDH mutation impairs histone demethylation and results in a block to cell differentiation,recognized,replicable,"I recall this as a Reproducibility Project: Cancer Biology case where cells expressing IDH2-R132H showed elevated 2HG relative to IDH2-WT, and the independent replication reported the same direction of effect.","FAMILIARITY: recognized
VERDICT: replicable
NOTES: I recall this as a Reproducibility Project: Cancer Biology case where cells expressing IDH2-R132H showed elevated 2HG relative to IDH2-WT, and the independent replication reported the same direction of effect.",yes
47,1,2,2,IDH mutation impairs histone demethylation and results in a block to cell differentiation,recognized,replicable,"I recall the formal replication of this IDH2 R132H study as finding elevated 2HG relative to IDH2-WT, matching the original effect.","FAMILIARITY: recognized
VERDICT: replicable
NOTES: I recall the formal replication of this IDH2 R132H study as finding elevated 2HG relative to IDH2-WT, matching the original effect.",yes
47,1,2,3,IDH mutation impairs histone demethylation and results in a block to cell differentiation,recognized,replicable,I recall the independent replication of this mutant-IDH assay found higher 2HG in the mutant-expressing cells than in the wild-type control.,"FAMILIARITY: recognized
VERDICT: replicable
NOTES: I recall the independent replication of this mutant-IDH assay found higher 2HG in the mutant-expressing cells than in the wild-type control.",yes
47,1,2,4,IDH mutation impairs histone demethylation and results in a block to cell differentiation,recognized,replicable,"I recall the replication attempt reproduced the key biochemical finding that mutant IDH-expressing cells accumulated more 2HG than WT controls, even though some downstream differentiation claims were more mixed.","FAMILIARITY: recognized
VERDICT: replicable
NOTES: I recall the replication attempt reproduced the key biochemical finding that mutant IDH-expressing cells accumulated more 2HG than WT controls, even though some downstream differentiation claims were more mixed.",yes
47,1,2,5,IDH mutation impairs histone demethylation and results in a block to cell differentiation,recognized,replicable,"I recall this as the Reproducibility Project: Cancer Biology replication of the mutant IDH2 assay, where cells expressing IDH2-R132H showed elevated 2HG relative to IDH2-WT in the replication as in the original.","FAMILIARITY: recognized
VERDICT: replicable
NOTES: I recall this as the Reproducibility Project: Cancer Biology replication of the mutant IDH2 assay, where cells expressing IDH2-R132H showed elevated 2HG relative to IDH2-WT in the replication as in the original.",yes
47,1,2,6,IDH mutation impairs histone demethylation and results in a block to cell differentiation,recognized,replicable,"I recall this as the mutant IDH2 R132H study where 2HG accumulation versus IDH2-WT was measured, and the independent replication reported the same increase in 2HG with the mutant.","FAMILIARITY: recognized
VERDICT: replicable
NOTES: I recall this as the mutant IDH2 R132H study where 2HG accumulation versus IDH2-WT was measured, and the independent replication reported the same increase in 2HG with the mutant.",yes
47,1,2,7,IDH mutation impairs histone demethylation and results in a block to cell differentiation,recognized,replicable,"I recognize this as the Lu et al. IDH mutation paper, and the independent replication of the IDH2-WT vs IDH2-R132H 2HG measurement reported the same direction of effect, with mutant IDH2 producing more 2HG.","FAMILIARITY: recognized
VERDICT: replicable
NOTES: I recognize this as the Lu et al. IDH mutation paper, and the independent replication of the IDH2-WT vs IDH2-R132H 2HG measurement reported the same direction of effect, with mutant IDH2 producing more 2HG.",yes
47,1,2,8,IDH mutation impairs histone demethylation and results in a block to cell differentiation,recognized,replicable,"I recall the Reproducibility Project’s replication of this experiment found higher 2HG in cells expressing IDH2-R132H than IDH2-WT, consistent with the original result.","FAMILIARITY: recognized
VERDICT: replicable
NOTES: I recall the Reproducibility Project’s replication of this experiment found higher 2HG in cells expressing IDH2-R132H than IDH2-WT, consistent with the original result.",yes
47,1,2,9,IDH mutation impairs histone demethylation and results in a block to cell differentiation,recognized,replicable,"I recall this Reproducibility Project: Cancer Biology attempt on Lu et al.’s IDH2-R132H study, and the mutant-expressing cells again showed much higher 2HG than IDH2-WT cells.","FAMILIARITY: recognized
VERDICT: replicable
NOTES: I recall this Reproducibility Project: Cancer Biology attempt on Lu et al.’s IDH2-R132H study, and the mutant-expressing cells again showed much higher 2HG than IDH2-WT cells.",yes
47,1,3,0,IDH mutation impairs histone demethylation and results in a block to cell differentiation,recognized,replicable,"I recall the Cancer Biology replication of this figure found the same direction of effect, with mutant IDH1/2 increasing H3K4me3 relative to wild type.","FAMILIARITY: recognized
VERDICT: replicable
NOTES: I recall the Cancer Biology replication of this figure found the same direction of effect, with mutant IDH1/2 increasing H3K4me3 relative to wild type.",no
47,1,3,1,IDH mutation impairs histone demethylation and results in a block to cell differentiation,recognized,unknown,"I recognize the Lu et al. mutant-IDH/histone-methylation paper and that it was later independently tested, but I don’t specifically recall the replication outcome for the H3K4me3 readout in IDH1/2 wild-type versus mutant cells.","FAMILIARITY: recognized
VERDICT: unknown
NOTES: I recognize the Lu et al. mutant-IDH/histone-methylation paper and that it was later independently tested, but I don’t specifically recall the replication outcome for the H3K4me3 readout in IDH1/2 wild-type versus mutant cells.",no
47,1,3,2,IDH mutation impairs histone demethylation and results in a block to cell differentiation,recognized,replicable,"I recognize this as the mutant IDH histone-demethylation paper, and I recall the independent replication largely reproduced the reported increase in H3K4me3 in cells expressing the mutant IDH constructs.","FAMILIARITY: recognized
VERDICT: replicable
NOTES: I recognize this as the mutant IDH histone-demethylation paper, and I recall the independent replication largely reproduced the reported increase in H3K4me3 in cells expressing the mutant IDH constructs.",no
47,1,3,3,IDH mutation impairs histone demethylation and results in a block to cell differentiation,recognized,unreplicable,"I recognize this as the Lu et al. IDH1/2 mutant 2-HG study, and I recall the independent replication did not reproduce the reported mutant-specific increase in global H3K4me3 levels.","FAMILIARITY: recognized
VERDICT: unreplicable
NOTES: I recognize this as the Lu et al. IDH1/2 mutant 2-HG study, and I recall the independent replication did not reproduce the reported mutant-specific increase in global H3K4me3 levels.",no
47,1,3,4,IDH mutation impairs histone demethylation and results in a block to cell differentiation,recognized,replicable,I recall the independent replication reproducing the mutant-IDH-associated increase in H3K4me3 in the IDH1/IDH2 expression system versus wild-type controls.,"FAMILIARITY: recognized
VERDICT: replicable
NOTES: I recall the independent replication reproducing the mutant-IDH-associated increase in H3K4me3 in the IDH1/IDH2 expression system versus wild-type controls.",no
47,1,3,5,IDH mutation impairs histone demethylation and results in a block to cell differentiation,recognized,unreplicable,"I recognize the Lu et al. mutant IDH/histone-demethylation study, and I recall the independent replication did not reproduce the reported H3K4me3 difference between WT and mutant IDH1/2-expressing cells.","FAMILIARITY: recognized
VERDICT: unreplicable
NOTES: I recognize the Lu et al. mutant IDH/histone-demethylation study, and I recall the independent replication did not reproduce the reported H3K4me3 difference between WT and mutant IDH1/2-expressing cells.",no
47,1,3,6,IDH mutation impairs histone demethylation and results in a block to cell differentiation,recognized,replicable,I recall the Reproducibility Project: Cancer Biology replication of this Lu et al. Nature study and মনে that the mutant IDH-associated H3K4me3 change was reproduced in the same direction.,"FAMILIARITY: recognized
VERDICT: replicable
NOTES: I recall the Reproducibility Project: Cancer Biology replication of this Lu et al. Nature study and মনে that the mutant IDH-associated H3K4me3 change was reproduced in the same direction.",no
47,1,3,7,IDH mutation impairs histone demethylation and results in a block to cell differentiation,recognized,unknown,"I recall this as the Lu et al. mutant-IDH histone methylation study that was formally replicated in Reproducibility Project: Cancer Biology, but I don’t reliably remember whether the H3K4me3 blot in those four conditions was reproduced.","FAMILIARITY: recognized
VERDICT: unknown
NOTES: I recall this as the Lu et al. mutant-IDH histone methylation study that was formally replicated in Reproducibility Project: Cancer Biology, but I don’t reliably remember whether the H3K4me3 blot in those four conditions was reproduced.",no
47,1,3,8,IDH mutation impairs histone demethylation and results in a block to cell differentiation,recognized,unreplicable,"I recognize the Lu et al. IDH-mutant histone-demethylation paper and recall the direct replication attempt, which did not reproduce the reported H3K4me3 increase in mutant-IDH-expressing cells.","FAMILIARITY: recognized
VERDICT: unreplicable
NOTES: I recognize the Lu et al. IDH-mutant histone-demethylation paper and recall the direct replication attempt, which did not reproduce the reported H3K4me3 increase in mutant-IDH-expressing cells.",no
47,1,3,9,IDH mutation impairs histone demethylation and results in a block to cell differentiation,recognized,unknown,"I recognize this as the Lu et al. IDH1/2 histone-demethylation paper, but I don’t specifically recall the independent replication outcome for the H3K4me3 levels in the wild-type versus mutant IDH-expressing cells.","FAMILIARITY: recognized
VERDICT: unknown
NOTES: I recognize this as the Lu et al. IDH1/2 histone-demethylation paper, but I don’t specifically recall the independent replication outcome for the H3K4me3 levels in the wild-type versus mutant IDH-expressing cells.",no
47,1,4,0,IDH mutation impairs histone demethylation and results in a block to cell differentiation,recognized,unknown,"I recognize the Lu et al. IDH-mutant histone-demethylation paper, but I don’t specifically recall the independent replication outcome for the H3K9me3 readout in those WT vs mutant IDH1/2 cells.","FAMILIARITY: recognized
VERDICT: unknown
NOTES: I recognize the Lu et al. IDH-mutant histone-demethylation paper, but I don’t specifically recall the independent replication outcome for the H3K9me3 readout in those WT vs mutant IDH1/2 cells.",no
47,1,4,1,IDH mutation impairs histone demethylation and results in a block to cell differentiation,recognized,unreplicable,"I recall this Cancer Cell study being included in the Reproducibility Project: Cancer Biology, and the replication did not reproduce the reported H3K9me3 increase in cells expressing mutant IDH1/IDH2.","FAMILIARITY: recognized
VERDICT: unreplicable
NOTES: I recall this Cancer Cell study being included in the Reproducibility Project: Cancer Biology, and the replication did not reproduce the reported H3K9me3 increase in cells expressing mutant IDH1/IDH2.",no
47,1,4,2,IDH mutation impairs histone demethylation and results in a block to cell differentiation,recognized,replicable,"I recall the independent replication effort generally reproduced the mutant IDH-associated increase in H3K9me3 levels in this assay, though the effect was modest.","FAMILIARITY: recognized
VERDICT: replicable
NOTES: I recall the independent replication effort generally reproduced the mutant IDH-associated increase in H3K9me3 levels in this assay, though the effect was modest.",no
47,1,4,3,IDH mutation impairs histone demethylation and results in a block to cell differentiation,recognized,replicable,"I recall the Lu et al. study on mutant IDH increasing repressive histone methylation, and the formal replication report reproduced the H3K9me3 increase in cells expressing IDH1-R132H and IDH2-R172K versus the wild-type constructs.","FAMILIARITY: recognized
VERDICT: replicable
NOTES: I recall the Lu et al. study on mutant IDH increasing repressive histone methylation, and the formal replication report reproduced the H3K9me3 increase in cells expressing IDH1-R132H and IDH2-R172K versus the wild-type constructs.",no
47,1,4,4,IDH mutation impairs histone demethylation and results in a block to cell differentiation,recognized,replicable,"I recognize Lu et al.’s mutant IDH/2-HG Nature study, and I recall the independent replication supporting the increased H3K9me3 signal in the IDH1-R132H and IDH2-R172K cells versus their wild-type counterparts.","FAMILIARITY: recognized
VERDICT: replicable
NOTES: I recognize Lu et al.’s mutant IDH/2-HG Nature study, and I recall the independent replication supporting the increased H3K9me3 signal in the IDH1-R132H and IDH2-R172K cells versus their wild-type counterparts.",no
47,1,4,5,IDH mutation impairs histone demethylation and results in a block to cell differentiation,recognized,replicable,"I recall the independent replication reproducing the mutant-IDH-associated increase in H3K9me3 relative to WT in the transfected cells, even though the broader differentiation-block claims were less consistently supported.","FAMILIARITY: recognized
VERDICT: replicable
NOTES: I recall the independent replication reproducing the mutant-IDH-associated increase in H3K9me3 relative to WT in the transfected cells, even though the broader differentiation-block claims were less consistently supported.",no
47,1,4,6,IDH mutation impairs histone demethylation and results in a block to cell differentiation,recognized,unknown,"I recognize the Lu et al. IDH-mutant histone methylation study, but I don’t specifically recall the outcome of the independent replication of the H3K9me3 blot/quantification experiment.","FAMILIARITY: recognized
VERDICT: unknown
NOTES: I recognize the Lu et al. IDH-mutant histone methylation study, but I don’t specifically recall the outcome of the independent replication of the H3K9me3 blot/quantification experiment.",no
47,1,4,7,IDH mutation impairs histone demethylation and results in a block to cell differentiation,recognized,replicable,I recall a formal replication in the Reproducibility Project: Cancer Biology that recapitulated the original increase in H3K9me3 in cells expressing mutant IDH1/IDH2 versus wild type.,"FAMILIARITY: recognized
VERDICT: replicable
NOTES: I recall a formal replication in the Reproducibility Project: Cancer Biology that recapitulated the original increase in H3K9me3 in cells expressing mutant IDH1/IDH2 versus wild type.",no
47,1,4,8,IDH mutation impairs histone demethylation and results in a block to cell differentiation,recognized,replicable,"I recall this as the Lu et al. study on mutant IDH increasing histone methylation, and the later independent replication found the H3K9me3 increase in IDH1-R132H/IDH2-R172K-expressing cells to be consistent with the original result.","FAMILIARITY: recognized
VERDICT: replicable
NOTES: I recall this as the Lu et al. study on mutant IDH increasing histone methylation, and the later independent replication found the H3K9me3 increase in IDH1-R132H/IDH2-R172K-expressing cells to be consistent with the original result.",no
47,1,4,9,IDH mutation impairs histone demethylation and results in a block to cell differentiation,recognized,replicable,"I recall this as a reproducibility-project-style replication of the mutant IDH overexpression assay, which found the expected higher H3K9me3 signal in the R132H/R172K constructs relative to the wild-type controls.","FAMILIARITY: recognized
VERDICT: replicable
NOTES: I recall this as a reproducibility-project-style replication of the mutant IDH overexpression assay, which found the expected higher H3K9me3 signal in the R132H/R172K constructs relative to the wild-type controls.",no
47,1,5,0,IDH mutation impairs histone demethylation and results in a block to cell differentiation,recognized,unknown,"I recognize the Lu et al. IDH-mutant histone demethylation paper, but I don’t specifically recall the independent replication outcome for the H3K36me3 levels in the IDH1/IDH2 wild-type vs mutant transfection assay.","FAMILIARITY: recognized
VERDICT: unknown
NOTES: I recognize the Lu et al. IDH-mutant histone demethylation paper, but I don’t specifically recall the independent replication outcome for the H3K36me3 levels in the IDH1/IDH2 wild-type vs mutant transfection assay.",no
47,1,5,1,IDH mutation impairs histone demethylation and results in a block to cell differentiation,recognized,replicable,I recall this as a Reproducibility Project target in which mutant IDH1/IDH2 expression increased H3K36me3 in the same direction as the original report.,"FAMILIARITY: recognized
VERDICT: replicable
NOTES: I recall this as a Reproducibility Project target in which mutant IDH1/IDH2 expression increased H3K36me3 in the same direction as the original report.",no
47,1,5,2,IDH mutation impairs histone demethylation and results in a block to cell differentiation,recognized,unknown,"I recognize the Lu et al. IDH-mutant histone-demethylation paper, but I don’t specifically recall the outcome of the formal replication of the H3K36me3 experiment.","FAMILIARITY: recognized
VERDICT: unknown
NOTES: I recognize the Lu et al. IDH-mutant histone-demethylation paper, but I don’t specifically recall the outcome of the formal replication of the H3K36me3 experiment.",no
47,1,5,3,IDH mutation impairs histone demethylation and results in a block to cell differentiation,recognized,replicable,"I recall the Cancer Biology reproducibility attempt on Lu et al.’s IDH-mutant histone methylation figure, and the mutant IDH1-R132H/IDH2-R172K conditions were reported to increase H3K36me3 in the same general direction as the original result.","FAMILIARITY: recognized
VERDICT: replicable
NOTES: I recall the Cancer Biology reproducibility attempt on Lu et al.’s IDH-mutant histone methylation figure, and the mutant IDH1-R132H/IDH2-R172K conditions were reported to increase H3K36me3 in the same general direction as the original result.",no
47,1,5,4,IDH mutation impairs histone demethylation and results in a block to cell differentiation,recognized,unknown,"I recognize this as the Lu et al. mutant IDH/histone demethylation paper and I remember it was later replicated in the cancer-biology reproducibility project, but I don’t specifically recall whether the H3K36me3 result in the IDH1/IDH2 WT vs mutant conditions was reproduced.","FAMILIARITY: recognized
VERDICT: unknown
NOTES: I recognize this as the Lu et al. mutant IDH/histone demethylation paper and I remember it was later replicated in the cancer-biology reproducibility project, but I don’t specifically recall whether the H3K36me3 result in the IDH1/IDH2 WT vs mutant conditions was reproduced.",no
47,1,5,5,IDH mutation impairs histone demethylation and results in a block to cell differentiation,recognized,unknown,"I recognize the Lu et al. mutant-IDH paper and remember a replication effort, but I don’t specifically recall whether the H3K36me3 difference between WT and mutant IDH conditions was confirmed.","FAMILIARITY: recognized
VERDICT: unknown
NOTES: I recognize the Lu et al. mutant-IDH paper and remember a replication effort, but I don’t specifically recall whether the H3K36me3 difference between WT and mutant IDH conditions was confirmed.",no
47,1,5,6,IDH mutation impairs histone demethylation and results in a block to cell differentiation,recognized,unknown,"I recognize the Lu et al. mutant-IDH histone-demethylation paper and the independent replication of the H3K36me3 assay in IDH1/IDH2-transfected cells, but I don’t confidently recall whether that specific replication was judged successful.","FAMILIARITY: recognized
VERDICT: unknown
NOTES: I recognize the Lu et al. mutant-IDH histone-demethylation paper and the independent replication of the H3K36me3 assay in IDH1/IDH2-transfected cells, but I don’t confidently recall whether that specific replication was judged successful.",no
47,1,5,7,IDH mutation impairs histone demethylation and results in a block to cell differentiation,unsure,unknown,"I recognize the general IDH-mutation/2-HG histone-demethylation paper, but I don’t specifically recall the independent replication outcome for the H3K36me3 levels in the IDH1/IDH2 wild-type vs mutant cells.","FAMILIARITY: unsure
VERDICT: unknown
NOTES: I recognize the general IDH-mutation/2-HG histone-demethylation paper, but I don’t specifically recall the independent replication outcome for the H3K36me3 levels in the IDH1/IDH2 wild-type vs mutant cells.",no
47,1,5,8,IDH mutation impairs histone demethylation and results in a block to cell differentiation,recognized,unknown,"I recognize the Lu et al. IDH-mutant histone demethylation paper, but I don’t specifically remember whether the independent replication of H3K36me3 levels in the IDH1/IDH2 WT vs mutant cells succeeded.","FAMILIARITY: recognized
VERDICT: unknown
NOTES: I recognize the Lu et al. IDH-mutant histone demethylation paper, but I don’t specifically remember whether the independent replication of H3K36me3 levels in the IDH1/IDH2 WT vs mutant cells succeeded.",no
47,1,5,9,IDH mutation impairs histone demethylation and results in a block to cell differentiation,recognized,unreplicable,I remember the Reproducibility Project replication of the Lu et al. IDH paper as not reproducing the reported H3K36me3 increase in cells expressing mutant IDH1/IDH2.,"FAMILIARITY: recognized
VERDICT: unreplicable
NOTES: I remember the Reproducibility Project replication of the Lu et al. IDH paper as not reproducing the reported H3K36me3 increase in cells expressing mutant IDH1/IDH2.",no
47,1,6,0,IDH mutation impairs histone demethylation and results in a block to cell differentiation,recognized,unknown,"I recognize the mutant-IDH/histone-methylation paper, but I don’t specifically recall whether the independent replication reproduced the H3K79me2 Western blot result.","FAMILIARITY: recognized
VERDICT: unknown
NOTES: I recognize the mutant-IDH/histone-methylation paper, but I don’t specifically recall whether the independent replication reproduced the H3K79me2 Western blot result.",no
47,1,6,1,IDH mutation impairs histone demethylation and results in a block to cell differentiation,recognized,unknown,"I recognize this as the Lu et al. IDH-mutation paper and I remember there was an independent replication attempt of the H3K79me2 blot, but I can’t reliably recall whether that specific result was judged to replicate.","FAMILIARITY: recognized
VERDICT: unknown
NOTES: I recognize this as the Lu et al. IDH-mutation paper and I remember there was an independent replication attempt of the H3K79me2 blot, but I can’t reliably recall whether that specific result was judged to replicate.",no
47,1,6,2,IDH mutation impairs histone demethylation and results in a block to cell differentiation,recognized,unreplicable,"I recall the Cancer Biology replication of this IDH1/2 paper found that the mutant-specific increase in H3K79me2 was not reproduced in their cells, so this specific effect was judged unreplicable.","FAMILIARITY: recognized
VERDICT: unreplicable
NOTES: I recall the Cancer Biology replication of this IDH1/2 paper found that the mutant-specific increase in H3K79me2 was not reproduced in their cells, so this specific effect was judged unreplicable.",no
47,1,6,3,IDH mutation impairs histone demethylation and results in a block to cell differentiation,unsure,unknown,"I recognize this as the IDH1/IDH2 mutant-oncometabolite paper linking IDH mutations to histone methylation changes, but I don't specifically recall the independent replication result for the H3K79me2 measurement.","FAMILIARITY: unsure
VERDICT: unknown
NOTES: I recognize this as the IDH1/IDH2 mutant-oncometabolite paper linking IDH mutations to histone methylation changes, but I don't specifically recall the independent replication result for the H3K79me2 measurement.",no
47,1,6,4,IDH mutation impairs histone demethylation and results in a block to cell differentiation,recognized,replicable,"I remember this Nature study showing mutant IDH1/2 increased H3K79me2 relative to WT, and the independent replication of that blot/quantification reported the same direction.","FAMILIARITY: recognized
VERDICT: replicable
NOTES: I remember this Nature study showing mutant IDH1/2 increased H3K79me2 relative to WT, and the independent replication of that blot/quantification reported the same direction.",no
47,1,6,5,IDH mutation impairs histone demethylation and results in a block to cell differentiation,recognized,replicable,I recall this Lu et al. IDH-mutation paper being independently replicated and the H3K79me2 increase with mutant IDH1/IDH2 was broadly reproduced.,"FAMILIARITY: recognized
VERDICT: replicable
NOTES: I recall this Lu et al. IDH-mutation paper being independently replicated and the H3K79me2 increase with mutant IDH1/IDH2 was broadly reproduced.",no
47,1,6,6,IDH mutation impairs histone demethylation and results in a block to cell differentiation,recognized,unknown,"I recognize this as the IDH-mutation/histone-demethylation paper, but I don’t confidently recall the independent replication outcome for the specific H3K79me2 readout in the WT vs mutant cell lines.","FAMILIARITY: recognized
VERDICT: unknown
NOTES: I recognize this as the IDH-mutation/histone-demethylation paper, but I don’t confidently recall the independent replication outcome for the specific H3K79me2 readout in the WT vs mutant cell lines.",no
47,1,6,7,IDH mutation impairs histone demethylation and results in a block to cell differentiation,recognized,unknown,"I recognize the Lu et al. IDH-mutant histone methylation paper, but I don’t specifically recall the independent replication outcome for the H3K79me2 comparison across IDH1/IDH2 wild-type versus mutant-expressing cells.","FAMILIARITY: recognized
VERDICT: unknown
NOTES: I recognize the Lu et al. IDH-mutant histone methylation paper, but I don’t specifically recall the independent replication outcome for the H3K79me2 comparison across IDH1/IDH2 wild-type versus mutant-expressing cells.",no
47,1,6,8,IDH mutation impairs histone demethylation and results in a block to cell differentiation,recognized,unreplicable,I recall the independent replication of this IDH-mutant histone-mark experiment did not reproduce the reported increase in H3K79me2 in mutant-expressing cells relative to wild-type.,"FAMILIARITY: recognized
VERDICT: unreplicable
NOTES: I recall the independent replication of this IDH-mutant histone-mark experiment did not reproduce the reported increase in H3K79me2 in mutant-expressing cells relative to wild-type.",no
47,1,6,9,IDH mutation impairs histone demethylation and results in a block to cell differentiation,recognized,unknown,"I recognize the Lu et al. IDH-mutant histone demethylation paper, but I don’t specifically recall the independent replication result for the H3K79me2 readout.","FAMILIARITY: recognized
VERDICT: unknown
NOTES: I recognize the Lu et al. IDH-mutant histone demethylation paper, but I don’t specifically recall the independent replication result for the H3K79me2 readout.",no
47,1,7,0,IDH mutation impairs histone demethylation and results in a block to cell differentiation,recognized,unreplicable,"I recognize the Lu et al. mutant IDH1 paper, and the independent replication I recall did not reproduce the reported H3K9me2 increase in IDH1-R132H versus IDH1-WT cells.","FAMILIARITY: recognized
VERDICT: unreplicable
NOTES: I recognize the Lu et al. mutant IDH1 paper, and the independent replication I recall did not reproduce the reported H3K9me2 increase in IDH1-R132H versus IDH1-WT cells.",no
47,1,7,1,IDH mutation impairs histone demethylation and results in a block to cell differentiation,recognized,replicable,I recognize the Nature IDH1-R132H histone-methylation study and recall the independent replication as broadly supporting the original increase in H3K9me2 versus wild-type IDH1.,"FAMILIARITY: recognized
VERDICT: replicable
NOTES: I recognize the Nature IDH1-R132H histone-methylation study and recall the independent replication as broadly supporting the original increase in H3K9me2 versus wild-type IDH1.",no
47,1,7,2,IDH mutation impairs histone demethylation and results in a block to cell differentiation,recognized,replicable,"I recall this Lu et al. finding and its formal replication as showing the same direction of effect, with higher H3K9me2 in IDH1-R132H cells than in IDH1-WT cells.","FAMILIARITY: recognized
VERDICT: replicable
NOTES: I recall this Lu et al. finding and its formal replication as showing the same direction of effect, with higher H3K9me2 in IDH1-R132H cells than in IDH1-WT cells.",no
47,1,7,3,IDH mutation impairs histone demethylation and results in a block to cell differentiation,recognized,unknown,"I remember the Lu et al. IDH1-R132H paper and that mutant IDH1 was reported to increase H3K9me2 relative to IDH1-WT, but I don’t specifically recall the independent replication result for this assay.","FAMILIARITY: recognized
VERDICT: unknown
NOTES: I remember the Lu et al. IDH1-R132H paper and that mutant IDH1 was reported to increase H3K9me2 relative to IDH1-WT, but I don’t specifically recall the independent replication result for this assay.",no
47,1,7,4,IDH mutation impairs histone demethylation and results in a block to cell differentiation,recognized,replicable,"I recall the replication attempt for this IDH1-R132H study reproducing the H3K9me2 increase relative to IDH1-WT, so the biochemical effect was reported as replicated.","FAMILIARITY: recognized
VERDICT: replicable
NOTES: I recall the replication attempt for this IDH1-R132H study reproducing the H3K9me2 increase relative to IDH1-WT, so the biochemical effect was reported as replicated.",no
47,1,7,5,IDH mutation impairs histone demethylation and results in a block to cell differentiation,recognized,replicable,"I recall the independent replication reproduced the higher H3K9me2 signal in IDH1-R132H–expressing cells versus IDH1-WT, although the effect size was smaller than in the original report.","FAMILIARITY: recognized
VERDICT: replicable
NOTES: I recall the independent replication reproduced the higher H3K9me2 signal in IDH1-R132H–expressing cells versus IDH1-WT, although the effect size was smaller than in the original report.",no
47,1,7,6,IDH mutation impairs histone demethylation and results in a block to cell differentiation,recognized,unreplicable,I recall the Reproducibility Project: Cancer Biology tried to reproduce the mutant IDH1 (R132H) increase in H3K9me2 versus IDH1-WT and did not find a convincing replicated effect.,"FAMILIARITY: recognized
VERDICT: unreplicable
NOTES: I recall the Reproducibility Project: Cancer Biology tried to reproduce the mutant IDH1 (R132H) increase in H3K9me2 versus IDH1-WT and did not find a convincing replicated effect.",no
47,1,7,7,IDH mutation impairs histone demethylation and results in a block to cell differentiation,recognized,replicable,I recall the Lu et al. mutant IDH1 study and that the independent replication of the H3K9me2 comparison between IDH1-WT and IDH1-R132H was broadly consistent with the original increase.,"FAMILIARITY: recognized
VERDICT: replicable
NOTES: I recall the Lu et al. mutant IDH1 study and that the independent replication of the H3K9me2 comparison between IDH1-WT and IDH1-R132H was broadly consistent with the original increase.",no
47,1,7,8,IDH mutation impairs histone demethylation and results in a block to cell differentiation,recognized,replicable,"I recall the cancer-biology reproducibility effort reproducing the mutant IDH1 result in the same direction, with H3K9me2 higher in IDH1-R132H than IDH1-WT cells.","FAMILIARITY: recognized
VERDICT: replicable
NOTES: I recall the cancer-biology reproducibility effort reproducing the mutant IDH1 result in the same direction, with H3K9me2 higher in IDH1-R132H than IDH1-WT cells.",no
47,1,7,9,IDH mutation impairs histone demethylation and results in a block to cell differentiation,recognized,unknown,"I recognize this as the Lu et al. IDH1-R132H paper linking mutant IDH1 to increased H3K9me2, but I don’t specifically remember the outcome of the formal independent replication of that blot.","FAMILIARITY: recognized
VERDICT: unknown
NOTES: I recognize this as the Lu et al. IDH1-R132H paper linking mutant IDH1 to increased H3K9me2, but I don’t specifically remember the outcome of the formal independent replication of that blot.",no
47,1,8,0,IDH mutation impairs histone demethylation and results in a block to cell differentiation,recognized,unknown,"I remember this as a Reproducibility Project: Cancer Biology target about mutant IDH2 and H3K9me2, but I don’t specifically recall whether the independent replication of that exact WT vs R132H comparison succeeded.","FAMILIARITY: recognized
VERDICT: unknown
NOTES: I remember this as a Reproducibility Project: Cancer Biology target about mutant IDH2 and H3K9me2, but I don’t specifically recall whether the independent replication of that exact WT vs R132H comparison succeeded.",no
47,1,8,1,IDH mutation impairs histone demethylation and results in a block to cell differentiation,recognized,replicable,"I recall this as a Reproducibility Project cancer biology study on mutant IDH2, and the H3K9me2 increase in IDH2-R132H-expressing cells was reported as reproduced in the independent replication.","FAMILIARITY: recognized
VERDICT: replicable
NOTES: I recall this as a Reproducibility Project cancer biology study on mutant IDH2, and the H3K9me2 increase in IDH2-R132H-expressing cells was reported as reproduced in the independent replication.",no
47,1,8,2,IDH mutation impairs histone demethylation and results in a block to cell differentiation,recognized,unknown,"I remember the Lu et al. IDH2/R132H histone-methylation study, but I don’t specifically recall the outcome of the independent replication of the H3K9me2 comparison.","FAMILIARITY: recognized
VERDICT: unknown
NOTES: I remember the Lu et al. IDH2/R132H histone-methylation study, but I don’t specifically recall the outcome of the independent replication of the H3K9me2 comparison.",no
47,1,8,3,IDH mutation impairs histone demethylation and results in a block to cell differentiation,recognized,unreplicable,I recall this Cancer Biology replication of Lu et al. where the mutant IDH2-associated increase in H3K9me2 relative to wild type was not reproduced in the follow-up experiment.,"FAMILIARITY: recognized
VERDICT: unreplicable
NOTES: I recall this Cancer Biology replication of Lu et al. where the mutant IDH2-associated increase in H3K9me2 relative to wild type was not reproduced in the follow-up experiment.",no
47,1,8,4,IDH mutation impairs histone demethylation and results in a block to cell differentiation,recognized,unknown,"I recognize the Nature paper on mutant IDH impairing histone demethylation, but I don’t specifically recall the independent replication outcome for H3K9me2 levels in IDH2-WT vs IDH2-R132H cells.","FAMILIARITY: recognized
VERDICT: unknown
NOTES: I recognize the Nature paper on mutant IDH impairing histone demethylation, but I don’t specifically recall the independent replication outcome for H3K9me2 levels in IDH2-WT vs IDH2-R132H cells.",no
47,1,8,5,IDH mutation impairs histone demethylation and results in a block to cell differentiation,recognized,replicable,"I recall this Reproducibility Project: Cancer Biology case as the mutant IDH2 R132H study, and the H3K9me2 increase relative to IDH2-WT was reported as being reproduced in the replication attempt.","FAMILIARITY: recognized
VERDICT: replicable
NOTES: I recall this Reproducibility Project: Cancer Biology case as the mutant IDH2 R132H study, and the H3K9me2 increase relative to IDH2-WT was reported as being reproduced in the replication attempt.",no
47,1,8,6,IDH mutation impairs histone demethylation and results in a block to cell differentiation,recognized,replicable,"I recall this as one of the Reproducibility Project: Cancer Biology mutant-IDH papers, and the follow-up assay of H3K9me2 in cells expressing mutant versus wild-type IDH was reported in the same direction as the original finding.","FAMILIARITY: recognized
VERDICT: replicable
NOTES: I recall this as one of the Reproducibility Project: Cancer Biology mutant-IDH papers, and the follow-up assay of H3K9me2 in cells expressing mutant versus wild-type IDH was reported in the same direction as the original finding.",no
47,1,8,7,IDH mutation impairs histone demethylation and results in a block to cell differentiation,recognized,replicable,"I recall an independent replication of the mutant-IDH histone methylation result that found higher H3K9me2 in mutant-expressing cells than in WT, broadly matching the original paper.","FAMILIARITY: recognized
VERDICT: replicable
NOTES: I recall an independent replication of the mutant-IDH histone methylation result that found higher H3K9me2 in mutant-expressing cells than in WT, broadly matching the original paper.",no
47,1,8,8,IDH mutation impairs histone demethylation and results in a block to cell differentiation,recognized,unknown,"I recognize the Lu et al. IDH-mutant/histone-demethylation paper, but I don’t specifically recall the independent replication’s outcome for the H3K9me2 comparison between WT and mutant-expressing cells.","FAMILIARITY: recognized
VERDICT: unknown
NOTES: I recognize the Lu et al. IDH-mutant/histone-demethylation paper, but I don’t specifically recall the independent replication’s outcome for the H3K9me2 comparison between WT and mutant-expressing cells.",no
47,1,8,9,IDH mutation impairs histone demethylation and results in a block to cell differentiation,recognized,replicable,"I recall the RP:CB replication of Lu et al.’s IDH-mutant histone-methylation work, and this specific H3K9me2 increase with mutant IDH versus WT was reproduced.","FAMILIARITY: recognized
VERDICT: replicable
NOTES: I recall the RP:CB replication of Lu et al.’s IDH-mutant histone-methylation work, and this specific H3K9me2 increase with mutant IDH versus WT was reproduced.",no
47,1,9,0,IDH mutation impairs histone demethylation and results in a block to cell differentiation,recognized,unknown,"I recognize the Reproducibility Project: Cancer Biology replication of this IDH/2HG-histone methylation paper, but I don’t specifically recall whether this exact 2HG–H3K4me3 correlation panel was judged to have reproduced.","FAMILIARITY: recognized
VERDICT: unknown
NOTES: I recognize the Reproducibility Project: Cancer Biology replication of this IDH/2HG-histone methylation paper, but I don’t specifically recall whether this exact 2HG–H3K4me3 correlation panel was judged to have reproduced.",no
47,1,9,1,IDH mutation impairs histone demethylation and results in a block to cell differentiation,recognized,unknown,"I recognize the Lu et al. Nature paper and its formal cancer-biology replication effort, but I don’t recall the specific 2HG–H3K4me3 replication outcome well enough to classify that effect as replicable or unreplicable.","FAMILIARITY: recognized
VERDICT: unknown
NOTES: I recognize the Lu et al. Nature paper and its formal cancer-biology replication effort, but I don’t recall the specific 2HG–H3K4me3 replication outcome well enough to classify that effect as replicable or unreplicable.",no
47,1,9,2,IDH mutation impairs histone demethylation and results in a block to cell differentiation,recognized,unknown,"I recognize the Lu et al. IDH-mutant histone demethylation paper, but I don’t specifically recall the independent replication outcome for the 2HG/H3K4me3 correlation in those transfected cells.","FAMILIARITY: recognized
VERDICT: unknown
NOTES: I recognize the Lu et al. IDH-mutant histone demethylation paper, but I don’t specifically recall the independent replication outcome for the 2HG/H3K4me3 correlation in those transfected cells.",no
47,1,9,3,IDH mutation impairs histone demethylation and results in a block to cell differentiation,recognized,replicable,"I recall this Lu et al. Nature study on mutant IDH producing 2HG and increasing histone methylation, and the independent replication found the same positive relationship between 2HG and H3K4me3 in the wild-type versus mutant IDH conditions.","FAMILIARITY: recognized
VERDICT: replicable
NOTES: I recall this Lu et al. Nature study on mutant IDH producing 2HG and increasing histone methylation, and the independent replication found the same positive relationship between 2HG and H3K4me3 in the wild-type versus mutant IDH conditions.",no
47,1,9,4,IDH mutation impairs histone demethylation and results in a block to cell differentiation,recognized,replicable,"I recall this as a Reproducibility Project cancer-biology target, and the independent replication reported the same overall positive association between mutant IDH–driven 2HG accumulation and increased H3K4me3 in the compared cell lines.","FAMILIARITY: recognized
VERDICT: replicable
NOTES: I recall this as a Reproducibility Project cancer-biology target, and the independent replication reported the same overall positive association between mutant IDH–driven 2HG accumulation and increased H3K4me3 in the compared cell lines.",no
47,1,9,5,IDH mutation impairs histone demethylation and results in a block to cell differentiation,recognized,unknown,"I recognize the Lu et al. IDH-mutant/2HG/histone-methylation paper, but I don’t specifically recall the independent replication outcome for the 2HG–H3K4me3 correlation in those IDH1/IDH2 constructs.","FAMILIARITY: recognized
VERDICT: unknown
NOTES: I recognize the Lu et al. IDH-mutant/2HG/histone-methylation paper, but I don’t specifically recall the independent replication outcome for the 2HG–H3K4me3 correlation in those IDH1/IDH2 constructs.",no
47,1,9,6,IDH mutation impairs histone demethylation and results in a block to cell differentiation,recognized,unreplicable,I recall the Reproducibility Project’s attempt on this Lu et al. study found robust 2HG production from mutant IDH but did not reproduce the original positive correlation with H3K4me3 levels.,"FAMILIARITY: recognized
VERDICT: unreplicable
NOTES: I recall the Reproducibility Project’s attempt on this Lu et al. study found robust 2HG production from mutant IDH but did not reproduce the original positive correlation with H3K4me3 levels.",no
47,1,9,7,IDH mutation impairs histone demethylation and results in a block to cell differentiation,recognized,unreplicable,"I recognize the mutant-IDH paper, and my recollection is that the independent replication did not reproduce the claimed 2HG–H3K4me3 correlation across the IDH1/IDH2 WT and mutant cell lines.","FAMILIARITY: recognized
VERDICT: unreplicable
NOTES: I recognize the mutant-IDH paper, and my recollection is that the independent replication did not reproduce the claimed 2HG–H3K4me3 correlation across the IDH1/IDH2 WT and mutant cell lines.",no
47,1,9,8,IDH mutation impairs histone demethylation and results in a block to cell differentiation,recognized,unknown,"I recognize the Lu et al. IDH/2HG study, but I don’t specifically recall the independent replication outcome for this particular 2HG–H3K4me3 correlation.","FAMILIARITY: recognized
VERDICT: unknown
NOTES: I recognize the Lu et al. IDH/2HG study, but I don’t specifically recall the independent replication outcome for this particular 2HG–H3K4me3 correlation.",no
47,1,9,9,IDH mutation impairs histone demethylation and results in a block to cell differentiation,recognized,replicable,"I recall this as the Lu et al. mutant-IDH/2HG histone-demethylation paper, and the independent replication attempt reported the same general positive relationship between mutant-driven 2HG levels and H3K4me3 changes in the tested cells.","FAMILIARITY: recognized
VERDICT: replicable
NOTES: I recall this as the Lu et al. mutant-IDH/2HG histone-demethylation paper, and the independent replication attempt reported the same general positive relationship between mutant-driven 2HG levels and H3K4me3 changes in the tested cells.",no
47,1,10,0,IDH mutation impairs histone demethylation and results in a block to cell differentiation,recognized,unknown,"I recognize the Lu et al. IDH/2HG-histone demethylation paper and that it had a formal replication attempt, but I don’t specifically recall the replication outcome for this particular 2HG–H3K9me2 correlation.","FAMILIARITY: recognized
VERDICT: unknown
NOTES: I recognize the Lu et al. IDH/2HG-histone demethylation paper and that it had a formal replication attempt, but I don’t specifically recall the replication outcome for this particular 2HG–H3K9me2 correlation.",no
47,1,10,1,IDH mutation impairs histone demethylation and results in a block to cell differentiation,recognized,unknown,"I recall this as the Lu et al. IDH/2HG/histone methylation study and a later independent replication attempt, but I don’t specifically remember the outcome for this exact 2HG–H3K9me2 correlation.","FAMILIARITY: recognized
VERDICT: unknown
NOTES: I recall this as the Lu et al. IDH/2HG/histone methylation study and a later independent replication attempt, but I don’t specifically remember the outcome for this exact 2HG–H3K9me2 correlation.",no
47,1,10,2,IDH mutation impairs histone demethylation and results in a block to cell differentiation,recognized,replicable,"I recall this Lu et al. IDH-mutation paper and an independent replication that likewise saw mutant IDH1/2 elevate 2HG with associated H3K9me2 changes, supporting the reported correlation.","FAMILIARITY: recognized
VERDICT: replicable
NOTES: I recall this Lu et al. IDH-mutation paper and an independent replication that likewise saw mutant IDH1/2 elevate 2HG with associated H3K9me2 changes, supporting the reported correlation.",no
47,1,10,3,IDH mutation impairs histone demethylation and results in a block to cell differentiation,recognized,unknown,"I recognize the Lu et al. IDH-mutation paper, but I don’t specifically recall the outcome of the independent replication for this exact 2HG–H3K9me2 correlation.","FAMILIARITY: recognized
VERDICT: unknown
NOTES: I recognize the Lu et al. IDH-mutation paper, but I don’t specifically recall the outcome of the independent replication for this exact 2HG–H3K9me2 correlation.",no
47,1,10,4,IDH mutation impairs histone demethylation and results in a block to cell differentiation,recognized,replicable,"I recall this as a Reproducibility Project: Cancer Biology replication of Lu et al., and the mutant IDH constructs again showed the expected positive association between 2HG levels and H3K9me2 levels.","FAMILIARITY: recognized
VERDICT: replicable
NOTES: I recall this as a Reproducibility Project: Cancer Biology replication of Lu et al., and the mutant IDH constructs again showed the expected positive association between 2HG levels and H3K9me2 levels.",no
47,1,10,5,IDH mutation impairs histone demethylation and results in a block to cell differentiation,recognized,replicable,"I recall this as a Reproducibility Project: Cancer Biology replication of the Lu et al. IDH-mutant histone methylation study, and the 2HG/H3K9me2 relationship across WT versus mutant IDH constructs was qualitatively reproduced.","FAMILIARITY: recognized
VERDICT: replicable
NOTES: I recall this as a Reproducibility Project: Cancer Biology replication of the Lu et al. IDH-mutant histone methylation study, and the 2HG/H3K9me2 relationship across WT versus mutant IDH constructs was qualitatively reproduced.",no
47,1,10,6,IDH mutation impairs histone demethylation and results in a block to cell differentiation,recognized,replicable,"I remember this as the Lu et al. mutant IDH/2HG histone-methylation paper, and the independent replication I recall found the same positive relationship between 2HG accumulation and H3K9me2 levels in the IDH1/2 WT vs mutant cells.","FAMILIARITY: recognized
VERDICT: replicable
NOTES: I remember this as the Lu et al. mutant IDH/2HG histone-methylation paper, and the independent replication I recall found the same positive relationship between 2HG accumulation and H3K9me2 levels in the IDH1/2 WT vs mutant cells.",no
47,1,10,7,IDH mutation impairs histone demethylation and results in a block to cell differentiation,recognized,replicable,"I recall this Nature study on mutant IDH1/2 generating 2HG and increasing H3K9me2, and the independent replication I remember reproduced the same 2HG–H3K9me2 pattern across the WT and mutant constructs.","FAMILIARITY: recognized
VERDICT: replicable
NOTES: I recall this Nature study on mutant IDH1/2 generating 2HG and increasing H3K9me2, and the independent replication I remember reproduced the same 2HG–H3K9me2 pattern across the WT and mutant constructs.",no
47,1,10,8,IDH mutation impairs histone demethylation and results in a block to cell differentiation,recognized,replicable,"I recall this as a Reproducibility Project: Cancer Biology study on mutant IDH, and the independent replication reproduced the expected association between 2HG abundance and H3K9me2 levels across the IDH1/IDH2 wild-type and mutant-expressing cells.","FAMILIARITY: recognized
VERDICT: replicable
NOTES: I recall this as a Reproducibility Project: Cancer Biology study on mutant IDH, and the independent replication reproduced the expected association between 2HG abundance and H3K9me2 levels across the IDH1/IDH2 wild-type and mutant-expressing cells.",no
47,1,10,9,IDH mutation impairs histone demethylation and results in a block to cell differentiation,recognized,replicable,"I recall this as the Lu et al. mutant IDH/2HG paper, and the independent replication generally reproduced the mutant-specific increase in 2HG alongside higher H3K9me2 in the mutant-expressing cells.","FAMILIARITY: recognized
VERDICT: replicable
NOTES: I recall this as the Lu et al. mutant IDH/2HG paper, and the independent replication generally reproduced the mutant-specific increase in 2HG alongside higher H3K9me2 in the mutant-expressing cells.",no
47,1,11,0,IDH mutation impairs histone demethylation and results in a block to cell differentiation,recognized,replicable,"I remember this as the Lu et al. IDH/2HG paper, and the independent replication I recall supported the mutant-IDH-associated rise in 2HG with corresponding H3K9me3 changes.","FAMILIARITY: recognized
VERDICT: replicable
NOTES: I remember this as the Lu et al. IDH/2HG paper, and the independent replication I recall supported the mutant-IDH-associated rise in 2HG with corresponding H3K9me3 changes.",no
47,1,11,1,IDH mutation impairs histone demethylation and results in a block to cell differentiation,recognized,replicable,"I recognize this as the Lu et al. IDH/2HG-histone methylation paper, and I recall the independent replication as supporting the same mutant-IDH-associated increase/correlation in 2HG and H3K9me3.","FAMILIARITY: recognized
VERDICT: replicable
NOTES: I recognize this as the Lu et al. IDH/2HG-histone methylation paper, and I recall the independent replication as supporting the same mutant-IDH-associated increase/correlation in 2HG and H3K9me3.",no
47,1,11,2,IDH mutation impairs histone demethylation and results in a block to cell differentiation,recognized,unknown,"I recognize the Lu et al. mutant IDH/2HG–histone methylation paper, but I don’t specifically recall the formal independent replication outcome for this exact 2HG–H3K9me3 correlation.","FAMILIARITY: recognized
VERDICT: unknown
NOTES: I recognize the Lu et al. mutant IDH/2HG–histone methylation paper, but I don’t specifically recall the formal independent replication outcome for this exact 2HG–H3K9me3 correlation.",no
47,1,11,3,IDH mutation impairs histone demethylation and results in a block to cell differentiation,recognized,unknown,"I recognize the Lu et al. IDH1/2 mutant Nature paper and recall a formal replication attempt of the 2HG–H3K9me3 relationship, but I don’t specifically remember whether that replication was successful.","FAMILIARITY: recognized
VERDICT: unknown
NOTES: I recognize the Lu et al. IDH1/2 mutant Nature paper and recall a formal replication attempt of the 2HG–H3K9me3 relationship, but I don’t specifically remember whether that replication was successful.",no
47,1,11,4,IDH mutation impairs histone demethylation and results in a block to cell differentiation,recognized,replicable,I remember this as the Lu et al. Nature study and recall the independent replication reported the same positive association between mutant-IDH–driven 2HG accumulation and higher H3K9me3 levels.,"FAMILIARITY: recognized
VERDICT: replicable
NOTES: I remember this as the Lu et al. Nature study and recall the independent replication reported the same positive association between mutant-IDH–driven 2HG accumulation and higher H3K9me3 levels.",no
47,1,11,5,IDH mutation impairs histone demethylation and results in a block to cell differentiation,recognized,unknown,"I recognize the mutant-IDH study, but I don’t specifically recall the independent replication outcome for this 2HG/H3K9me3 correlation.","FAMILIARITY: recognized
VERDICT: unknown
NOTES: I recognize the mutant-IDH study, but I don’t specifically recall the independent replication outcome for this 2HG/H3K9me3 correlation.",no
47,1,11,6,IDH mutation impairs histone demethylation and results in a block to cell differentiation,recognized,replicable,I recall this Reproducibility Project: Cancer Biology replication of the Xu et al. IDH paper reproduced the positive association between mutant IDH-driven 2HG accumulation and elevated H3K9me3 in the tested cell lines.,"FAMILIARITY: recognized
VERDICT: replicable
NOTES: I recall this Reproducibility Project: Cancer Biology replication of the Xu et al. IDH paper reproduced the positive association between mutant IDH-driven 2HG accumulation and elevated H3K9me3 in the tested cell lines.",no
47,1,11,7,IDH mutation impairs histone demethylation and results in a block to cell differentiation,recognized,replicable,"I recall this as the Lu et al. IDH/2HG paper, and the independent replication reported the same general pattern that mutant IDH-expressing cells had higher 2HG with corresponding H3K9me3 increases/correlation, though effect sizes were not identical.","FAMILIARITY: recognized
VERDICT: replicable
NOTES: I recall this as the Lu et al. IDH/2HG paper, and the independent replication reported the same general pattern that mutant IDH-expressing cells had higher 2HG with corresponding H3K9me3 increases/correlation, though effect sizes were not identical.",no
47,1,11,8,IDH mutation impairs histone demethylation and results in a block to cell differentiation,recognized,unknown,"I recognize the Turcan et al. IDH-mutant histone methylation study, but I don’t specifically recall the outcome of the independent replication of the 2HG/H3K9me3 correlation across the four IDH-expressing cell conditions.","FAMILIARITY: recognized
VERDICT: unknown
NOTES: I recognize the Turcan et al. IDH-mutant histone methylation study, but I don’t specifically recall the outcome of the independent replication of the 2HG/H3K9me3 correlation across the four IDH-expressing cell conditions.",no
47,1,11,9,IDH mutation impairs histone demethylation and results in a block to cell differentiation,recognized,unknown,"I recognize Lu et al.’s IDH/2HG histone-demethylation paper and remember an independent replication attempt, but I don’t confidently recall whether this specific 2HG–H3K9me3 correlation in the mutant and wild-type IDH1/2 cells was reproduced.","FAMILIARITY: recognized
VERDICT: unknown
NOTES: I recognize Lu et al.’s IDH/2HG histone-demethylation paper and remember an independent replication attempt, but I don’t confidently recall whether this specific 2HG–H3K9me3 correlation in the mutant and wild-type IDH1/2 cells was reproduced.",no
47,1,12,0,IDH mutation impairs histone demethylation and results in a block to cell differentiation,recognized,unknown,"I recognize the Lu et al. IDH-mutation paper and that it had an independent replication attempt, but I don’t specifically recall whether the 2HG–H3K36me3 correlation in the WT/R132H/R172K cell panel was reproduced.","FAMILIARITY: recognized
VERDICT: unknown
NOTES: I recognize the Lu et al. IDH-mutation paper and that it had an independent replication attempt, but I don’t specifically recall whether the 2HG–H3K36me3 correlation in the WT/R132H/R172K cell panel was reproduced.",no
47,1,12,1,IDH mutation impairs histone demethylation and results in a block to cell differentiation,recognized,unknown,"I recognize the 2012 Lu et al. IDH-mutant/histone demethylation study, but I don’t specifically recall the independent replication result for the 2HG–H3K36me3 correlation across those four cell lines.","FAMILIARITY: recognized
VERDICT: unknown
NOTES: I recognize the 2012 Lu et al. IDH-mutant/histone demethylation study, but I don’t specifically recall the independent replication result for the 2HG–H3K36me3 correlation across those four cell lines.",no
47,1,12,2,IDH mutation impairs histone demethylation and results in a block to cell differentiation,recognized,replicable,"I recall this as the Lu et al. IDH/2HG epigenetics paper, and the independent replication of the 2HG–H3K36me3 correlation was reported as being in the same direction.","FAMILIARITY: recognized
VERDICT: replicable
NOTES: I recall this as the Lu et al. IDH/2HG epigenetics paper, and the independent replication of the 2HG–H3K36me3 correlation was reported as being in the same direction.",no
47,1,12,3,IDH mutation impairs histone demethylation and results in a block to cell differentiation,recognized,replicable,"I recall this as the Lu et al. IDH-mutant histone demethylation paper, and the independent replication of the 2HG/H3K36me3 relationship reported the same positive association across the WT vs mutant IDH1/2 constructs.","FAMILIARITY: recognized
VERDICT: replicable
NOTES: I recall this as the Lu et al. IDH-mutant histone demethylation paper, and the independent replication of the 2HG/H3K36me3 relationship reported the same positive association across the WT vs mutant IDH1/2 constructs.",no
47,1,12,4,IDH mutation impairs histone demethylation and results in a block to cell differentiation,recognized,unknown,"I recognize the Lu et al. IDH/2HG–histone methylation paper, but I don’t specifically recall the formal independent replication result for the 2HG–H3K36me3 correlation in those IDH1/IDH2 cell lines.","FAMILIARITY: recognized
VERDICT: unknown
NOTES: I recognize the Lu et al. IDH/2HG–histone methylation paper, but I don’t specifically recall the formal independent replication result for the 2HG–H3K36me3 correlation in those IDH1/IDH2 cell lines.",no
47,1,12,5,IDH mutation impairs histone demethylation and results in a block to cell differentiation,recognized,replicable,"I recall this as the Lu et al. Nature 2012 IDH-mutation paper, and the formal replication of the 2HG/H3K36me3 relationship in mutant IDH1/2-expressing cells was reported as successful.","FAMILIARITY: recognized
VERDICT: replicable
NOTES: I recall this as the Lu et al. Nature 2012 IDH-mutation paper, and the formal replication of the 2HG/H3K36me3 relationship in mutant IDH1/2-expressing cells was reported as successful.",no
47,1,12,6,IDH mutation impairs histone demethylation and results in a block to cell differentiation,recognized,replicable,I recall the RP:CB replication of Lu et al. supporting the same direction of effect—mutant IDH constructs raised 2HG and were associated with higher H3K36me3—so this specific readout was considered replicated.,"FAMILIARITY: recognized
VERDICT: replicable
NOTES: I recall the RP:CB replication of Lu et al. supporting the same direction of effect—mutant IDH constructs raised 2HG and were associated with higher H3K36me3—so this specific readout was considered replicated.",no
47,1,12,7,IDH mutation impairs histone demethylation and results in a block to cell differentiation,unsure,unknown,"I recognize the Lu et al. IDH-mutant/2HG histone demethylation paper, but I don’t specifically recall the independent replication outcome for the 2HG–H3K36me3 correlation in the four cell lines.","FAMILIARITY: unsure
VERDICT: unknown
NOTES: I recognize the Lu et al. IDH-mutant/2HG histone demethylation paper, but I don’t specifically recall the independent replication outcome for the 2HG–H3K36me3 correlation in the four cell lines.",no
47,1,12,8,IDH mutation impairs histone demethylation and results in a block to cell differentiation,recognized,replicable,"I recall this as the Lu et al. Nature study on mutant IDH and 2HG-driven histone changes, and the formal replication attempt reproduced the mutant-versus-WT relationship between 2HG and H3K36me3.","FAMILIARITY: recognized
VERDICT: replicable
NOTES: I recall this as the Lu et al. Nature study on mutant IDH and 2HG-driven histone changes, and the formal replication attempt reproduced the mutant-versus-WT relationship between 2HG and H3K36me3.",no
47,1,12,9,IDH mutation impairs histone demethylation and results in a block to cell differentiation,recognized,unknown,"I recognize the Lu et al. mutant IDH/2HG study, but I don’t specifically recall the outcome of the independent replication of the H3K36me3 correlation.","FAMILIARITY: recognized
VERDICT: unknown
NOTES: I recognize the Lu et al. mutant IDH/2HG study, but I don’t specifically recall the outcome of the independent replication of the H3K36me3 correlation.",no
47,1,13,0,IDH mutation impairs histone demethylation and results in a block to cell differentiation,unsure,unknown,"I recognize the Lu et al. mutant IDH study and that it was independently replicated, but I don’t specifically recall whether this 2HG–H3K79me2 correlation was reproduced in the replication attempt.","FAMILIARITY: unsure
VERDICT: unknown
NOTES: I recognize the Lu et al. mutant IDH study and that it was independently replicated, but I don’t specifically recall whether this 2HG–H3K79me2 correlation was reproduced in the replication attempt.",no
47,1,13,1,IDH mutation impairs histone demethylation and results in a block to cell differentiation,unsure,unknown,"I recognize the paper title, but I do not specifically recall the outcome of the independent replication of the 2HG/H3K79me2 correlation.","FAMILIARITY: unsure
VERDICT: unknown
NOTES: I recognize the paper title, but I do not specifically recall the outcome of the independent replication of the 2HG/H3K79me2 correlation.",no
47,1,13,2,IDH mutation impairs histone demethylation and results in a block to cell differentiation,recognized,unknown,"I recognize the Lu et al. IDH-mutant/2HG histone-demethylation paper, but I don’t specifically recall the independent replication result for the H3K79me2–2HG correlation.","FAMILIARITY: recognized
VERDICT: unknown
NOTES: I recognize the Lu et al. IDH-mutant/2HG histone-demethylation paper, but I don’t specifically recall the independent replication result for the H3K79me2–2HG correlation.",no
47,1,13,3,IDH mutation impairs histone demethylation and results in a block to cell differentiation,recognized,unreplicable,"I recall this as a Reproducibility Project: Cancer Biology target, and the independent replication did not reproduce the reported correlation between 2HG levels and H3K79me2 levels.","FAMILIARITY: recognized
VERDICT: unreplicable
NOTES: I recall this as a Reproducibility Project: Cancer Biology target, and the independent replication did not reproduce the reported correlation between 2HG levels and H3K79me2 levels.",no
47,1,13,4,IDH mutation impairs histone demethylation and results in a block to cell differentiation,recognized,replicable,"I recall the Cancer Biology Reproducibility Project repeating this mutant IDH assay and observing the same overall correlation between elevated 2HG and increased H3K79me2, though the replication effect was more modest than the original.","FAMILIARITY: recognized
VERDICT: replicable
NOTES: I recall the Cancer Biology Reproducibility Project repeating this mutant IDH assay and observing the same overall correlation between elevated 2HG and increased H3K79me2, though the replication effect was more modest than the original.",no
47,1,13,5,IDH mutation impairs histone demethylation and results in a block to cell differentiation,recognized,replicable,I recognize this Nature paper and recall that an independent replication attempt broadly supported the mutant-IDH/2HG association with increased H3K79me2 in this cell-expression setup.,"FAMILIARITY: recognized
VERDICT: replicable
NOTES: I recognize this Nature paper and recall that an independent replication attempt broadly supported the mutant-IDH/2HG association with increased H3K79me2 in this cell-expression setup.",no
47,1,13,6,IDH mutation impairs histone demethylation and results in a block to cell differentiation,recognized,unreplicable,"I recall this as the Lu et al. IDH-mutant/2HG paper, and the independent replication I remember did not reproduce the reported H3K79me2 correlation even though mutant-driven 2HG accumulation was observed.","FAMILIARITY: recognized
VERDICT: unreplicable
NOTES: I recall this as the Lu et al. IDH-mutant/2HG paper, and the independent replication I remember did not reproduce the reported H3K79me2 correlation even though mutant-driven 2HG accumulation was observed.",no
47,1,13,7,IDH mutation impairs histone demethylation and results in a block to cell differentiation,recognized,unknown,"I recognize the original mutant-IDH/2HG study and its H3K79me2 readout, but I don't specifically recall whether the independent replication confirmed or failed this particular correlation.","FAMILIARITY: recognized
VERDICT: unknown
NOTES: I recognize the original mutant-IDH/2HG study and its H3K79me2 readout, but I don't specifically recall whether the independent replication confirmed or failed this particular correlation.",no
47,1,13,8,IDH mutation impairs histone demethylation and results in a block to cell differentiation,recognized,unreplicable,"I remember the Reproducibility Project: Cancer Biology trying this study and finding that while mutant IDH still elevated 2HG, they did not reproduce the reported positive correlation with H3K79me2.","FAMILIARITY: recognized
VERDICT: unreplicable
NOTES: I remember the Reproducibility Project: Cancer Biology trying this study and finding that while mutant IDH still elevated 2HG, they did not reproduce the reported positive correlation with H3K79me2.",no
47,1,13,9,IDH mutation impairs histone demethylation and results in a block to cell differentiation,recognized,unknown,"I recognize this as the mutant IDH/2HG epigenetic paper, but I don’t specifically recall the independent replication outcome for the 2HG–H3K79me2 correlation in those IDH1/2 wild-type versus mutant cells.","FAMILIARITY: recognized
VERDICT: unknown
NOTES: I recognize this as the mutant IDH/2HG epigenetic paper, but I don’t specifically recall the independent replication outcome for the 2HG–H3K79me2 correlation in those IDH1/2 wild-type versus mutant cells.",no
47,2,1,0,IDH mutation impairs histone demethylation and results in a block to cell differentiation,recognized,replicable,I recall the independent replication reproduced the increase in 2HG in mutant IDH-expressing cells relative to wild-type.,"FAMILIARITY: recognized
VERDICT: replicable
NOTES: I recall the independent replication reproduced the increase in 2HG in mutant IDH-expressing cells relative to wild-type.",yes
47,2,1,1,IDH mutation impairs histone demethylation and results in a block to cell differentiation,recognized,replicable,"I remember this Reproducibility Project: Cancer Biology replication as the mutant IDH2 assay where IDH2-R132H-expressing cells showed higher 2HG than IDH2-WT, in the same direction as the original finding.","FAMILIARITY: recognized
VERDICT: replicable
NOTES: I remember this Reproducibility Project: Cancer Biology replication as the mutant IDH2 assay where IDH2-R132H-expressing cells showed higher 2HG than IDH2-WT, in the same direction as the original finding.",yes
47,2,1,2,IDH mutation impairs histone demethylation and results in a block to cell differentiation,recognized,replicable,I recall this Reproducibility Project: Cancer Biology attempt reproducing the key biochemical result that mutant IDH-expressing cells had higher 2HG than WT controls.,"FAMILIARITY: recognized
VERDICT: replicable
NOTES: I recall this Reproducibility Project: Cancer Biology attempt reproducing the key biochemical result that mutant IDH-expressing cells had higher 2HG than WT controls.",yes
47,2,1,3,IDH mutation impairs histone demethylation and results in a block to cell differentiation,recognized,replicable,"I recall this paper’s key biochemical result that IDH2-R132H produces much more 2HG than IDH2-WT, and the independent replication reported the same direction of effect.","FAMILIARITY: recognized
VERDICT: replicable
NOTES: I recall this paper’s key biochemical result that IDH2-R132H produces much more 2HG than IDH2-WT, and the independent replication reported the same direction of effect.",yes
47,2,1,4,IDH mutation impairs histone demethylation and results in a block to cell differentiation,recognized,replicable,"I recall this as the Lu et al. IDH mutant study, and the independent replication reported the expected increase in 2HG in cells expressing IDH2-R132H versus IDH2-WT.","FAMILIARITY: recognized
VERDICT: replicable
NOTES: I recall this as the Lu et al. IDH mutant study, and the independent replication reported the expected increase in 2HG in cells expressing IDH2-R132H versus IDH2-WT.",yes
47,2,1,5,IDH mutation impairs histone demethylation and results in a block to cell differentiation,recognized,replicable,"I recall this Reproducibility Project: Cancer Biology check of mutant IDH constructs showed the mutant-expressing cells accumulated much more 2HG than WT, broadly matching the original finding.","FAMILIARITY: recognized
VERDICT: replicable
NOTES: I recall this Reproducibility Project: Cancer Biology check of mutant IDH constructs showed the mutant-expressing cells accumulated much more 2HG than WT, broadly matching the original finding.",yes
47,2,1,6,IDH mutation impairs histone demethylation and results in a block to cell differentiation,recognized,replicable,"I recognize this as the mutant IDH/2-hydroxyglutarate paper, and I recall the independent replication of the IDH2-WT versus IDH2-R132H 2HG assay went in the same direction with elevated 2HG in the mutant.","FAMILIARITY: recognized
VERDICT: replicable
NOTES: I recognize this as the mutant IDH/2-hydroxyglutarate paper, and I recall the independent replication of the IDH2-WT versus IDH2-R132H 2HG assay went in the same direction with elevated 2HG in the mutant.",yes
47,2,1,7,IDH mutation impairs histone demethylation and results in a block to cell differentiation,recognized,replicable,I recall the independent replication reproduced the elevated 2HG/D-2HG levels in cells expressing IDH2-R132H versus IDH2-WT.,"FAMILIARITY: recognized
VERDICT: replicable
NOTES: I recall the independent replication reproduced the elevated 2HG/D-2HG levels in cells expressing IDH2-R132H versus IDH2-WT.",yes
47,2,1,8,IDH mutation impairs histone demethylation and results in a block to cell differentiation,recognized,replicable,"I recall this as the mutant IDH2-R132H experiment showing elevated 2HG relative to IDH2-WT, and the independent replication reported the same direction of effect.","FAMILIARITY: recognized
VERDICT: replicable
NOTES: I recall this as the mutant IDH2-R132H experiment showing elevated 2HG relative to IDH2-WT, and the independent replication reported the same direction of effect.",yes
47,2,1,9,IDH mutation impairs histone demethylation and results in a block to cell differentiation,recognized,replicable,"I recall this IDH2 mutant paper from the cancer-biology replication efforts, and the key finding that IDH2-R132H raises 2HG relative to IDH2-WT was reproduced.","FAMILIARITY: recognized
VERDICT: replicable
NOTES: I recall this IDH2 mutant paper from the cancer-biology replication efforts, and the key finding that IDH2-R132H raises 2HG relative to IDH2-WT was reproduced.",yes
48,1,1,0,Transcriptional amplification in tumor cells with elevated c-Myc,unsure,unknown,"I recognize the general c-Myc transcriptional amplification study, but I do not specifically recall the independent replication of the total RNA per 1000 cells time-course, so I can’t reliably judge whether it replicated.","FAMILIARITY: unsure
VERDICT: unknown
NOTES: I recognize the general c-Myc transcriptional amplification study, but I do not specifically recall the independent replication of the total RNA per 1000 cells time-course, so I can’t reliably judge whether it replicated.",no
48,1,1,1,Transcriptional amplification in tumor cells with elevated c-Myc,unsure,unknown,"I recognize the c-Myc transcriptional-amplification study, but I don’t specifically recall the outcome of the independent replication of the total-RNA time course.","FAMILIARITY: unsure
VERDICT: unknown
NOTES: I recognize the c-Myc transcriptional-amplification study, but I don’t specifically recall the outcome of the independent replication of the total-RNA time course.",no
48,1,1,2,Transcriptional amplification in tumor cells with elevated c-Myc,recognized,unknown,"I recognize the c-Myc transcriptional amplification paper, but I don’t specifically recall whether the independent replication of the total RNA-per-1000-cells time course succeeded.","FAMILIARITY: recognized
VERDICT: unknown
NOTES: I recognize the c-Myc transcriptional amplification paper, but I don’t specifically recall whether the independent replication of the total RNA-per-1000-cells time course succeeded.",no
48,1,1,3,Transcriptional amplification in tumor cells with elevated c-Myc,recognized,unknown,"I recognize the c-Myc transcriptional amplification paper, but I do not specifically remember whether the independent replication of total RNA per 1000 cells at 0, 1, and 24 hours succeeded.","FAMILIARITY: recognized  
VERDICT: unknown  
NOTES: I recognize the c-Myc transcriptional amplification paper, but I do not specifically remember whether the independent replication of total RNA per 1000 cells at 0, 1, and 24 hours succeeded.",no
48,1,1,4,Transcriptional amplification in tumor cells with elevated c-Myc,recognized,unknown,"I recall this as the c-Myc “transcriptional amplification” paper showing increased total RNA per cell over time, but I don’t specifically remember the outcome of the independent replication attempt.","FAMILIARITY: recognized
VERDICT: unknown
NOTES: I recall this as the c-Myc “transcriptional amplification” paper showing increased total RNA per cell over time, but I don’t specifically remember the outcome of the independent replication attempt.",no
48,1,1,5,Transcriptional amplification in tumor cells with elevated c-Myc,recognized,unknown,"I recognize the c-Myc transcriptional amplification paper, but I don’t specifically recall the outcome of the independent replication of the total RNA-per-1000-cells time course.","FAMILIARITY: recognized
VERDICT: unknown
NOTES: I recognize the c-Myc transcriptional amplification paper, but I don’t specifically recall the outcome of the independent replication of the total RNA-per-1000-cells time course.",no
48,1,1,6,Transcriptional amplification in tumor cells with elevated c-Myc,recognized,replicable,"I remember this as the c-Myc transcriptional amplification study from the Cancer Biology reproducibility effort, and the total-RNA-per-cell time course was reported as matching the original increase.","FAMILIARITY: recognized
VERDICT: replicable
NOTES: I remember this as the c-Myc transcriptional amplification study from the Cancer Biology reproducibility effort, and the total-RNA-per-cell time course was reported as matching the original increase.",no
48,1,1,7,Transcriptional amplification in tumor cells with elevated c-Myc,recognized,unknown,"I recognize the c-Myc transcriptional amplification paper and that it was formally replicated, but I don’t specifically recall whether the total RNA-per-1000-cells time course was judged to have replicated.","FAMILIARITY: recognized
VERDICT: unknown
NOTES: I recognize the c-Myc transcriptional amplification paper and that it was formally replicated, but I don’t specifically recall whether the total RNA-per-1000-cells time course was judged to have replicated.",no
48,1,1,8,Transcriptional amplification in tumor cells with elevated c-Myc,recognized,unknown,"I recognize this as the Reproducibility Project: Cancer Biology target on c-Myc–driven transcriptional amplification, but I don’t specifically recall whether the total RNA per 1000 cells time-course was judged to replicate.","FAMILIARITY: recognized
VERDICT: unknown
NOTES: I recognize this as the Reproducibility Project: Cancer Biology target on c-Myc–driven transcriptional amplification, but I don’t specifically recall whether the total RNA per 1000 cells time-course was judged to replicate.",no
48,1,1,9,Transcriptional amplification in tumor cells with elevated c-Myc,recognized,unknown,"I recognize this as the c-Myc global transcriptional amplification paper, but I don’t specifically recall the independent replication outcome for the total RNA per 1000 cells time course.","FAMILIARITY: recognized
VERDICT: unknown
NOTES: I recognize this as the c-Myc global transcriptional amplification paper, but I don’t specifically recall the independent replication outcome for the total RNA per 1000 cells time course.",no
48,2,1,0,Transcriptional amplification in tumor cells with elevated c-Myc,recognized,unknown,"I recognize the c-Myc transcriptional amplification paper, but I don’t specifically recall the independent replication result for the active-gene expression change from 0 hr to 1 hr.","FAMILIARITY: recognized
VERDICT: unknown
NOTES: I recognize the c-Myc transcriptional amplification paper, but I don’t specifically recall the independent replication result for the active-gene expression change from 0 hr to 1 hr.",yes
48,2,1,1,Transcriptional amplification in tumor cells with elevated c-Myc,recognized,unknown,"I recognize this as the c-Myc global transcriptional amplification paper, but I don't specifically recall the outcome of the formal independent replication attempt.","FAMILIARITY: recognized
VERDICT: unknown
NOTES: I recognize this as the c-Myc global transcriptional amplification paper, but I don't specifically recall the outcome of the formal independent replication attempt.",yes
48,2,1,2,Transcriptional amplification in tumor cells with elevated c-Myc,recognized,unknown,"I recognize the c-Myc transcriptional amplification paper, but I don’t specifically recall the outcome of the independent replication for the active-gene expression comparison at 0 hr vs 1 hr.","FAMILIARITY: recognized
VERDICT: unknown
NOTES: I recognize the c-Myc transcriptional amplification paper, but I don’t specifically recall the outcome of the independent replication for the active-gene expression comparison at 0 hr vs 1 hr.",yes
48,2,1,3,Transcriptional amplification in tumor cells with elevated c-Myc,unsure,unknown,"I vaguely recall the c-Myc/global transcriptional amplification paper, but I don’t specifically remember the independent replication outcome for the active gene expression comparison at 0 hr vs 1 hr.","FAMILIARITY: unsure
VERDICT: unknown
NOTES: I vaguely recall the c-Myc/global transcriptional amplification paper, but I don’t specifically remember the independent replication outcome for the active gene expression comparison at 0 hr vs 1 hr.",yes
48,2,1,4,Transcriptional amplification in tumor cells with elevated c-Myc,recognized,unknown,"I recognize this as the c-Myc global transcriptional amplification study, but I don’t specifically recall the outcome of the independent replication attempt.","FAMILIARITY: recognized
VERDICT: unknown
NOTES: I recognize this as the c-Myc global transcriptional amplification study, but I don’t specifically recall the outcome of the independent replication attempt.",yes
48,2,1,5,Transcriptional amplification in tumor cells with elevated c-Myc,recognized,unknown,"I recognize the original c-Myc transcriptional amplification paper, but I don’t specifically recall the independent replication of the 0 hr vs 1 hr active-gene-expression effect, so I can’t classify that attempt confidently.","FAMILIARITY: recognized
VERDICT: unknown
NOTES: I recognize the original c-Myc transcriptional amplification paper, but I don’t specifically recall the independent replication of the 0 hr vs 1 hr active-gene-expression effect, so I can’t classify that attempt confidently.",yes
48,2,1,6,Transcriptional amplification in tumor cells with elevated c-Myc,recognized,unknown,"I recognize the c-Myc “transcriptional amplification” study, but I don’t specifically recall the outcome of its formal independent replication attempt.","FAMILIARITY: recognized
VERDICT: unknown
NOTES: I recognize the c-Myc “transcriptional amplification” study, but I don’t specifically recall the outcome of its formal independent replication attempt.",yes
48,2,1,7,Transcriptional amplification in tumor cells with elevated c-Myc,recognized,unknown,"I recognize the c-Myc transcriptional amplification paper, but I don’t specifically recall the outcome of the independent replication of the active-gene-expression comparison at 0 hr vs 1 hr.","FAMILIARITY: recognized
VERDICT: unknown
NOTES: I recognize the c-Myc transcriptional amplification paper, but I don’t specifically recall the outcome of the independent replication of the active-gene-expression comparison at 0 hr vs 1 hr.",yes
48,2,1,8,Transcriptional amplification in tumor cells with elevated c-Myc,recognized,unreplicable,I recall the independent replication of this c-Myc transcriptional amplification result as failing to reproduce the reported 0 hr vs 1 hr increase in active gene expression.,"FAMILIARITY: recognized
VERDICT: unreplicable
NOTES: I recall the independent replication of this c-Myc transcriptional amplification result as failing to reproduce the reported 0 hr vs 1 hr increase in active gene expression.",yes
48,2,1,9,Transcriptional amplification in tumor cells with elevated c-Myc,recognized,unknown,"I recognize the c-Myc transcriptional amplification paper, but I don’t specifically recall the independent replication attempt’s outcome for the 0 hr vs 1 hr active-gene-expression effect.","FAMILIARITY: recognized
VERDICT: unknown
NOTES: I recognize the c-Myc transcriptional amplification paper, but I don’t specifically recall the independent replication attempt’s outcome for the 0 hr vs 1 hr active-gene-expression effect.",yes
48,2,2,0,Transcriptional amplification in tumor cells with elevated c-Myc,recognized,unknown,"I remember the original claim that elevated c-Myc amplifies transcription of already active genes, but I do not specifically recall the formal independent replication attempt or its outcome.","FAMILIARITY: recognized
VERDICT: unknown
NOTES: I remember the original claim that elevated c-Myc amplifies transcription of already active genes, but I do not specifically recall the formal independent replication attempt or its outcome.",yes
48,2,2,1,Transcriptional amplification in tumor cells with elevated c-Myc,recognized,unknown,"I recognize the c-Myc transcriptional amplification paper, but I don’t specifically recall the outcome of the independent replication of active gene expression at 0 hr vs 24 hr.","FAMILIARITY: recognized
VERDICT: unknown
NOTES: I recognize the c-Myc transcriptional amplification paper, but I don’t specifically recall the outcome of the independent replication of active gene expression at 0 hr vs 24 hr.",yes
48,2,2,2,Transcriptional amplification in tumor cells with elevated c-Myc,unsure,unknown,"I vaguely recognize the c-Myc transcriptional amplification paper, but I don’t specifically recall the independent replication attempt or its outcome for the 0 hr vs 24 hr active-gene expression comparison.","FAMILIARITY: unsure
VERDICT: unknown
NOTES: I vaguely recognize the c-Myc transcriptional amplification paper, but I don’t specifically recall the independent replication attempt or its outcome for the 0 hr vs 24 hr active-gene expression comparison.",yes
48,2,2,3,Transcriptional amplification in tumor cells with elevated c-Myc,recognized,unknown,"I remember this as the c-Myc global transcriptional-amplification paper, but I don’t specifically recall the independent replication attempt’s result for the 0 hr vs 24 hr active-gene-expression effect.","FAMILIARITY: recognized
VERDICT: unknown
NOTES: I remember this as the c-Myc global transcriptional-amplification paper, but I don’t specifically recall the independent replication attempt’s result for the 0 hr vs 24 hr active-gene-expression effect.",yes
48,2,2,4,Transcriptional amplification in tumor cells with elevated c-Myc,recognized,unknown,"I recognize this as the 2012 c-Myc global transcriptional amplification paper, but I don’t specifically recall the independent replication result for the 0 hr vs 24 hr active-gene expression effect.","FAMILIARITY: recognized
VERDICT: unknown
NOTES: I recognize this as the 2012 c-Myc global transcriptional amplification paper, but I don’t specifically recall the independent replication result for the 0 hr vs 24 hr active-gene expression effect.",yes
48,2,2,5,Transcriptional amplification in tumor cells with elevated c-Myc,recognized,unknown,"I recognize this as the c-Myc “global transcriptional amplification” paper that was later independently replicated, but I don’t specifically recall whether the active-gene expression difference at 0 hr vs 24 hr was judged to replicate.","FAMILIARITY: recognized
VERDICT: unknown
NOTES: I recognize this as the c-Myc “global transcriptional amplification” paper that was later independently replicated, but I don’t specifically recall whether the active-gene expression difference at 0 hr vs 24 hr was judged to replicate.",yes
48,2,2,6,Transcriptional amplification in tumor cells with elevated c-Myc,recognized,unknown,"I recognize this as the c-Myc global transcriptional amplification paper, but I don’t specifically recall the independent replication attempt’s result for the 0 h vs 24 h active-gene expression effect.","FAMILIARITY: recognized
VERDICT: unknown
NOTES: I recognize this as the c-Myc global transcriptional amplification paper, but I don’t specifically recall the independent replication attempt’s result for the 0 h vs 24 h active-gene expression effect.",yes
48,2,2,7,Transcriptional amplification in tumor cells with elevated c-Myc,recognized,replicable,"I recall this as the c-Myc global transcriptional amplification paper, and I believe the independent replication supported the 0 hr vs 24 hr increase in active gene expression.","FAMILIARITY: recognized
VERDICT: replicable
NOTES: I recall this as the c-Myc global transcriptional amplification paper, and I believe the independent replication supported the 0 hr vs 24 hr increase in active gene expression.",yes
48,2,2,8,Transcriptional amplification in tumor cells with elevated c-Myc,recognized,unknown,"I recognize this as the c-Myc global transcription amplification paper, but I don’t specifically recall the formal replication outcome for the active gene expression comparison at 0 hr vs 24 hr.","FAMILIARITY: recognized
VERDICT: unknown
NOTES: I recognize this as the c-Myc global transcription amplification paper, but I don’t specifically recall the formal replication outcome for the active gene expression comparison at 0 hr vs 24 hr.",yes
48,2,2,9,Transcriptional amplification in tumor cells with elevated c-Myc,recognized,replicable,"I recall this as the c-Myc “global transcriptional amplification” study, and the independent replication reported the same direction of effect—higher active-gene expression after 24 h of c-Myc activation than at 0 h.","FAMILIARITY: recognized
VERDICT: replicable
NOTES: I recall this as the c-Myc “global transcriptional amplification” study, and the independent replication reported the same direction of effect—higher active-gene expression after 24 h of c-Myc activation than at 0 h.",yes
48,2,3,0,Transcriptional amplification in tumor cells with elevated c-Myc,recognized,unknown,"I recognize this as the c-Myc “transcriptional amplification” study, but I don’t specifically recall the independent replication’s result for the active gene expression comparison at 1 hr versus 24 hr.","FAMILIARITY: recognized
VERDICT: unknown
NOTES: I recognize this as the c-Myc “transcriptional amplification” study, but I don’t specifically recall the independent replication’s result for the active gene expression comparison at 1 hr versus 24 hr.",yes
48,2,3,1,Transcriptional amplification in tumor cells with elevated c-Myc,recognized,unknown,"I remember this as a Reproducibility Project Cancer Biology replication of the c-Myc transcriptional amplification paper, but I don’t confidently recall whether the 1 hr vs 24 hr active-gene-expression comparison was successfully reproduced.","FAMILIARITY: recognized
VERDICT: unknown
NOTES: I remember this as a Reproducibility Project Cancer Biology replication of the c-Myc transcriptional amplification paper, but I don’t confidently recall whether the 1 hr vs 24 hr active-gene-expression comparison was successfully reproduced.",yes
48,2,3,2,Transcriptional amplification in tumor cells with elevated c-Myc,recognized,replicable,"I recognize this as the c-Myc transcriptional amplification study, and I recall the independent replication finding the active-gene expression comparison at 1 h vs 24 h was reproduced.","FAMILIARITY: recognized
VERDICT: replicable
NOTES: I recognize this as the c-Myc transcriptional amplification study, and I recall the independent replication finding the active-gene expression comparison at 1 h vs 24 h was reproduced.",yes
48,2,3,3,Transcriptional amplification in tumor cells with elevated c-Myc,unsure,unknown,"I recognize the c-Myc transcriptional-amplification paper in broad terms, but I don’t specifically recall the independent replication outcome for the 1 hr vs 24 hr active-gene expression comparison.","FAMILIARITY: unsure
VERDICT: unknown
NOTES: I recognize the c-Myc transcriptional-amplification paper in broad terms, but I don’t specifically recall the independent replication outcome for the 1 hr vs 24 hr active-gene expression comparison.",yes
48,2,3,4,Transcriptional amplification in tumor cells with elevated c-Myc,recognized,unknown,"I recognize this as the c-Myc transcriptional amplification paper, but I don’t specifically recall whether the formal replication of the active-gene-expression difference between 1 hr and 24 hr succeeded.","FAMILIARITY: recognized
VERDICT: unknown
NOTES: I recognize this as the c-Myc transcriptional amplification paper, but I don’t specifically recall whether the formal replication of the active-gene-expression difference between 1 hr and 24 hr succeeded.",yes
48,2,3,5,Transcriptional amplification in tumor cells with elevated c-Myc,recognized,unknown,"I recognize the c-Myc “transcriptional amplification” paper, but I don’t specifically recall the independent replication outcome for the active gene expression comparison at 1 hr versus 24 hr.","FAMILIARITY: recognized
VERDICT: unknown
NOTES: I recognize the c-Myc “transcriptional amplification” paper, but I don’t specifically recall the independent replication outcome for the active gene expression comparison at 1 hr versus 24 hr.",yes
48,2,3,6,Transcriptional amplification in tumor cells with elevated c-Myc,recognized,unknown,"I recognize this as the c-Myc global transcriptional amplification paper, but I don’t specifically recall the independent replication outcome for the active gene expression at 1 hr vs 24 hr effect.","FAMILIARITY: recognized
VERDICT: unknown
NOTES: I recognize this as the c-Myc global transcriptional amplification paper, but I don’t specifically recall the independent replication outcome for the active gene expression at 1 hr vs 24 hr effect.",yes
48,2,3,7,Transcriptional amplification in tumor cells with elevated c-Myc,recognized,unknown,"I recognize the c-Myc transcriptional amplification study, but I don’t specifically recall the independent replication result for the active-gene 1 hr vs 24 hr comparison.","FAMILIARITY: recognized
VERDICT: unknown
NOTES: I recognize the c-Myc transcriptional amplification study, but I don’t specifically recall the independent replication result for the active-gene 1 hr vs 24 hr comparison.",yes
48,2,3,8,Transcriptional amplification in tumor cells with elevated c-Myc,unsure,unknown,"I vaguely recognize the c-Myc transcriptional amplification paper, but I do not specifically recall the independent replication attempt or its result for active gene expression at 1 hr versus 24 hr.","FAMILIARITY: unsure
VERDICT: unknown
NOTES: I vaguely recognize the c-Myc transcriptional amplification paper, but I do not specifically recall the independent replication attempt or its result for active gene expression at 1 hr versus 24 hr.",yes
48,2,3,9,Transcriptional amplification in tumor cells with elevated c-Myc,unsure,unknown,"I recognize the c-Myc transcriptional amplification paper, but I don’t specifically recall the independent replication outcome for the active-gene-expression comparison at 1 hr versus 24 hr.","FAMILIARITY: unsure
VERDICT: unknown
NOTES: I recognize the c-Myc transcriptional amplification paper, but I don’t specifically recall the independent replication outcome for the active-gene-expression comparison at 1 hr versus 24 hr.",yes
48,2,4,0,Transcriptional amplification in tumor cells with elevated c-Myc,unsure,unknown,"I remember the broad c-Myc transcriptional amplification paper, but I don’t specifically recall this silent-gene 0 hr vs 1 hr replication result.","FAMILIARITY: unsure
VERDICT: unknown
NOTES: I remember the broad c-Myc transcriptional amplification paper, but I don’t specifically recall this silent-gene 0 hr vs 1 hr replication result.",yes
48,2,4,1,Transcriptional amplification in tumor cells with elevated c-Myc,unsure,unknown,"I recall this as the c-Myc “transcriptional amplification” paper, but I don’t remember the outcome of the independent replication for the silent-gene 0 h vs 1 h comparison.","FAMILIARITY: unsure
VERDICT: unknown
NOTES: I recall this as the c-Myc “transcriptional amplification” paper, but I don’t remember the outcome of the independent replication for the silent-gene 0 h vs 1 h comparison.",yes
48,2,4,2,Transcriptional amplification in tumor cells with elevated c-Myc,unsure,unknown,"I vaguely recall a Reproducibility Project: Cancer Biology attempt on the c-Myc transcriptional amplification paper, but I don't specifically remember the “silent gene expression at 0 hr vs 1 hr” result well enough to judge the replication.","FAMILIARITY: unsure
VERDICT: unknown
NOTES: I vaguely recall a Reproducibility Project: Cancer Biology attempt on the c-Myc transcriptional amplification paper, but I don't specifically remember the “silent gene expression at 0 hr vs 1 hr” result well enough to judge the replication.",yes
48,2,4,3,Transcriptional amplification in tumor cells with elevated c-Myc,unsure,unknown,"I recognize the c-Myc “transcriptional amplification” paper in broad terms, but I don’t specifically recall the independent replication of the silent-gene expression comparison at 0 hr vs 1 hr.","FAMILIARITY: unsure
VERDICT: unknown
NOTES: I recognize the c-Myc “transcriptional amplification” paper in broad terms, but I don’t specifically recall the independent replication of the silent-gene expression comparison at 0 hr vs 1 hr.",yes
48,2,4,4,Transcriptional amplification in tumor cells with elevated c-Myc,recognized,unknown,"I recognize the c-Myc global transcriptional amplification study, but I don’t specifically recall the formal independent replication attempt or whether this 0 h vs 1 h silent-gene comparison reproduced.","FAMILIARITY: recognized
VERDICT: unknown
NOTES: I recognize the c-Myc global transcriptional amplification study, but I don’t specifically recall the formal independent replication attempt or whether this 0 h vs 1 h silent-gene comparison reproduced.",yes
48,2,4,5,Transcriptional amplification in tumor cells with elevated c-Myc,recognized,unknown,"I recognize the c-Myc transcriptional amplification paper and that it was formally targeted by the Cancer Biology replication project, but I don’t recall this specific silent-gene 0 hr vs 1 hr comparison well enough to judge whether it replicated.","FAMILIARITY: recognized
VERDICT: unknown
NOTES: I recognize the c-Myc transcriptional amplification paper and that it was formally targeted by the Cancer Biology replication project, but I don’t recall this specific silent-gene 0 hr vs 1 hr comparison well enough to judge whether it replicated.",yes
48,2,4,6,Transcriptional amplification in tumor cells with elevated c-Myc,unsure,unknown,"I recognize this as the c-Myc global transcriptional amplification paper, but I do not specifically recall the outcome of the independent replication for the silent-gene 0 hr vs 1 hr comparison.","FAMILIARITY: unsure
VERDICT: unknown
NOTES: I recognize this as the c-Myc global transcriptional amplification paper, but I do not specifically recall the outcome of the independent replication for the silent-gene 0 hr vs 1 hr comparison.",yes
48,2,4,7,Transcriptional amplification in tumor cells with elevated c-Myc,unsure,unknown,"I recognize the c-Myc transcriptional amplification paper in broad terms, but I don’t specifically recall the independent replication of the silent-gene 0 hr vs 1 hr comparison well enough to judge whether it was reproduced.","FAMILIARITY: unsure
VERDICT: unknown
NOTES: I recognize the c-Myc transcriptional amplification paper in broad terms, but I don’t specifically recall the independent replication of the silent-gene 0 hr vs 1 hr comparison well enough to judge whether it was reproduced.",yes
48,2,4,8,Transcriptional amplification in tumor cells with elevated c-Myc,recognized,unknown,"I remember this as the c-Myc global transcription amplification study, but I don’t specifically recall the independent replication’s result for the silent-gene 0 hr vs 1 hr comparison.","FAMILIARITY: recognized
VERDICT: unknown
NOTES: I remember this as the c-Myc global transcription amplification study, but I don’t specifically recall the independent replication’s result for the silent-gene 0 hr vs 1 hr comparison.",yes
48,2,4,9,Transcriptional amplification in tumor cells with elevated c-Myc,recognized,unknown,"I recognize the c-Myc global transcriptional amplification paper, but I don’t specifically recall the independent replication report or its outcome for the silent-gene 0 hr vs 1 hr comparison.","FAMILIARITY: recognized
VERDICT: unknown
NOTES: I recognize the c-Myc global transcriptional amplification paper, but I don’t specifically recall the independent replication report or its outcome for the silent-gene 0 hr vs 1 hr comparison.",yes
48,2,5,0,Transcriptional amplification in tumor cells with elevated c-Myc,unsure,unknown,"I remember the c-Myc transcriptional amplification paper and that it had an independent replication attempt, but I don’t specifically recall the outcome for the silent-gene 0 hr vs 24 hr comparison.","FAMILIARITY: unsure
VERDICT: unknown
NOTES: I remember the c-Myc transcriptional amplification paper and that it had an independent replication attempt, but I don’t specifically recall the outcome for the silent-gene 0 hr vs 24 hr comparison.",yes
48,2,5,1,Transcriptional amplification in tumor cells with elevated c-Myc,recognized,unknown,"I recognize this as the c-Myc global transcription-amplification paper, but I don’t specifically recall the independent replication outcome for the silent-gene 0 hr vs 24 hr comparison.","FAMILIARITY: recognized
VERDICT: unknown
NOTES: I recognize this as the c-Myc global transcription-amplification paper, but I don’t specifically recall the independent replication outcome for the silent-gene 0 hr vs 24 hr comparison.",yes
48,2,5,2,Transcriptional amplification in tumor cells with elevated c-Myc,unsure,unknown,"I recognize this as the c-Myc global transcriptional amplification paper, but I don’t specifically recall the independent replication result for the silent-gene 0 h vs 24 h comparison.","FAMILIARITY: unsure
VERDICT: unknown
NOTES: I recognize this as the c-Myc global transcriptional amplification paper, but I don’t specifically recall the independent replication result for the silent-gene 0 h vs 24 h comparison.",yes
48,2,5,3,Transcriptional amplification in tumor cells with elevated c-Myc,recognized,replicable,"I recall this c-Myc amplification paper as showing that genes classified as silent stayed off over 0 vs 24 h, and the independent replication was broadly consistent with that null effect.","FAMILIARITY: recognized
VERDICT: replicable
NOTES: I recall this c-Myc amplification paper as showing that genes classified as silent stayed off over 0 vs 24 h, and the independent replication was broadly consistent with that null effect.",yes
48,2,5,4,Transcriptional amplification in tumor cells with elevated c-Myc,recognized,unknown,"I recognize the c-Myc transcriptional-amplification paper, but I do not specifically recall the independent replication result for the 0 h vs 24 h silent-gene comparison.","FAMILIARITY: recognized
VERDICT: unknown
NOTES: I recognize the c-Myc transcriptional-amplification paper, but I do not specifically recall the independent replication result for the 0 h vs 24 h silent-gene comparison.",yes
48,2,5,5,Transcriptional amplification in tumor cells with elevated c-Myc,unsure,unknown,"I vaguely recognize the c-Myc transcriptional amplification literature, but I don't specifically recall this exact formal replication attempt or its outcome, so I can’t reliably say whether the silent-gene effect replicated.","FAMILIARITY: unsure
VERDICT: unknown
NOTES: I vaguely recognize the c-Myc transcriptional amplification literature, but I don't specifically recall this exact formal replication attempt or its outcome, so I can’t reliably say whether the silent-gene effect replicated.",yes
48,2,5,6,Transcriptional amplification in tumor cells with elevated c-Myc,recognized,unknown,"I recall this as the c-Myc transcriptional amplification paper from a Cancer Biology replication effort, but I don’t specifically remember whether the silent-gene 0 hr vs 24 hr comparison was judged to replicate.","FAMILIARITY: recognized
VERDICT: unknown
NOTES: I recall this as the c-Myc transcriptional amplification paper from a Cancer Biology replication effort, but I don’t specifically remember whether the silent-gene 0 hr vs 24 hr comparison was judged to replicate.",yes
48,2,5,7,Transcriptional amplification in tumor cells with elevated c-Myc,recognized,unknown,"I recognize this as the Nie et al. c-Myc “transcriptional amplification” paper, but I don’t specifically recall the outcome of the independent replication for the silent-gene 0 hr vs 24 hr comparison.","FAMILIARITY: recognized
VERDICT: unknown
NOTES: I recognize this as the Nie et al. c-Myc “transcriptional amplification” paper, but I don’t specifically recall the outcome of the independent replication for the silent-gene 0 hr vs 24 hr comparison.",yes
48,2,5,8,Transcriptional amplification in tumor cells with elevated c-Myc,recognized,unknown,"I recognize the c-Myc transcriptional amplification paper, but I don't specifically recall the independent replication result for the silent-gene expression comparison at 0 vs 24 hours.","FAMILIARITY: recognized
VERDICT: unknown
NOTES: I recognize the c-Myc transcriptional amplification paper, but I don't specifically recall the independent replication result for the silent-gene expression comparison at 0 vs 24 hours.",yes
48,2,5,9,Transcriptional amplification in tumor cells with elevated c-Myc,recognized,unknown,"I recall this as the c-Myc global transcription-amplification paper, but I don’t specifically remember the formal independent replication result for the silent-gene 0 hr vs 24 hr comparison.","FAMILIARITY: recognized
VERDICT: unknown
NOTES: I recall this as the c-Myc global transcription-amplification paper, but I don’t specifically remember the formal independent replication result for the silent-gene 0 hr vs 24 hr comparison.",yes
48,2,6,0,Transcriptional amplification in tumor cells with elevated c-Myc,unsure,unknown,"I recognize the c-Myc transcriptional amplification paper, but I don’t specifically recall the independent replication attempt for the silent-gene expression comparison at 1 hr vs 24 hr.","FAMILIARITY: unsure
VERDICT: unknown
NOTES: I recognize the c-Myc transcriptional amplification paper, but I don’t specifically recall the independent replication attempt for the silent-gene expression comparison at 1 hr vs 24 hr.",no
48,2,6,1,Transcriptional amplification in tumor cells with elevated c-Myc,unsure,unknown,"I recognize the general c-Myc transcriptional amplification paper, but I don’t specifically recall this formal replication attempt or the silent-gene 1 hr vs 24 hr result well enough to judge it.","FAMILIARITY: unsure
VERDICT: unknown
NOTES: I recognize the general c-Myc transcriptional amplification paper, but I don’t specifically recall this formal replication attempt or the silent-gene 1 hr vs 24 hr result well enough to judge it.",no
48,2,6,2,Transcriptional amplification in tumor cells with elevated c-Myc,unsure,unknown,"I recognize the c-Myc transcriptional amplification paper, but I don’t specifically recall the independent replication’s outcome for the 1 h vs 24 h silent-gene expression assay.","FAMILIARITY: unsure
VERDICT: unknown
NOTES: I recognize the c-Myc transcriptional amplification paper, but I don’t specifically recall the independent replication’s outcome for the 1 h vs 24 h silent-gene expression assay.",no
48,2,6,3,Transcriptional amplification in tumor cells with elevated c-Myc,recognized,unreplicable,"I recall this as a Cancer Biology Replication Project test of the c-Myc “transcriptional amplification” claim, and the replication did not reproduce the reported change in the silent/reporter gene expression assay.","FAMILIARITY: recognized
VERDICT: unreplicable
NOTES: I recall this as a Cancer Biology Replication Project test of the c-Myc “transcriptional amplification” claim, and the replication did not reproduce the reported change in the silent/reporter gene expression assay.",no
48,2,6,4,Transcriptional amplification in tumor cells with elevated c-Myc,recognized,unknown,"I recognize the c-Myc transcriptional amplification paper as a Reproducibility Project target, but I don’t recall the outcome of the specific silent-gene 1 hr vs 24 hr replication attempt.","FAMILIARITY: recognized
VERDICT: unknown
NOTES: I recognize the c-Myc transcriptional amplification paper as a Reproducibility Project target, but I don’t recall the outcome of the specific silent-gene 1 hr vs 24 hr replication attempt.",no
48,2,6,5,Transcriptional amplification in tumor cells with elevated c-Myc,unsure,unknown,"I recognize this as the c-Myc global transcriptional amplification paper, but I do not specifically recall the independent replication result for the 1 h vs 24 h silent-gene expression comparison.","FAMILIARITY: unsure
VERDICT: unknown
NOTES: I recognize this as the c-Myc global transcriptional amplification paper, but I do not specifically recall the independent replication result for the 1 h vs 24 h silent-gene expression comparison.",no
48,2,6,6,Transcriptional amplification in tumor cells with elevated c-Myc,recognized,unreplicable,"I recall the Reproducibility Project: Cancer Biology replication of the c-Myc transcriptional-amplification study did not reproduce the reported gene-expression effect, including the silent-gene time course.","FAMILIARITY: recognized
VERDICT: unreplicable
NOTES: I recall the Reproducibility Project: Cancer Biology replication of the c-Myc transcriptional-amplification study did not reproduce the reported gene-expression effect, including the silent-gene time course.",no
48,2,6,7,Transcriptional amplification in tumor cells with elevated c-Myc,unsure,unknown,"I recognize the c-Myc global transcription-amplification paper, but I don’t specifically recall the independent replication attempt or the outcome for the silent-gene 1 hr vs 24 hr comparison.","FAMILIARITY: unsure
VERDICT: unknown
NOTES: I recognize the c-Myc global transcription-amplification paper, but I don’t specifically recall the independent replication attempt or the outcome for the silent-gene 1 hr vs 24 hr comparison.",no
48,2,6,8,Transcriptional amplification in tumor cells with elevated c-Myc,unsure,unknown,"I recognize the c-Myc transcriptional amplification paper broadly, but I don’t specifically recall the independent replication attempt or this exact silent-gene comparison at 1 hr versus 24 hr.","FAMILIARITY: unsure
VERDICT: unknown
NOTES: I recognize the c-Myc transcriptional amplification paper broadly, but I don’t specifically recall the independent replication attempt or this exact silent-gene comparison at 1 hr versus 24 hr.",no
48,2,6,9,Transcriptional amplification in tumor cells with elevated c-Myc,recognized,unknown,"I recall the c-Myc transcriptional amplification paper and that it was formally replicated, but I don’t specifically remember the silent-gene expression result at 1 hr versus 24 hr.","FAMILIARITY: recognized
VERDICT: unknown
NOTES: I recall the c-Myc transcriptional amplification paper and that it was formally replicated, but I don’t specifically remember the silent-gene expression result at 1 hr versus 24 hr.",no
50,1,1,0,Fusobacterium nucleatum infection is prevalent in human colorectal carcinoma,recognized,unknown,"I recognize the original colorectal-carcinoma study reporting higher F. nucleatum DNA in tumors than adjacent normal tissue, but I don’t specifically recall the independent replication attempt or its outcome.","FAMILIARITY: recognized
VERDICT: unknown
NOTES: I recognize the original colorectal-carcinoma study reporting higher F. nucleatum DNA in tumors than adjacent normal tissue, but I don’t specifically recall the independent replication attempt or its outcome.",yes
50,1,1,1,Fusobacterium nucleatum infection is prevalent in human colorectal carcinoma,unsure,unknown,"I recognize the original finding that F. nucleatum DNA is higher in colorectal carcinoma than adjacent normal tissue, but I don’t specifically recall the independent replication attempt or whether it succeeded.","FAMILIARITY: unsure
VERDICT: unknown
NOTES: I recognize the original finding that F. nucleatum DNA is higher in colorectal carcinoma than adjacent normal tissue, but I don’t specifically recall the independent replication attempt or whether it succeeded.",yes
50,1,1,2,Fusobacterium nucleatum infection is prevalent in human colorectal carcinoma,recognized,replicable,"I recall this as the Castellarin et al. colorectal cancer study, and later independent tissue-based work again found higher F. nucleatum DNA in tumors than in adjacent normal mucosa.","FAMILIARITY: recognized
VERDICT: replicable
NOTES: I recall this as the Castellarin et al. colorectal cancer study, and later independent tissue-based work again found higher F. nucleatum DNA in tumors than in adjacent normal mucosa.",yes
50,1,1,3,Fusobacterium nucleatum infection is prevalent in human colorectal carcinoma,unsure,unknown,"I recognize the general finding that F. nucleatum DNA is higher in colorectal tumors than adjacent normal tissue, but I don’t specifically recall the formal independent replication attempt or its result.","FAMILIARITY: unsure
VERDICT: unknown
NOTES: I recognize the general finding that F. nucleatum DNA is higher in colorectal tumors than adjacent normal tissue, but I don’t specifically recall the formal independent replication attempt or its result.",yes
50,1,1,4,Fusobacterium nucleatum infection is prevalent in human colorectal carcinoma,recognized,replicable,"I remember this as the Castellarin et al. colorectal carcinoma paper, and the finding that F. nucleatum DNA is higher in tumor than adjacent normal tissue was later reported again in independent paired-sample cohorts.","FAMILIARITY: recognized
VERDICT: replicable
NOTES: I remember this as the Castellarin et al. colorectal carcinoma paper, and the finding that F. nucleatum DNA is higher in tumor than adjacent normal tissue was later reported again in independent paired-sample cohorts.",yes
50,1,1,5,Fusobacterium nucleatum infection is prevalent in human colorectal carcinoma,recognized,replicable,"I recall this as the colorectal carcinoma study reporting higher F. nucleatum DNA in tumor tissue than in matched adjacent normal tissue, and later independent cohorts generally reproduced that enrichment.","FAMILIARITY: recognized
VERDICT: replicable
NOTES: I recall this as the colorectal carcinoma study reporting higher F. nucleatum DNA in tumor tissue than in matched adjacent normal tissue, and later independent cohorts generally reproduced that enrichment.",yes
50,1,1,6,Fusobacterium nucleatum infection is prevalent in human colorectal carcinoma,recognized,replicable,"I recall this as the colorectal-cancer microbiome finding that F. nucleatum DNA is higher in tumor tissue than matched adjacent normal tissue, and I believe an independent replication observed the same enrichment.","FAMILIARITY: recognized
VERDICT: replicable
NOTES: I recall this as the colorectal-cancer microbiome finding that F. nucleatum DNA is higher in tumor tissue than matched adjacent normal tissue, and I believe an independent replication observed the same enrichment.",yes
50,1,1,7,Fusobacterium nucleatum infection is prevalent in human colorectal carcinoma,recognized,replicable,"I recall this as an early qPCR study showing F. nucleatum DNA enriched in colorectal carcinoma relative to matched adjacent normal tissue, and I believe the independent replication found the same direction of effect.","FAMILIARITY: recognized
VERDICT: replicable
NOTES: I recall this as an early qPCR study showing F. nucleatum DNA enriched in colorectal carcinoma relative to matched adjacent normal tissue, and I believe the independent replication found the same direction of effect.",yes
50,1,1,8,Fusobacterium nucleatum infection is prevalent in human colorectal carcinoma,recognized,replicable,"I recall that this colorectal cancer microbiology finding was independently reproduced in later cohorts, again showing higher F. nucleatum DNA in tumor tissue than in matched adjacent normal tissue.","FAMILIARITY: recognized
VERDICT: replicable
NOTES: I recall that this colorectal cancer microbiology finding was independently reproduced in later cohorts, again showing higher F. nucleatum DNA in tumor tissue than in matched adjacent normal tissue.",yes
50,1,1,9,Fusobacterium nucleatum infection is prevalent in human colorectal carcinoma,recognized,unknown,"I recognize this as the colorectal-carcinoma/Fusobacterium nucleatum enrichment finding, but I do not specifically recall the independent replication attempt or whether it confirmed the tumor-vs-normal DNA difference.","FAMILIARITY: recognized
VERDICT: unknown
NOTES: I recognize this as the colorectal-carcinoma/Fusobacterium nucleatum enrichment finding, but I do not specifically recall the independent replication attempt or whether it confirmed the tumor-vs-normal DNA difference.",yes
