unit_id,run_id,title,familiarity,verdict,notes,reasoning,ground_truth
rpp.1,0,Tracing attention and the activation flow in spoken word planning using eye movements,unsure,unknown,"I don’t specifically recognize this study or its replication attempt, so I can’t reliably say whether that task × relation effect replicated.","FAMILIARITY: unsure
VERDICT: unknown
NOTES: I don’t specifically recognize this study or its replication attempt, so I can’t reliably say whether that task × relation effect replicated.",no
rpp.1,1,Tracing attention and the activation flow in spoken word planning using eye movements,unsure,unknown,"I vaguely recognize this as an eye-movement study of spoken word planning with picture naming versus word reading, but I do not specifically recall this exact finding or the outcome of its independent replication.","FAMILIARITY: unsure
VERDICT: unknown
NOTES: I vaguely recognize this as an eye-movement study of spoken word planning with picture naming versus word reading, but I do not specifically recall this exact finding or the outcome of its independent replication.",no
rpp.1,2,Tracing attention and the activation flow in spoken word planning using eye movements,unsure,unknown,"I vaguely recognize this as a spoken-word-planning eye-movement study comparing picture naming with word reading, but I do not specifically remember the independent replication attempt or its outcome.","FAMILIARITY: unsure
VERDICT: unknown
NOTES: I vaguely recognize this as a spoken-word-planning eye-movement study comparing picture naming with word reading, but I do not specifically remember the independent replication attempt or its outcome.",no
rpp.1,3,Tracing attention and the activation flow in spoken word planning using eye movements,unfamiliar,unknown,"I don't specifically recognize this study or its independent replication attempt from memory, so I can't state whether that task-by-relation effect replicated.","FAMILIARITY: unfamiliar
VERDICT: unknown
NOTES: I don't specifically recognize this study or its independent replication attempt from memory, so I can't state whether that task-by-relation effect replicated.",no
rpp.1,4,Tracing attention and the activation flow in spoken word planning using eye movements,recognized,unknown,"I recall this as an eye-movement study of picture naming versus word reading with related versus unrelated picture distractors, but I don’t specifically remember the outcome of the independent replication attempt for that task × relation interaction.","FAMILIARITY: recognized
VERDICT: unknown
NOTES: I recall this as an eye-movement study of picture naming versus word reading with related versus unrelated picture distractors, but I don’t specifically remember the outcome of the independent replication attempt for that task × relation interaction.",no
rpp.1,5,Tracing attention and the activation flow in spoken word planning using eye movements,unsure,unknown,"I vaguely recall a spoken-word-planning eye-tracking study with picture naming versus word reading, but I do not specifically recognize this exact replication attempt or its outcome.","FAMILIARITY: unsure
VERDICT: unknown
NOTES: I vaguely recall a spoken-word-planning eye-tracking study with picture naming versus word reading, but I do not specifically recognize this exact replication attempt or its outcome.",no
rpp.1,6,Tracing attention and the activation flow in spoken word planning using eye movements,unsure,unknown,"I vaguely recognize this as a psycholinguistic eye-tracking study on picture naming versus word reading, but I don’t specifically recall the independent replication outcome for this interaction.","FAMILIARITY: unsure
VERDICT: unknown
NOTES: I vaguely recognize this as a psycholinguistic eye-tracking study on picture naming versus word reading, but I don’t specifically recall the independent replication outcome for this interaction.",no
rpp.1,7,Tracing attention and the activation flow in spoken word planning using eye movements,unsure,unknown,"I vaguely recognize the spoken-word-planning eye-tracking paradigm, but I do not specifically recall this paper’s formal independent replication attempt or its outcome.","FAMILIARITY: unsure
VERDICT: unknown
NOTES: I vaguely recognize the spoken-word-planning eye-tracking paradigm, but I do not specifically recall this paper’s formal independent replication attempt or its outcome.",no
rpp.1,8,Tracing attention and the activation flow in spoken word planning using eye movements,unsure,unknown,"I vaguely recognize the general spoken-word-planning/eye-movement paradigm, but I do not specifically recognize this exact study or its formal replication attempt well enough to judge the replication outcome.","FAMILIARITY: unsure
VERDICT: unknown
NOTES: I vaguely recognize the general spoken-word-planning/eye-movement paradigm, but I do not specifically recognize this exact study or its formal replication attempt well enough to judge the replication outcome.",no
rpp.1,9,Tracing attention and the activation flow in spoken word planning using eye movements,unfamiliar,unknown,"I don’t specifically recognize this study or its replication attempt, so I can’t reliably say whether the task × relation interaction replicated.","FAMILIARITY: unfamiliar
VERDICT: unknown
NOTES: I don’t specifically recognize this study or its replication attempt, so I can’t reliably say whether the task × relation interaction replicated.",no
rpp.10,0,Acrossnotation automatic numerical processing,unfamiliar,unknown,"I don’t specifically recognize this study and its independent replication attempt from memory, so I can’t reliably ասել whether the numerical-matching distance effect replicated.","FAMILIARITY: unfamiliar
VERDICT: unknown
NOTES: I don’t specifically recognize this study and its independent replication attempt from memory, so I can’t reliably ասել whether the numerical-matching distance effect replicated.",yes
rpp.10,1,Acrossnotation automatic numerical processing,unsure,unknown,"I recognize this as a numerical cognition study about a distance effect in cross-notation matching, but I do not specifically recall the independent replication outcome.","FAMILIARITY: unsure
VERDICT: unknown
NOTES: I recognize this as a numerical cognition study about a distance effect in cross-notation matching, but I do not specifically recall the independent replication outcome.",yes
rpp.10,2,Acrossnotation automatic numerical processing,unsure,unknown,"I vaguely recall a symbolic-number matching/distance-effect study, but I do not specifically recognize this title or its independent replication attempt.","FAMILIARITY: unsure
VERDICT: unknown
NOTES: I vaguely recall a symbolic-number matching/distance-effect study, but I do not specifically recognize this title or its independent replication attempt.",yes
rpp.10,3,Acrossnotation automatic numerical processing,unsure,unknown,"I recognize the general literature on automatic numerical processing and distance effects in matching tasks, but I do not specifically recall this exact study or a formal independent replication result.","FAMILIARITY: unsure
VERDICT: unknown
NOTES: I recognize the general literature on automatic numerical processing and distance effects in matching tasks, but I do not specifically recall this exact study or a formal independent replication result.",yes
rpp.10,4,Acrossnotation automatic numerical processing,unsure,unknown,"I vaguely recall a classic automatic number-processing/matching effect, but I don't specifically recognize this exact study or its independent replication outcome from the title alone.","FAMILIARITY: unsure
VERDICT: unknown
NOTES: I vaguely recall a classic automatic number-processing/matching effect, but I don't specifically recognize this exact study or its independent replication outcome from the title alone.",yes
rpp.10,5,Acrossnotation automatic numerical processing,unsure,unknown,"I vaguely recognize a number-matching distance-effect paradigm, but I do not specifically recall this exact study or the outcome of its formal independent replication attempt.","FAMILIARITY: unsure
VERDICT: unknown
NOTES: I vaguely recognize a number-matching distance-effect paradigm, but I do not specifically recall this exact study or the outcome of its formal independent replication attempt.",yes
rpp.10,6,Acrossnotation automatic numerical processing,unfamiliar,unknown,"I don’t specifically recognize this study/replication pair from memory, so I can’t reliably say whether the comparative distance effect replicated.","FAMILIARITY: unfamiliar
VERDICT: unknown
NOTES: I don’t specifically recognize this study/replication pair from memory, so I can’t reliably say whether the comparative distance effect replicated.",yes
rpp.10,7,Acrossnotation automatic numerical processing,unsure,unknown,"I vaguely recall a cross-notation numerical matching study reporting a comparative/distance effect, but I do not specifically recall the independent replication attempt or its outcome.","FAMILIARITY: unsure
VERDICT: unknown
NOTES: I vaguely recall a cross-notation numerical matching study reporting a comparative/distance effect, but I do not specifically recall the independent replication attempt or its outcome.",yes
rpp.10,8,Acrossnotation automatic numerical processing,unsure,unknown,"I vaguely recall a classic numerical-matching study showing a distance effect for automatic magnitude processing across notations, but I don’t specifically recall the independent replication attempt or whether it succeeded.","FAMILIARITY: unsure  
VERDICT: unknown  
NOTES: I vaguely recall a classic numerical-matching study showing a distance effect for automatic magnitude processing across notations, but I don’t specifically recall the independent replication attempt or whether it succeeded.",yes
rpp.10,9,Acrossnotation automatic numerical processing,unsure,unknown,"I vaguely recall a numerical matching/distance-effect paradigm across notation, but I do not specifically remember the independent replication attempt or whether it succeeded.","FAMILIARITY: unsure
VERDICT: unknown
NOTES: I vaguely recall a numerical matching/distance-effect paradigm across notation, but I do not specifically remember the independent replication attempt or whether it succeeded.",yes
rpp.104,0,Effects of fluency on psychological distance and mental construal or why New York is a large city but New York is a civilized jungle,recognized,unknown,"I recognize the Hansen/Wänke fluency-to-construal finding, but I don’t specifically recall the independent replication attempt or its result.","FAMILIARITY: recognized
VERDICT: unknown
NOTES: I recognize the Hansen/Wänke fluency-to-construal finding, but I don’t specifically recall the independent replication attempt or its result.",no
rpp.104,1,Effects of fluency on psychological distance and mental construal or why New York is a large city but New York is a civilized jungle,recognized,unknown,"I recognize the original fluency/construal paper with the New York example, but I do not specifically recall the outcome of the independent replication of the concrete-description preference effect.","FAMILIARITY: recognized
VERDICT: unknown
NOTES: I recognize the original fluency/construal paper with the New York example, but I do not specifically recall the outcome of the independent replication of the concrete-description preference effect.",no
rpp.104,2,Effects of fluency on psychological distance and mental construal or why New York is a large city but New York is a civilized jungle,unsure,unknown,"I recognize this as the Fiedler et al. fluency–construal paper, but I don’t specifically recall the independent replication attempt or its result.","FAMILIARITY: unsure
VERDICT: unknown
NOTES: I recognize this as the Fiedler et al. fluency–construal paper, but I don’t specifically recall the independent replication attempt or its result.",no
rpp.104,3,Effects of fluency on psychological distance and mental construal or why New York is a large city but New York is a civilized jungle,unsure,unknown,"I recall this as a fluency/construal study in which fluent primes were expected to elicit more concrete representations, but I don’t specifically remember the independent replication attempt or its outcome.","FAMILIARITY: unsure
VERDICT: unknown
NOTES: I recall this as a fluency/construal study in which fluent primes were expected to elicit more concrete representations, but I don’t specifically remember the independent replication attempt or its outcome.",no
rpp.104,4,Effects of fluency on psychological distance and mental construal or why New York is a large city but New York is a civilized jungle,unsure,unknown,"I recognize this as the conceptual-fluency/mental-construal paper with the New York “large city vs civilized jungle” example, but I don’t specifically recall the independent replication outcome for the concrete-description preference effect.","FAMILIARITY: unsure
VERDICT: unknown
NOTES: I recognize this as the conceptual-fluency/mental-construal paper with the New York “large city vs civilized jungle” example, but I don’t specifically recall the independent replication outcome for the concrete-description preference effect.",no
rpp.104,5,Effects of fluency on psychological distance and mental construal or why New York is a large city but New York is a civilized jungle,unsure,unknown,"I recognize this only as a conceptual-fluency/psychological-distance construal study by title, but I do not specifically recall the independent replication attempt or its outcome.","FAMILIARITY: unsure
VERDICT: unknown
NOTES: I recognize this only as a conceptual-fluency/psychological-distance construal study by title, but I do not specifically recall the independent replication attempt or its outcome.",no
rpp.104,6,Effects of fluency on psychological distance and mental construal or why New York is a large city but New York is a civilized jungle,unsure,unknown,"I have a vague recollection of a fluency-to-construal-level effect from this line of work, but I do not specifically recognize the named study or its formal replication attempt well enough to report whether that particular concrete-description preference replicated.","FAMILIARITY: unsure
VERDICT: unknown
NOTES: I have a vague recollection of a fluency-to-construal-level effect from this line of work, but I do not specifically recognize the named study or its formal replication attempt well enough to report whether that particular concrete-description preference replicated.",no
rpp.104,7,Effects of fluency on psychological distance and mental construal or why New York is a large city but New York is a civilized jungle,unsure,unknown,"I recognize the general fluency/construal paper title, but I don't specifically recall the formal independent replication attempt or whether that exact concreteness-preference effect replicated.","FAMILIARITY: unsure
VERDICT: unknown
NOTES: I recognize the general fluency/construal paper title, but I don't specifically recall the formal independent replication attempt or whether that exact concreteness-preference effect replicated.",no
rpp.104,8,Effects of fluency on psychological distance and mental construal or why New York is a large city but New York is a civilized jungle,unsure,unknown,"I remember the original fluency-to-construal idea in broad terms, but I don’t specifically recall the independent replication attempt or its outcome.","FAMILIARITY: unsure
VERDICT: unknown
NOTES: I remember the original fluency-to-construal idea in broad terms, but I don’t specifically recall the independent replication attempt or its outcome.",no
rpp.104,9,Effects of fluency on psychological distance and mental construal or why New York is a large city but New York is a civilized jungle,unsure,unknown,"I recognize this as the fluency/construal-level finding where conceptual fluency led to more concrete construal of a prime, but I don’t specifically recall the independent replication attempt or its result.","FAMILIARITY: unsure
VERDICT: unknown
NOTES: I recognize this as the fluency/construal-level finding where conceptual fluency led to more concrete construal of a prime, but I don’t specifically recall the independent replication attempt or its result.",no
rpp.106,0,More than meets the eye the role of language in binding and maintaining feature conjunctions,unsure,unknown,"I vaguely recognize this as a developmental working-memory study on whether directional spatial language improves children’s color-shape conjunction memory, but I don’t recall the independent replication outcome.","FAMILIARITY: unsure
VERDICT: unknown
NOTES: I vaguely recognize this as a developmental working-memory study on whether directional spatial language improves children’s color-shape conjunction memory, but I don’t recall the independent replication outcome.",no
rpp.106,1,More than meets the eye the role of language in binding and maintaining feature conjunctions,unsure,unknown,"I vaguely recognize the original developmental-language/feature-binding study, but I do not specifically recall the independent replication attempt or its outcome.","FAMILIARITY: unsure  
VERDICT: unknown  
NOTES: I vaguely recognize the original developmental-language/feature-binding study, but I do not specifically recall the independent replication attempt or its outcome.",no
rpp.106,2,More than meets the eye the role of language in binding and maintaining feature conjunctions,unsure,unknown,"I vaguely recognize this as a child spatial-language/feature-binding study, but I don’t specifically recall the independent replication attempt or its outcome.","FAMILIARITY: unsure
VERDICT: unknown
NOTES: I vaguely recognize this as a child spatial-language/feature-binding study, but I don’t specifically recall the independent replication attempt or its outcome.",no
rpp.106,3,More than meets the eye the role of language in binding and maintaining feature conjunctions,unsure,unknown,"I vaguely recognize this as a developmental language-and-working-memory study about spatial prepositions aiding feature binding, but I do not specifically recall the formal independent replication attempt or its result.","FAMILIARITY: unsure
VERDICT: unknown
NOTES: I vaguely recognize this as a developmental language-and-working-memory study about spatial prepositions aiding feature binding, but I do not specifically recall the formal independent replication attempt or its result.",no
rpp.106,4,More than meets the eye the role of language in binding and maintaining feature conjunctions,unsure,unknown,"I vaguely recognize this as a developmental working-memory/language study about spatial direction terms and feature binding, but I do not specifically recall the independent replication attempt or its outcome.","FAMILIARITY: unsure
VERDICT: unknown
NOTES: I vaguely recognize this as a developmental working-memory/language study about spatial direction terms and feature binding, but I do not specifically recall the independent replication attempt or its outcome.",no
rpp.106,5,More than meets the eye the role of language in binding and maintaining feature conjunctions,unsure,unknown,"I vaguely recognize this as a developmental language/feature-binding study, but I don’t specifically recall the independent replication result.","FAMILIARITY: unsure
VERDICT: unknown
NOTES: I vaguely recognize this as a developmental language/feature-binding study, but I don’t specifically recall the independent replication result.",no
rpp.106,6,More than meets the eye the role of language in binding and maintaining feature conjunctions,unsure,unknown,"I vaguely recognize this as a child spatial-language/feature-binding study, but I do not specifically recall a formal independent replication attempt or its outcome.","FAMILIARITY: unsure
VERDICT: unknown
NOTES: I vaguely recognize this as a child spatial-language/feature-binding study, but I do not specifically recall a formal independent replication attempt or its outcome.",no
rpp.106,7,More than meets the eye the role of language in binding and maintaining feature conjunctions,unfamiliar,unknown,"I don’t specifically recognize this paper or its independent replication attempt from memory, so I can’t reliably say whether the directional-language effect replicated.","FAMILIARITY: unfamiliar
VERDICT: unknown
NOTES: I don’t specifically recognize this paper or its independent replication attempt from memory, so I can’t reliably say whether the directional-language effect replicated.",no
rpp.106,8,More than meets the eye the role of language in binding and maintaining feature conjunctions,unsure,unknown,"I vaguely recall this as a child language/visual feature-binding study, but I do not specifically recall the independent replication attempt or its outcome.","FAMILIARITY: unsure
VERDICT: unknown
NOTES: I vaguely recall this as a child language/visual feature-binding study, but I do not specifically recall the independent replication attempt or its outcome.",no
rpp.106,9,More than meets the eye the role of language in binding and maintaining feature conjunctions,unsure,unknown,"I vaguely recognize this as a study on children’s visual feature binding aided by directional spatial language, but I don’t specifically recall the independent replication attempt or its outcome.","FAMILIARITY: unsure
VERDICT: unknown
NOTES: I vaguely recognize this as a study on children’s visual feature binding aided by directional spatial language, but I don’t specifically recall the independent replication attempt or its outcome.",no
rpp.107,0,Nonconscious goal pursuit in novel environments The case of implicit learning,unsure,unknown,"I vaguely recognize this as the Aarts/Custers implicit-learning goal-priming paper, but I don’t specifically recall the independent replication attempt or its outcome.","FAMILIARITY: unsure
VERDICT: unknown
NOTES: I vaguely recognize this as the Aarts/Custers implicit-learning goal-priming paper, but I don’t specifically recall the independent replication attempt or its outcome.",no
rpp.107,1,Nonconscious goal pursuit in novel environments The case of implicit learning,unsure,unknown,"I vaguely recognize this as the Aarts/Custers implicit-learning goal-priming study, but I do not specifically recall the independent replication attempt or its outcome.","FAMILIARITY: unsure
VERDICT: unknown
NOTES: I vaguely recognize this as the Aarts/Custers implicit-learning goal-priming study, but I do not specifically recall the independent replication attempt or its outcome.",no
rpp.107,2,Nonconscious goal pursuit in novel environments The case of implicit learning,unsure,unknown,"I vaguely recognize this as an achievement-goal priming implicit-learning study, but I don’t specifically recall the independent replication attempt or its outcome.","FAMILIARITY: unsure
VERDICT: unknown
NOTES: I vaguely recognize this as an achievement-goal priming implicit-learning study, but I don’t specifically recall the independent replication attempt or its outcome.",no
rpp.107,3,Nonconscious goal pursuit in novel environments The case of implicit learning,unsure,unknown,"I recognize this as a nonconscious goal-priming/implicit learning paper, but I do not specifically recall the independent replication attempt or its result.","FAMILIARITY: unsure
VERDICT: unknown
NOTES: I recognize this as a nonconscious goal-priming/implicit learning paper, but I do not specifically recall the independent replication attempt or its result.",no
rpp.107,4,Nonconscious goal pursuit in novel environments The case of implicit learning,recognized,unknown,"I recognize this as the Aarts/Dijksterhuis implicit-learning goal-priming study, but I don’t specifically recall the outcome of the formal independent replication attempt of that learning advantage.","FAMILIARITY: recognized
VERDICT: unknown
NOTES: I recognize this as the Aarts/Dijksterhuis implicit-learning goal-priming study, but I don’t specifically recall the outcome of the formal independent replication attempt of that learning advantage.",no
rpp.107,5,Nonconscious goal pursuit in novel environments The case of implicit learning,unsure,unknown,"I vaguely recall Aarts et al.'s implicit-learning goal-priming study, but I don't specifically remember the outcome of the independent replication attempt for that effect.","FAMILIARITY: unsure
VERDICT: unknown
NOTES: I vaguely recall Aarts et al.'s implicit-learning goal-priming study, but I don't specifically remember the outcome of the independent replication attempt for that effect.",no
rpp.107,6,Nonconscious goal pursuit in novel environments The case of implicit learning,unsure,unknown,"I recognize this as the Aarts/Custers implicit-learning achievement-goal priming study, but I don’t specifically recall the independent replication attempt or its outcome.","FAMILIARITY: unsure
VERDICT: unknown
NOTES: I recognize this as the Aarts/Custers implicit-learning achievement-goal priming study, but I don’t specifically recall the independent replication attempt or its outcome.",no
rpp.107,7,Nonconscious goal pursuit in novel environments The case of implicit learning,recognized,unreplicable,I recall this as a goal-priming implicit-learning study in which an independent replication did not reproduce the original learning advantage.,"FAMILIARITY: recognized
VERDICT: unreplicable
NOTES: I recall this as a goal-priming implicit-learning study in which an independent replication did not reproduce the original learning advantage.",no
rpp.107,8,Nonconscious goal pursuit in novel environments The case of implicit learning,recognized,unreplicable,"I recall this as a nonconscious goal-priming implicit-learning effect, and the direct replication I remember did not reproduce the learning advantage for goal-primed participants.","FAMILIARITY: recognized
VERDICT: unreplicable
NOTES: I recall this as a nonconscious goal-priming implicit-learning effect, and the direct replication I remember did not reproduce the learning advantage for goal-primed participants.",no
rpp.107,9,Nonconscious goal pursuit in novel environments The case of implicit learning,unsure,unknown,"I vaguely recall a Bargh-era social-priming study on implicit learning, but I do not specifically remember the outcome of any independent replication attempt.","FAMILIARITY: unsure
VERDICT: unknown
NOTES: I vaguely recall a Bargh-era social-priming study on implicit learning, but I do not specifically remember the outcome of any independent replication attempt.",no
rpp.11,0,Attractor dynamics and semantic neighborhood density Processing is slowed by near neighbors and speeded by distant neighbors,unsure,unknown,"I recognize the general semantic-neighborhood-density finding about dense near neighbors slowing categorization, but I do not specifically recall the independent replication attempt or its outcome.","FAMILIARITY: unsure
VERDICT: unknown
NOTES: I recognize the general semantic-neighborhood-density finding about dense near neighbors slowing categorization, but I do not specifically recall the independent replication attempt or its outcome.",yes
rpp.11,1,Attractor dynamics and semantic neighborhood density Processing is slowed by near neighbors and speeded by distant neighbors,unsure,unknown,"I remember the general semantic-neighborhood-density effect, but I do not specifically recall the formal independent replication attempt or its result for this study.","FAMILIARITY: unsure
VERDICT: unknown
NOTES: I remember the general semantic-neighborhood-density effect, but I do not specifically recall the formal independent replication attempt or its result for this study.",yes
rpp.11,2,Attractor dynamics and semantic neighborhood density Processing is slowed by near neighbors and speeded by distant neighbors,unsure,unknown,"I recognize the general semantic neighborhood density finding, but I don’t specifically recall the formal independent replication attempt or its outcome for this exact study.","FAMILIARITY: unsure
VERDICT: unknown
NOTES: I recognize the general semantic neighborhood density finding, but I don’t specifically recall the formal independent replication attempt or its outcome for this exact study.",yes
rpp.11,3,Attractor dynamics and semantic neighborhood density Processing is slowed by near neighbors and speeded by distant neighbors,unsure,unknown,"I vaguely recognize this as a semantic neighborhood density finding in categorization, but I don’t specifically recall the independent replication attempt or its outcome.","FAMILIARITY: unsure
VERDICT: unknown
NOTES: I vaguely recognize this as a semantic neighborhood density finding in categorization, but I don’t specifically recall the independent replication attempt or its outcome.",yes
rpp.11,4,Attractor dynamics and semantic neighborhood density Processing is slowed by near neighbors and speeded by distant neighbors,recognized,unknown,"I recall this as the semantic neighborhood density effect where dense near neighbors slowed categorization, but I do not specifically remember the formal independent replication attempt or its outcome.","FAMILIARITY: recognized
VERDICT: unknown
NOTES: I recall this as the semantic neighborhood density effect where dense near neighbors slowed categorization, but I do not specifically remember the formal independent replication attempt or its outcome.",yes
rpp.11,5,Attractor dynamics and semantic neighborhood density Processing is slowed by near neighbors and speeded by distant neighbors,unsure,unknown,"I vaguely recognize the semantic neighborhood density finding, but I do not specifically recall the formal independent replication attempt or its outcome.","FAMILIARITY: unsure
VERDICT: unknown
NOTES: I vaguely recognize the semantic neighborhood density finding, but I do not specifically recall the formal independent replication attempt or its outcome.",yes
rpp.11,6,Attractor dynamics and semantic neighborhood density Processing is slowed by near neighbors and speeded by distant neighbors,unsure,unknown,"I recognize the general semantic neighborhood density effect, but I don’t specifically recall this exact study or the outcome of its independent replication attempt.","FAMILIARITY: unsure
VERDICT: unknown
NOTES: I recognize the general semantic neighborhood density effect, but I don’t specifically recall this exact study or the outcome of its independent replication attempt.",yes
rpp.11,7,Attractor dynamics and semantic neighborhood density Processing is slowed by near neighbors and speeded by distant neighbors,unsure,unknown,"I vaguely recognize the semantic neighborhood-density finding about near-neighbor slowing in category judgments, but I do not specifically recall the independent replication attempt or its outcome.","FAMILIARITY: unsure
VERDICT: unknown
NOTES: I vaguely recognize the semantic neighborhood-density finding about near-neighbor slowing in category judgments, but I do not specifically recall the independent replication attempt or its outcome.",yes
rpp.11,8,Attractor dynamics and semantic neighborhood density Processing is slowed by near neighbors and speeded by distant neighbors,recognized,replicable,"I recall this as the semantic neighborhood density finding from categorization work, and the near-neighbor slowing effect is the part that was independently reproduced in later replication work.","FAMILIARITY: recognized
VERDICT: replicable
NOTES: I recall this as the semantic neighborhood density finding from categorization work, and the near-neighbor slowing effect is the part that was independently reproduced in later replication work.",yes
rpp.11,9,Attractor dynamics and semantic neighborhood density Processing is slowed by near neighbors and speeded by distant neighbors,unfamiliar,unknown,"I don’t specifically recognize this study and its formal independent replication attempt from memory, so I can’t reliably say whether the effect replicated.","FAMILIARITY: unfamiliar
VERDICT: unknown
NOTES: I don’t specifically recognize this study and its formal independent replication attempt from memory, so I can’t reliably say whether the effect replicated.",yes
rpp.110,0,Perceptual mechanisms that characterize gender differences in decoding womens sexual intent,unsure,unknown,"I recognize the general line of research on men’s lower sensitivity to women’s sexual interest versus friendliness, but I do not specifically recall this exact study or any formal independent replication attempt of it.","FAMILIARITY: unsure
VERDICT: unknown
NOTES: I recognize the general line of research on men’s lower sensitivity to women’s sexual interest versus friendliness, but I do not specifically recall this exact study or any formal independent replication attempt of it.",no
rpp.110,1,Perceptual mechanisms that characterize gender differences in decoding womens sexual intent,unsure,unknown,"I recognize this as work on men’s greater tendency to misread women’s sexual intent, but I don’t specifically recall the independent replication attempt or whether it supported the original sensitivity difference.","FAMILIARITY: unsure
VERDICT: unknown
NOTES: I recognize this as work on men’s greater tendency to misread women’s sexual intent, but I don’t specifically recall the independent replication attempt or whether it supported the original sensitivity difference.",no
rpp.110,2,Perceptual mechanisms that characterize gender differences in decoding womens sexual intent,recognized,unknown,"I recognize this as the classic finding that men showed lower sensitivity than women in distinguishing friendliness from sexual interest, but I do not specifically recall the independent replication attempt or its outcome.","FAMILIARITY: recognized
VERDICT: unknown
NOTES: I recognize this as the classic finding that men showed lower sensitivity than women in distinguishing friendliness from sexual interest, but I do not specifically recall the independent replication attempt or its outcome.",no
rpp.110,3,Perceptual mechanisms that characterize gender differences in decoding womens sexual intent,unsure,unknown,"I vaguely recall this as an error-management/sexual-intent judgment study showing men were less sensitive to friendliness vs. sexual interest, but I don’t specifically recognize the independent replication or its result.","FAMILIARITY: unsure  
VERDICT: unknown  
NOTES: I vaguely recall this as an error-management/sexual-intent judgment study showing men were less sensitive to friendliness vs. sexual interest, but I don’t specifically recognize the independent replication or its result.",no
rpp.110,4,Perceptual mechanisms that characterize gender differences in decoding womens sexual intent,unsure,unknown,"I recognize the general literature on men being less sensitive than women to women’s sexual intent, but I don’t specifically recall the formal replication attempt or its outcome.","FAMILIARITY: unsure
VERDICT: unknown
NOTES: I recognize the general literature on men being less sensitive than women to women’s sexual intent, but I don’t specifically recall the formal replication attempt or its outcome.",no
rpp.110,5,Perceptual mechanisms that characterize gender differences in decoding womens sexual intent,unsure,unknown,"I recognize the general Haselton/Buss line of work on men’s overperception of women’s sexual intent, but I don’t specifically recall the outcome of the formal independent replication for this exact signal-detection finding.","FAMILIARITY: unsure
VERDICT: unknown
NOTES: I recognize the general Haselton/Buss line of work on men’s overperception of women’s sexual intent, but I don’t specifically recall the outcome of the formal independent replication for this exact signal-detection finding.",no
rpp.110,6,Perceptual mechanisms that characterize gender differences in decoding womens sexual intent,unfamiliar,unknown,"I don’t specifically recognize this study or a formal independent replication of this exact finding, so I can’t reliably judge its replicability.","FAMILIARITY: unfamiliar
VERDICT: unknown
NOTES: I don’t specifically recognize this study or a formal independent replication of this exact finding, so I can’t reliably judge its replicability.",no
rpp.110,7,Perceptual mechanisms that characterize gender differences in decoding womens sexual intent,unsure,unknown,"I vaguely recognize the evolutionary-psychology study on judging women’s sexual intent, but I don’t specifically recall the independent replication attempt or its outcome.","FAMILIARITY: unsure
VERDICT: unknown
NOTES: I vaguely recognize the evolutionary-psychology study on judging women’s sexual intent, but I don’t specifically recall the independent replication attempt or its outcome.",no
rpp.110,8,Perceptual mechanisms that characterize gender differences in decoding womens sexual intent,unsure,unknown,"I vaguely recall this as a signal-detection study on men’s poorer discrimination of friendliness versus sexual interest in women, but I do not specifically remember the independent replication attempt or its outcome.","FAMILIARITY: unsure
VERDICT: unknown
NOTES: I vaguely recall this as a signal-detection study on men’s poorer discrimination of friendliness versus sexual interest in women, but I do not specifically remember the independent replication attempt or its outcome.",no
rpp.110,9,Perceptual mechanisms that characterize gender differences in decoding womens sexual intent,recognized,unknown,"I recognize this as the Maner et al. signal-detection study on decoding women’s sexual intent, but I don’t specifically recall the outcome of the later independent replication attempt.","FAMILIARITY: recognized
VERDICT: unknown
NOTES: I recognize this as the Maner et al. signal-detection study on decoding women’s sexual intent, but I don’t specifically recall the outcome of the later independent replication attempt.",no
rpp.111,0,Precision of the anchor influences the amount of adjustment,unsure,unknown,"I recognize the general precise-vs-round anchoring finding that more precise anchors can reduce adjustment, but I don’t specifically recall the independent replication attempt or its outcome.","FAMILIARITY: unsure
VERDICT: unknown
NOTES: I recognize the general precise-vs-round anchoring finding that more precise anchors can reduce adjustment, but I don’t specifically recall the independent replication attempt or its outcome.",yes
rpp.111,1,Precision of the anchor influences the amount of adjustment,recognized,unknown,"I recognize this as the Janiszewski & Uy anchor-precision finding (more precise anchors lead to less adjustment), but I don’t specifically recall the outcome of the independent replication attempt.","FAMILIARITY: recognized
VERDICT: unknown
NOTES: I recognize this as the Janiszewski & Uy anchor-precision finding (more precise anchors lead to less adjustment), but I don’t specifically recall the outcome of the independent replication attempt.",yes
rpp.111,2,Precision of the anchor influences the amount of adjustment,unsure,unknown,"I vaguely recognize this as the anchoring-precision effect (more precise anchors can reduce adjustment), but I don’t specifically recall the independent replication attempt well enough to say whether it replicated.","FAMILIARITY: unsure
VERDICT: unknown
NOTES: I vaguely recognize this as the anchoring-precision effect (more precise anchors can reduce adjustment), but I don’t specifically recall the independent replication attempt well enough to say whether it replicated.",yes
rpp.111,3,Precision of the anchor influences the amount of adjustment,unsure,unknown,"I recognize Janiszewski & Uy’s precise-vs-round anchor adjustment finding, but I don’t specifically recall the independent replication’s outcome.","FAMILIARITY: unsure
VERDICT: unknown
NOTES: I recognize Janiszewski & Uy’s precise-vs-round anchor adjustment finding, but I don’t specifically recall the independent replication’s outcome.",yes
rpp.111,4,Precision of the anchor influences the amount of adjustment,recognized,unknown,"I recognize Janiszewski and Uy’s anchoring paper reporting that more precise anchors led to less adjustment, but I don’t specifically recall the independent replication attempt or its outcome.","FAMILIARITY: recognized
VERDICT: unknown
NOTES: I recognize Janiszewski and Uy’s anchoring paper reporting that more precise anchors led to less adjustment, but I don’t specifically recall the independent replication attempt or its outcome.",yes
rpp.111,5,Precision of the anchor influences the amount of adjustment,unsure,unknown,"I remember this as an anchoring study by Janiszewski and Uy in which more precise anchors led to less adjustment, but I don’t specifically recall the outcome of the independent replication attempt.","FAMILIARITY: unsure
VERDICT: unknown
NOTES: I remember this as an anchoring study by Janiszewski and Uy in which more precise anchors led to less adjustment, but I don’t specifically recall the outcome of the independent replication attempt.",yes
rpp.111,6,Precision of the anchor influences the amount of adjustment,unsure,unknown,"I recognize this as the anchoring/precision effect in general, but I do not specifically recall the independent replication attempt or its outcome well enough to judge.","FAMILIARITY: unsure
VERDICT: unknown
NOTES: I recognize this as the anchoring/precision effect in general, but I do not specifically recall the independent replication attempt or its outcome well enough to judge.",yes
rpp.111,7,Precision of the anchor influences the amount of adjustment,unsure,unknown,"This sounds like Janiszewski & Uy’s finding that more precise anchors reduce adjustment, but I don’t specifically recall the details or outcome of any formal independent replication attempt.","FAMILIARITY: unsure
VERDICT: unknown
NOTES: This sounds like Janiszewski & Uy’s finding that more precise anchors reduce adjustment, but I don’t specifically recall the details or outcome of any formal independent replication attempt.",yes
rpp.111,8,Precision of the anchor influences the amount of adjustment,unsure,unknown,"I vaguely remember a classic anchoring study finding that more precise anchors reduce adjustment, but I don’t specifically recall the independent replication attempt or its outcome.","FAMILIARITY: unsure
VERDICT: unknown
NOTES: I vaguely remember a classic anchoring study finding that more precise anchors reduce adjustment, but I don’t specifically recall the independent replication attempt or its outcome.",yes
rpp.111,9,Precision of the anchor influences the amount of adjustment,unsure,unknown,"I vaguely recall the Janiszewski & Uy anchoring-precision finding that more precise numeric anchors reduce adjustment, but I don’t specifically remember the independent replication attempt or its result.","FAMILIARITY: unsure
VERDICT: unknown
NOTES: I vaguely recall the Janiszewski & Uy anchoring-precision finding that more precise numeric anchors reduce adjustment, but I don’t specifically remember the independent replication attempt or its result.",yes
rpp.112,0,Action dynamics reveal parallel competition in decision making,unsure,unknown,"I vaguely recognize this action-dynamics/mouse-tracking study and the truth-value entropy effect, but I do not specifically recall the independent replication attempt or its outcome.","FAMILIARITY: unsure
VERDICT: unknown
NOTES: I vaguely recognize this action-dynamics/mouse-tracking study and the truth-value entropy effect, but I do not specifically recall the independent replication attempt or its outcome.",yes
rpp.112,1,Action dynamics reveal parallel competition in decision making,unsure,unknown,"I recognize this as a mouse-tracking/action-dynamics truth-value study, but I don’t specifically recall the independent replication attempt or whether the sample-entropy effect held up.","FAMILIARITY: unsure
VERDICT: unknown
NOTES: I recognize this as a mouse-tracking/action-dynamics truth-value study, but I don’t specifically recall the independent replication attempt or whether the sample-entropy effect held up.",yes
rpp.112,2,Action dynamics reveal parallel competition in decision making,unsure,unknown,"I vaguely recognize the action-dynamics/mouse-tracking paper, but I don’t specifically recall the independent replication or whether this sample-entropy effect held up.","FAMILIARITY: unsure
VERDICT: unknown
NOTES: I vaguely recognize the action-dynamics/mouse-tracking paper, but I don’t specifically recall the independent replication or whether this sample-entropy effect held up.",yes
rpp.112,3,Action dynamics reveal parallel competition in decision making,recognized,unknown,"I remember this as a mouse-tracking/action-dynamics study where sample entropy was higher for middle-truth-value questions, but I do not specifically recall the independent replication attempt or its outcome.","FAMILIARITY: recognized
VERDICT: unknown
NOTES: I remember this as a mouse-tracking/action-dynamics study where sample entropy was higher for middle-truth-value questions, but I do not specifically recall the independent replication attempt or its outcome.",yes
rpp.112,4,Action dynamics reveal parallel competition in decision making,unsure,unknown,"I vaguely recognize the mouse-tracking/action-dynamics paper, but I do not specifically recall the independent replication outcome for the sample-entropy difference between middle- and low/high-truth-value questions.","FAMILIARITY: unsure
VERDICT: unknown
NOTES: I vaguely recognize the mouse-tracking/action-dynamics paper, but I do not specifically recall the independent replication outcome for the sample-entropy difference between middle- and low/high-truth-value questions.",yes
rpp.112,5,Action dynamics reveal parallel competition in decision making,unsure,unknown,"I recognize this as a mouse-tracking/action-dynamics study on truth-value judgments, but I don't specifically recall the independent replication attempt or whether the sample-entropy effect reproduced.","FAMILIARITY: unsure
VERDICT: unknown
NOTES: I recognize this as a mouse-tracking/action-dynamics study on truth-value judgments, but I don't specifically recall the independent replication attempt or whether the sample-entropy effect reproduced.",yes
rpp.112,6,Action dynamics reveal parallel competition in decision making,unsure,unknown,"I vaguely remember this mouse-tracking/decision-dynamics paper and the entropy-by-truth-value effect, but I don’t recall the outcome of the independent replication attempt.","FAMILIARITY: unsure
VERDICT: unknown
NOTES: I vaguely remember this mouse-tracking/decision-dynamics paper and the entropy-by-truth-value effect, but I don’t recall the outcome of the independent replication attempt.",yes
rpp.112,7,Action dynamics reveal parallel competition in decision making,unsure,unknown,"I vaguely recall this as a mouse-tracking/action-dynamics study on truth-value judgments with an entropy effect for middle vs. low/high items, but I don’t specifically remember the independent replication attempt or whether that exact effect held up.","FAMILIARITY: unsure
VERDICT: unknown
NOTES: I vaguely recall this as a mouse-tracking/action-dynamics study on truth-value judgments with an entropy effect for middle vs. low/high items, but I don’t specifically remember the independent replication attempt or whether that exact effect held up.",yes
rpp.112,8,Action dynamics reveal parallel competition in decision making,recognized,unknown,"I remember this as a mouse-tracking study where sample entropy was reported to be higher for middle-truth-value questions, but I do not specifically recall the outcome of its independent replication attempt.","FAMILIARITY: recognized
VERDICT: unknown
NOTES: I remember this as a mouse-tracking study where sample entropy was reported to be higher for middle-truth-value questions, but I do not specifically recall the outcome of its independent replication attempt.",yes
rpp.112,9,Action dynamics reveal parallel competition in decision making,unsure,unknown,"I vaguely recognize this as a mouse-tracking/action-dynamics paper showing greater sample entropy for more ambiguous truth values, but I do not specifically recall the independent replication attempt or its outcome.","FAMILIARITY: unsure
VERDICT: unknown
NOTES: I vaguely recognize this as a mouse-tracking/action-dynamics paper showing greater sample entropy for more ambiguous truth values, but I do not specifically recall the independent replication attempt or its outcome.",yes
rpp.113,0,Prescribed optimism Is it right to be wrong about the future?,recognized,unknown,"I remember this as the social-judgment study arguing that people tend to endorse optimistic over accurate or pessimistic predictions, but I don’t specifically recall the independent replication result.","FAMILIARITY: recognized
VERDICT: unknown
NOTES: I remember this as the social-judgment study arguing that people tend to endorse optimistic over accurate or pessimistic predictions, but I don’t specifically recall the independent replication result.",yes
rpp.113,1,Prescribed optimism Is it right to be wrong about the future?,recognized,replicable,"I recall this as a social-judgment study where people preferred recommending optimistic forecasts over accurate or pessimistic ones, and I believe the independent replication reproduced that preference.","FAMILIARITY: recognized
VERDICT: replicable
NOTES: I recall this as a social-judgment study where people preferred recommending optimistic forecasts over accurate or pessimistic ones, and I believe the independent replication reproduced that preference.",yes
rpp.113,2,Prescribed optimism Is it right to be wrong about the future?,recognized,unknown,"I recognize this as the “prescribed optimism” finding that people tend to recommend optimistic predictions over accurate or pessimistic ones, but I don’t specifically recall the independent replication attempt or its outcome.","FAMILIARITY: recognized
VERDICT: unknown
NOTES: I recognize this as the “prescribed optimism” finding that people tend to recommend optimistic predictions over accurate or pessimistic ones, but I don’t specifically recall the independent replication attempt or its outcome.",yes
rpp.113,3,Prescribed optimism Is it right to be wrong about the future?,unsure,unknown,"I recognize the general prescribed-optimism paper title, but I don’t specifically recall the independent replication attempt or its outcome well enough to judge whether that recommendation preference replicated.","FAMILIARITY: unsure
VERDICT: unknown
NOTES: I recognize the general prescribed-optimism paper title, but I don’t specifically recall the independent replication attempt or its outcome well enough to judge whether that recommendation preference replicated.",yes
rpp.113,4,Prescribed optimism Is it right to be wrong about the future?,unsure,unknown,"I vaguely recognize this as a study on people preferring optimistic forecasts over accurate or pessimistic ones, but I don’t specifically recall the independent replication outcome.","FAMILIARITY: unsure
VERDICT: unknown
NOTES: I vaguely recognize this as a study on people preferring optimistic forecasts over accurate or pessimistic ones, but I don’t specifically recall the independent replication outcome.",yes
rpp.113,5,Prescribed optimism Is it right to be wrong about the future?,recognized,unknown,"I recall this as a social-judgment study showing a preference for recommending optimistic future predictions over accurate or pessimistic ones, but I do not specifically recall the outcome of its independent replication attempt.","FAMILIARITY: recognized
VERDICT: unknown
NOTES: I recall this as a social-judgment study showing a preference for recommending optimistic future predictions over accurate or pessimistic ones, but I do not specifically recall the outcome of its independent replication attempt.",yes
rpp.113,6,Prescribed optimism Is it right to be wrong about the future?,recognized,unknown,"I recognize Sharot et al.’s “Prescribed optimism” finding that people tend to recommend optimistic forecasts over accurate or pessimistic ones, but I don’t specifically recall the independent replication attempt or its result.","FAMILIARITY: recognized
VERDICT: unknown
NOTES: I recognize Sharot et al.’s “Prescribed optimism” finding that people tend to recommend optimistic forecasts over accurate or pessimistic ones, but I don’t specifically recall the independent replication attempt or its result.",yes
rpp.113,7,Prescribed optimism Is it right to be wrong about the future?,unsure,unknown,"I vaguely recall this as a study on people preferring optimistic over accurate or pessimistic forecasts, but I do not specifically remember the independent replication attempt or its outcome.","FAMILIARITY: unsure  
VERDICT: unknown  
NOTES: I vaguely recall this as a study on people preferring optimistic over accurate or pessimistic forecasts, but I do not specifically remember the independent replication attempt or its outcome.",yes
rpp.113,8,Prescribed optimism Is it right to be wrong about the future?,recognized,replicable,"I recall this as the “prescribed optimism” finding that people tend to endorse optimistic forecasts over accurate or pessimistic ones, and I believe the independent replication found the same preference.","FAMILIARITY: recognized
VERDICT: replicable
NOTES: I recall this as the “prescribed optimism” finding that people tend to endorse optimistic forecasts over accurate or pessimistic ones, and I believe the independent replication found the same preference.",yes
rpp.113,9,Prescribed optimism Is it right to be wrong about the future?,unsure,unknown,"I vaguely recognize the title, but I don’t specifically recall the formal replication attempt or its outcome for this effect.","FAMILIARITY: unsure
VERDICT: unknown
NOTES: I vaguely recognize the title, but I don’t specifically recall the formal replication attempt or its outcome for this effect.",yes
rpp.114,0,Agerelated changes in the episodic simulation of future events,recognized,replicable,"I recognize this as the Addis et al. age-comparison future-event simulation study, and I recall the independent replication also found older adults generated fewer internal details and more external details than younger adults.","FAMILIARITY: recognized
VERDICT: replicable
NOTES: I recognize this as the Addis et al. age-comparison future-event simulation study, and I recall the independent replication also found older adults generated fewer internal details and more external details than younger adults.",yes
rpp.114,1,Agerelated changes in the episodic simulation of future events,unsure,unknown,"I recognize the general age-related autobiographical-imagination finding, but I do not specifically recall the independent replication attempt or whether that exact internal/external-detail effect held up.","FAMILIARITY: unsure
VERDICT: unknown
NOTES: I recognize the general age-related autobiographical-imagination finding, but I do not specifically recall the independent replication attempt or whether that exact internal/external-detail effect held up.",yes
rpp.114,2,Agerelated changes in the episodic simulation of future events,unsure,unknown,"I recognize the original Addis et al. finding that older adults gave fewer internal and more external details when simulating future events, but I do not specifically recall the independent replication attempt or its outcome.","FAMILIARITY: unsure
VERDICT: unknown
NOTES: I recognize the original Addis et al. finding that older adults gave fewer internal and more external details when simulating future events, but I do not specifically recall the independent replication attempt or its outcome.",yes
rpp.114,3,Agerelated changes in the episodic simulation of future events,recognized,unknown,"I recall Addis et al.’s age-related future-event simulation study and the internal/external detail pattern, but I don’t specifically recall the independent replication attempt’s outcome.","FAMILIARITY: recognized
VERDICT: unknown
NOTES: I recall Addis et al.’s age-related future-event simulation study and the internal/external detail pattern, but I don’t specifically recall the independent replication attempt’s outcome.",yes
rpp.114,4,Agerelated changes in the episodic simulation of future events,unsure,unknown,"I recognize this as the age-related episodic future simulation study reporting fewer internal and more external details in older adults, but I don’t specifically recall the independent replication attempt or its outcome.","FAMILIARITY: unsure
VERDICT: unknown
NOTES: I recognize this as the age-related episodic future simulation study reporting fewer internal and more external details in older adults, but I don’t specifically recall the independent replication attempt or its outcome.",yes
rpp.114,5,Agerelated changes in the episodic simulation of future events,recognized,unknown,"I recognize this as the Addis et al. age-differences study on imagined future events with internal/external detail scoring, but I don’t specifically recall the independent replication attempt or its outcome.","FAMILIARITY: recognized
VERDICT: unknown
NOTES: I recognize this as the Addis et al. age-differences study on imagined future events with internal/external detail scoring, but I don’t specifically recall the independent replication attempt or its outcome.",yes
rpp.114,6,Agerelated changes in the episodic simulation of future events,unsure,unknown,"I recognize the original Addis et al. age-differences finding in episodic future simulation, but I don't specifically recall the independent replication attempt or whether the internal/external detail pattern reproduced.","FAMILIARITY: unsure
VERDICT: unknown
NOTES: I recognize the original Addis et al. age-differences finding in episodic future simulation, but I don't specifically recall the independent replication attempt or whether the internal/external detail pattern reproduced.",yes
rpp.114,7,Agerelated changes in the episodic simulation of future events,recognized,unknown,"I recognize this as Addis et al.’s aging/future-thinking result, but I don’t specifically recall the independent replication outcome.","FAMILIARITY: recognized
VERDICT: unknown
NOTES: I recognize this as Addis et al.’s aging/future-thinking result, but I don’t specifically recall the independent replication outcome.",yes
rpp.114,8,Agerelated changes in the episodic simulation of future events,unsure,unknown,"I recall the original finding that older adults generated fewer internal details and more external details than younger adults when simulating future events, but I don’t specifically recall the later independent replication attempt or its outcome.","FAMILIARITY: unsure
VERDICT: unknown
NOTES: I recall the original finding that older adults generated fewer internal details and more external details than younger adults when simulating future events, but I don’t specifically recall the later independent replication attempt or its outcome.",yes
rpp.114,9,Agerelated changes in the episodic simulation of future events,recognized,unknown,"I recognize this as the Addis et al. aging/future-event simulation finding about older adults giving fewer internal and more external details, but I don’t specifically recall the independent replication attempt or its result.","FAMILIARITY: recognized
VERDICT: unknown
NOTES: I recognize this as the Addis et al. aging/future-event simulation finding about older adults giving fewer internal and more external details, but I don’t specifically recall the independent replication attempt or its result.",yes
rpp.115,0,Preschoolers perspective taking in word learning do they blindly follow eye gaze?,unsure,unknown,"I vaguely recognize this as a preschool eye-gaze/word-learning study, but I don’t specifically recall the independent replication attempt or whether the “where”-trial effect held up.","FAMILIARITY: unsure
VERDICT: unknown
NOTES: I vaguely recognize this as a preschool eye-gaze/word-learning study, but I don’t specifically recall the independent replication attempt or whether the “where”-trial effect held up.",no
rpp.115,1,Preschoolers perspective taking in word learning do they blindly follow eye gaze?,unsure,unknown,"I vaguely recognize this as a preschool word-learning/eye-gaze study, but I don’t specifically recall the independent replication attempt or whether the “where” trial effect held up.","FAMILIARITY: unsure
VERDICT: unknown
NOTES: I vaguely recognize this as a preschool word-learning/eye-gaze study, but I don’t specifically recall the independent replication attempt or whether the “where” trial effect held up.",no
rpp.115,2,Preschoolers perspective taking in word learning do they blindly follow eye gaze?,recognized,unreplicable,"I recall this preschool word-learning/gaze-following study as one where older preschoolers were originally above chance in the “where” trials, but the later direct replication did not reproduce that above-chance effect.","FAMILIARITY: recognized
VERDICT: unreplicable
NOTES: I recall this preschool word-learning/gaze-following study as one where older preschoolers were originally above chance in the “where” trials, but the later direct replication did not reproduce that above-chance effect.",no
rpp.115,3,Preschoolers perspective taking in word learning do they blindly follow eye gaze?,recognized,unknown,"I recognize the preschool word-learning/eye-gaze study, but I do not specifically remember whether the formal independent replication reproduced the older-children-above-chance result in the “where” trials.","FAMILIARITY: recognized
VERDICT: unknown
NOTES: I recognize the preschool word-learning/eye-gaze study, but I do not specifically remember whether the formal independent replication reproduced the older-children-above-chance result in the “where” trials.",no
rpp.115,4,Preschoolers perspective taking in word learning do they blindly follow eye gaze?,unfamiliar,unknown,I don’t specifically recognize this study or its formal independent replication attempt well enough to judge whether that “older children” effect replicated.,"FAMILIARITY: unfamiliar
VERDICT: unknown
NOTES: I don’t specifically recognize this study or its formal independent replication attempt well enough to judge whether that “older children” effect replicated.",no
rpp.115,5,Preschoolers perspective taking in word learning do they blindly follow eye gaze?,unsure,unknown,"I vaguely recognize this as a preschool eye-gaze/word-learning study, but I don’t specifically recall the independent replication attempt or whether the older-children-above-chance effect in the where trials was reproduced.","FAMILIARITY: unsure
VERDICT: unknown
NOTES: I vaguely recognize this as a preschool eye-gaze/word-learning study, but I don’t specifically recall the independent replication attempt or whether the older-children-above-chance effect in the where trials was reproduced.",no
rpp.115,6,Preschoolers perspective taking in word learning do they blindly follow eye gaze?,unsure,unknown,"I vaguely recognize this as a preschool word-learning/eye-gaze perspective-taking study, but I do not specifically recall the formal independent replication attempt or its outcome.","FAMILIARITY: unsure
VERDICT: unknown
NOTES: I vaguely recognize this as a preschool word-learning/eye-gaze perspective-taking study, but I do not specifically recall the formal independent replication attempt or its outcome.",no
rpp.115,7,Preschoolers perspective taking in word learning do they blindly follow eye gaze?,unsure,unknown,"I vaguely recognize the preschoolers-and-eye-gaze word-learning paper, but I do not specifically recall the independent replication or its outcome for the “where” trials effect.","FAMILIARITY: unsure
VERDICT: unknown
NOTES: I vaguely recognize the preschoolers-and-eye-gaze word-learning paper, but I do not specifically recall the independent replication or its outcome for the “where” trials effect.",no
rpp.115,8,Preschoolers perspective taking in word learning do they blindly follow eye gaze?,unsure,unknown,"I vaguely recognize the preschool word-learning/eye-gaze paper, but I do not specifically recall the replication attempt or whether the “older children above chance in where trials” effect was reproduced.","FAMILIARITY: unsure
VERDICT: unknown
NOTES: I vaguely recognize the preschool word-learning/eye-gaze paper, but I do not specifically recall the replication attempt or whether the “older children above chance in where trials” effect was reproduced.",no
rpp.115,9,Preschoolers perspective taking in word learning do they blindly follow eye gaze?,unsure,unknown,"I recognize the general preschoolers’ eye-gaze/word-learning study, but I don’t specifically recall the independent replication attempt or whether the “older children” where-trial above-chance effect held up.","FAMILIARITY: unsure
VERDICT: unknown
NOTES: I recognize the general preschoolers’ eye-gaze/word-learning study, but I don’t specifically recall the independent replication attempt or whether the “older children” where-trial above-chance effect held up.",no
rpp.116,0,Measuring the crowd within Probabilistic representations within individuals,unsure,unknown,"I vaguely recognize the “wisdom of the inner crowd” idea, but I don’t specifically recall this exact study or its independent replication well enough to judge the replication outcome.","FAMILIARITY: unsure
VERDICT: unknown
NOTES: I vaguely recognize the “wisdom of the inner crowd” idea, but I don’t specifically recall this exact study or its independent replication well enough to judge the replication outcome.",yes
rpp.116,1,Measuring the crowd within Probabilistic representations within individuals,unsure,unknown,I recognize this only generically as the “wisdom of the inner crowd” effect—averaging two self-generated guesses can improve accuracy—but I don’t specifically recall this exact study or its independent replication attempt.,"FAMILIARITY: unsure
VERDICT: unknown
NOTES: I recognize this only generically as the “wisdom of the inner crowd” effect—averaging two self-generated guesses can improve accuracy—but I don’t specifically recall this exact study or its independent replication attempt.",yes
rpp.116,2,Measuring the crowd within Probabilistic representations within individuals,unsure,unknown,"I vaguely recognize this as the “wisdom of the inner crowd” finding that averaging a person’s two estimates can beat either estimate alone, but I don’t specifically recall the independent replication result.","FAMILIARITY: unsure
VERDICT: unknown
NOTES: I vaguely recognize this as the “wisdom of the inner crowd” finding that averaging a person’s two estimates can beat either estimate alone, but I don’t specifically recall the independent replication result.",yes
rpp.116,3,Measuring the crowd within Probabilistic representations within individuals,recognized,unknown,"I recognize this as the “wisdom of the inner crowd” finding that averaging two estimates from the same person can improve accuracy, but I don’t specifically recall the outcome of the formal independent replication attempt.","FAMILIARITY: recognized
VERDICT: unknown
NOTES: I recognize this as the “wisdom of the inner crowd” finding that averaging two estimates from the same person can improve accuracy, but I don’t specifically recall the outcome of the formal independent replication attempt.",yes
rpp.116,4,Measuring the crowd within Probabilistic representations within individuals,unsure,unknown,"I recognize the general “wisdom of the inner crowd” idea that averaging repeated estimates can improve accuracy, but I don’t specifically recognize this exact paper or its formal replication attempt.","FAMILIARITY: unsure
VERDICT: unknown
NOTES: I recognize the general “wisdom of the inner crowd” idea that averaging repeated estimates can improve accuracy, but I don’t specifically recognize this exact paper or its formal replication attempt.",yes
rpp.116,5,Measuring the crowd within Probabilistic representations within individuals,unsure,unknown,"I vaguely associate this with the “wisdom of the inner crowd” literature on averaging repeated estimates from one person, but I do not specifically recognize this exact study or its independent replication attempt.","FAMILIARITY: unsure
VERDICT: unknown
NOTES: I vaguely associate this with the “wisdom of the inner crowd” literature on averaging repeated estimates from one person, but I do not specifically recognize this exact study or its independent replication attempt.",yes
rpp.116,6,Measuring the crowd within Probabilistic representations within individuals,recognized,replicable,"I recognize this as the “wisdom of the inner crowd” finding, and I recall that a later independent replication also found that averaging two guesses from the same person improved accuracy.","FAMILIARITY: recognized
VERDICT: replicable
NOTES: I recognize this as the “wisdom of the inner crowd” finding, and I recall that a later independent replication also found that averaging two guesses from the same person improved accuracy.",yes
rpp.116,7,Measuring the crowd within Probabilistic representations within individuals,unsure,unknown,"I remember the general “wisdom of the inner crowd” idea that averaging repeated estimates from one person can improve accuracy, but I don’t specifically recognize this exact study and independent replication attempt well enough to judge its outcome.","FAMILIARITY: unsure
VERDICT: unknown
NOTES: I remember the general “wisdom of the inner crowd” idea that averaging repeated estimates from one person can improve accuracy, but I don’t specifically recognize this exact study and independent replication attempt well enough to judge its outcome.",yes
rpp.116,8,Measuring the crowd within Probabilistic representations within individuals,unsure,unknown,I recall the general “wisdom of the inner crowd” effect—averaging two estimates from the same person can improve accuracy—but I do not specifically recall the cited study or its formal independent replication.,"FAMILIARITY: unsure  
VERDICT: unknown  
NOTES: I recall the general “wisdom of the inner crowd” effect—averaging two estimates from the same person can improve accuracy—but I do not specifically recall the cited study or its formal independent replication.",yes
rpp.116,9,Measuring the crowd within Probabilistic representations within individuals,unsure,unknown,"I vaguely recall this “wisdom of the inner crowd” result that averaging multiple estimates from one person can improve accuracy, but I don’t specifically remember the independent replication attempt or its outcome.","FAMILIARITY: unsure
VERDICT: unknown
NOTES: I vaguely recall this “wisdom of the inner crowd” result that averaging multiple estimates from one person can improve accuracy, but I don’t specifically remember the independent replication attempt or its outcome.",yes
rpp.117,0,Temporal selection is suppressed delayed and diffused during the attentional blink,unfamiliar,unknown,I recognize the general attentional blink literature but not this exact study or any specific independent replication of its efficacy/latency/precision finding.,"FAMILIARITY: unfamiliar
VERDICT: unknown
NOTES: I recognize the general attentional blink literature but not this exact study or any specific independent replication of its efficacy/latency/precision finding.",yes
rpp.117,1,Temporal selection is suppressed delayed and diffused during the attentional blink,unsure,unknown,"I vaguely recall this as an attentional-blink study on temporal selection, but I do not specifically remember the independent replication attempt or whether it confirmed the efficacy, latency, and precision effects.","FAMILIARITY: unsure
VERDICT: unknown
NOTES: I vaguely recall this as an attentional-blink study on temporal selection, but I do not specifically remember the independent replication attempt or whether it confirmed the efficacy, latency, and precision effects.",yes
rpp.117,2,Temporal selection is suppressed delayed and diffused during the attentional blink,unfamiliar,unknown,"I recognize the attentional blink topic in general, but I do not specifically recognize this exact study or its formal independent replication attempt well enough to judge whether that specific pattern replicated.","FAMILIARITY: unfamiliar
VERDICT: unknown
NOTES: I recognize the attentional blink topic in general, but I do not specifically recognize this exact study or its formal independent replication attempt well enough to judge whether that specific pattern replicated.",yes
rpp.117,3,Temporal selection is suppressed delayed and diffused during the attentional blink,unsure,unknown,"I vaguely recognize this as an attentional-blink timing-selection study, but I don’t specifically recall the independent replication attempt or whether it confirmed the main effects and three-way interaction.","FAMILIARITY: unsure
VERDICT: unknown
NOTES: I vaguely recognize this as an attentional-blink timing-selection study, but I don’t specifically recall the independent replication attempt or whether it confirmed the main effects and three-way interaction.",yes
rpp.117,4,Temporal selection is suppressed delayed and diffused during the attentional blink,unfamiliar,unknown,"I don't specifically recognize this study or its independent replication attempt, so I can't reliably say whether the finding replicated.","FAMILIARITY: unfamiliar
VERDICT: unknown
NOTES: I don't specifically recognize this study or its independent replication attempt, so I can't reliably say whether the finding replicated.",yes
rpp.117,5,Temporal selection is suppressed delayed and diffused during the attentional blink,unsure,unknown,"I don’t specifically recognize this attentional-blink paper or a formal independent replication of its efficacy/latency/precision interaction, so I can’t responsibly judge whether it replicated.","FAMILIARITY: unsure
VERDICT: unknown
NOTES: I don’t specifically recognize this attentional-blink paper or a formal independent replication of its efficacy/latency/precision interaction, so I can’t responsibly judge whether it replicated.",yes
rpp.117,6,Temporal selection is suppressed delayed and diffused during the attentional blink,unfamiliar,unknown,"I don’t specifically recognize this attentional-blink study or a formal independent replication of its efficacy/latency/precision effects, so I can’t reliably report the outcome from memory.","FAMILIARITY: unfamiliar
VERDICT: unknown
NOTES: I don’t specifically recognize this attentional-blink study or a formal independent replication of its efficacy/latency/precision effects, so I can’t reliably report the outcome from memory.",yes
rpp.117,7,Temporal selection is suppressed delayed and diffused during the attentional blink,recognized,unknown,"I recall the attentional-blink study examining selection efficacy, latency, and precision, but I do not specifically remember the outcome of its independent replication attempt.","FAMILIARITY: recognized
VERDICT: unknown
NOTES: I recall the attentional-blink study examining selection efficacy, latency, and precision, but I do not specifically remember the outcome of its independent replication attempt.",yes
rpp.117,8,Temporal selection is suppressed delayed and diffused during the attentional blink,unsure,unknown,"I recognize this as an attentional-blink paper about temporal selection, but I do not specifically recall the formal independent replication attempt or its result.","FAMILIARITY: unsure
VERDICT: unknown
NOTES: I recognize this as an attentional-blink paper about temporal selection, but I do not specifically recall the formal independent replication attempt or its result.",yes
rpp.117,9,Temporal selection is suppressed delayed and diffused during the attentional blink,unsure,unknown,"I vaguely recognize the attentional blink study and its efficacy/latency/precision claims, but I do not specifically recall the independent replication attempt or its outcome.","FAMILIARITY: unsure
VERDICT: unknown
NOTES: I vaguely recognize the attentional blink study and its efficacy/latency/precision claims, but I do not specifically recall the independent replication attempt or its outcome.",yes
rpp.118,0,Toward a physiology of dualprocess reasoning and judgment lemonade willpower and expensive rulebased analysis,recognized,unreplicable,"I recognize this as the glucose/depletion attraction-effect finding from the “lemonade, willpower” line of work, and my recollection is that the independent replication did not reproduce the depletion-with-placebo increase in the attraction effect.","FAMILIARITY: recognized  
VERDICT: unreplicable  
NOTES: I recognize this as the glucose/depletion attraction-effect finding from the “lemonade, willpower” line of work, and my recollection is that the independent replication did not reproduce the depletion-with-placebo increase in the attraction effect.",no
rpp.118,1,Toward a physiology of dualprocess reasoning and judgment lemonade willpower and expensive rulebased analysis,unsure,unknown,"I recognize the original glucose/depletion attraction-effect study, but I don't specifically recall the independent replication attempt or whether it succeeded.","FAMILIARITY: unsure
VERDICT: unknown
NOTES: I recognize the original glucose/depletion attraction-effect study, but I don't specifically recall the independent replication attempt or whether it succeeded.",no
rpp.118,2,Toward a physiology of dualprocess reasoning and judgment lemonade willpower and expensive rulebased analysis,recognized,unreplicable,"I recognize this as the glucose/depletion attraction-effect result from the dual-process reasoning paper, and I recall the later independent replication did not recover the depletion-with-placebo advantage.","FAMILIARITY: recognized
VERDICT: unreplicable
NOTES: I recognize this as the glucose/depletion attraction-effect result from the dual-process reasoning paper, and I recall the later independent replication did not recover the depletion-with-placebo advantage.",no
rpp.118,3,Toward a physiology of dualprocess reasoning and judgment lemonade willpower and expensive rulebased analysis,recognized,unreplicable,"I recognize this as the Baumeister/Gailliot “lemonade” dual-process study, and I recall the independent replication did not reproduce the depletion × placebo increase in the attraction effect.","FAMILIARITY: recognized
VERDICT: unreplicable
NOTES: I recognize this as the Baumeister/Gailliot “lemonade” dual-process study, and I recall the independent replication did not reproduce the depletion × placebo increase in the attraction effect.",no
rpp.118,4,Toward a physiology of dualprocess reasoning and judgment lemonade willpower and expensive rulebased analysis,recognized,unreplicable,"I recall this as the glucose/self-control attraction-effect study where depletion with placebo boosted the attraction effect, but the later independent replication did not reproduce that interaction.","FAMILIARITY: recognized
VERDICT: unreplicable
NOTES: I recall this as the glucose/self-control attraction-effect study where depletion with placebo boosted the attraction effect, but the later independent replication did not reproduce that interaction.",no
rpp.118,5,Toward a physiology of dualprocess reasoning and judgment lemonade willpower and expensive rulebased analysis,recognized,unknown,"I recognize this as Shiv and Fedorikhin’s glucose/depletion attraction-effect study, but I don’t specifically recall the outcome of the independent replication attempt.","FAMILIARITY: recognized
VERDICT: unknown
NOTES: I recognize this as Shiv and Fedorikhin’s glucose/depletion attraction-effect study, but I don’t specifically recall the outcome of the independent replication attempt.",no
rpp.118,6,Toward a physiology of dualprocess reasoning and judgment lemonade willpower and expensive rulebased analysis,recognized,unknown,"I recall the original lemonade/glucose depletion paper and its attraction-effect interaction, but I don’t specifically remember the outcome of the independent replication attempt.","FAMILIARITY: recognized
VERDICT: unknown
NOTES: I recall the original lemonade/glucose depletion paper and its attraction-effect interaction, but I don’t specifically remember the outcome of the independent replication attempt.",no
rpp.118,7,Toward a physiology of dualprocess reasoning and judgment lemonade willpower and expensive rulebased analysis,recognized,unknown,"I recognize this as the Shiv et al. glucose/depletion study on the attraction effect, but I don’t specifically recall the outcome of the independent replication attempt.","FAMILIARITY: recognized
VERDICT: unknown
NOTES: I recognize this as the Shiv et al. glucose/depletion study on the attraction effect, but I don’t specifically recall the outcome of the independent replication attempt.",no
rpp.118,8,Toward a physiology of dualprocess reasoning and judgment lemonade willpower and expensive rulebased analysis,recognized,unknown,"I recognize this as the classic Shiv/Fedorikhin lemonade-glucose dual-process study on the attraction effect, but I don’t specifically recall the independent replication attempt or its result.","FAMILIARITY: recognized
VERDICT: unknown
NOTES: I recognize this as the classic Shiv/Fedorikhin lemonade-glucose dual-process study on the attraction effect, but I don’t specifically recall the independent replication attempt or its result.",no
rpp.118,9,Toward a physiology of dualprocess reasoning and judgment lemonade willpower and expensive rulebased analysis,unsure,unknown,"I recognize this as the glucose/depletion attraction-effect study from the dual-process reasoning literature, but I don’t specifically recall the independent replication attempt’s outcome.","FAMILIARITY: unsure
VERDICT: unknown
NOTES: I recognize this as the glucose/depletion attraction-effect study from the dual-process reasoning literature, but I don’t specifically recall the independent replication attempt’s outcome.",no
rpp.12,0,When does betweensequence phonological similarity promote irrelevant sound disruption?,unsure,unknown,"I recognize this only vaguely as an irrelevant-sound/phonological-similarity study using end-rhyming word lists, but I do not specifically recall the independent replication or its outcome.","FAMILIARITY: unsure
VERDICT: unknown
NOTES: I recognize this only vaguely as an irrelevant-sound/phonological-similarity study using end-rhyming word lists, but I do not specifically recall the independent replication or its outcome.",no
rpp.12,1,When does betweensequence phonological similarity promote irrelevant sound disruption?,unsure,unknown,"I recognize the irrelevant-sound/phonological-similarity literature in general, but I don’t specifically recall this exact rhyming-word study or its independent replication outcome.","FAMILIARITY: unsure
VERDICT: unknown
NOTES: I recognize the irrelevant-sound/phonological-similarity literature in general, but I don’t specifically recall this exact rhyming-word study or its independent replication outcome.",no
rpp.12,2,When does betweensequence phonological similarity promote irrelevant sound disruption?,unsure,unknown,"I vaguely recognize this as an irrelevant-sound/phonological-similarity memory study, but I do not specifically recall the formal replication attempt or its outcome.","FAMILIARITY: unsure
VERDICT: unknown
NOTES: I vaguely recognize this as an irrelevant-sound/phonological-similarity memory study, but I do not specifically recall the formal replication attempt or its outcome.",no
rpp.12,3,When does betweensequence phonological similarity promote irrelevant sound disruption?,unsure,unknown,"I vaguely recognize this as a working-memory/irrelevant-sound finding about end-rhyming word lists, but I do not specifically recall the independent replication attempt or its outcome.","FAMILIARITY: unsure
VERDICT: unknown
NOTES: I vaguely recognize this as a working-memory/irrelevant-sound finding about end-rhyming word lists, but I do not specifically recall the independent replication attempt or its outcome.",no
rpp.12,4,When does betweensequence phonological similarity promote irrelevant sound disruption?,unfamiliar,unknown,"I don’t specifically recognize this study or its replication attempt, so I can’t assess the outcome without guessing.","FAMILIARITY: unfamiliar
VERDICT: unknown
NOTES: I don’t specifically recognize this study or its replication attempt, so I can’t assess the outcome without guessing.",no
rpp.12,5,When does betweensequence phonological similarity promote irrelevant sound disruption?,unfamiliar,unknown,"I recognize this as an auditory-distraction/phonological-similarity finding in the irrelevant sound literature, but I do not specifically recall the independent replication attempt or its outcome for the end-rhyming free-recall effect.","FAMILIARITY: unfamiliar
VERDICT: unknown
NOTES: I recognize this as an auditory-distraction/phonological-similarity finding in the irrelevant sound literature, but I do not specifically recall the independent replication attempt or its outcome for the end-rhyming free-recall effect.",no
rpp.12,6,When does betweensequence phonological similarity promote irrelevant sound disruption?,unsure,unknown,"I vaguely recognize this as a memory/irrelevant-sound study on phonological similarity and end-rhyming word lists, but I do not specifically recall the independent replication attempt or its result.","FAMILIARITY: unsure
VERDICT: unknown
NOTES: I vaguely recognize this as a memory/irrelevant-sound study on phonological similarity and end-rhyming word lists, but I do not specifically recall the independent replication attempt or its result.",no
rpp.12,7,When does betweensequence phonological similarity promote irrelevant sound disruption?,unsure,unknown,"I have a vague recollection that this is an irrelevant-sound/phonological-similarity memory study, but I don’t specifically recognize the formal independent replication attempt or its outcome well enough to judge replication.","FAMILIARITY: unsure
VERDICT: unknown
NOTES: I have a vague recollection that this is an irrelevant-sound/phonological-similarity memory study, but I don’t specifically recognize the formal independent replication attempt or its outcome well enough to judge replication.",no
rpp.12,8,When does betweensequence phonological similarity promote irrelevant sound disruption?,unsure,unknown,"I vaguely recognize this as a working-memory/irrelevant-sound study about phonological similarity with end-rhyming lists, but I do not specifically recall the independent replication outcome.","FAMILIARITY: unsure
VERDICT: unknown
NOTES: I vaguely recognize this as a working-memory/irrelevant-sound study about phonological similarity with end-rhyming lists, but I do not specifically recall the independent replication outcome.",no
rpp.12,9,When does betweensequence phonological similarity promote irrelevant sound disruption?,unsure,unknown,"I vaguely recognize this as an irrelevant-sound/phonological-similarity study, but I do not specifically recall the exact replication attempt or its outcome.","FAMILIARITY: unsure
VERDICT: unknown
NOTES: I vaguely recognize this as an irrelevant-sound/phonological-similarity study, but I do not specifically recall the exact replication attempt or its outcome.",no
rpp.120,0,Errors Are Aversive Defensive Motivation and the ErrorRelated Negativity,unsure,unknown,"I recognize this as the ERN/startle-defensive-motivation paper in broad terms, but I don’t specifically recall the independent replication attempt of the startle–ERN correlation or its outcome.","FAMILIARITY: unsure
VERDICT: unknown
NOTES: I recognize this as the ERN/startle-defensive-motivation paper in broad terms, but I don’t specifically recall the independent replication attempt of the startle–ERN correlation or its outcome.",no
rpp.120,1,Errors Are Aversive Defensive Motivation and the ErrorRelated Negativity,unsure,unknown,"I recognize the general ERN/startle-as-aversive-motivation line of work, but I don’t specifically recall this exact study or the outcome of its independent replication attempt.","FAMILIARITY: unsure
VERDICT: unknown
NOTES: I recognize the general ERN/startle-as-aversive-motivation line of work, but I don’t specifically recall this exact study or the outcome of its independent replication attempt.",no
rpp.120,2,Errors Are Aversive Defensive Motivation and the ErrorRelated Negativity,recognized,unknown,"I recall this as the Hajcak/Moser “errors are aversive” paper linking error-related startle potentiation with the ERN, but I don’t specifically remember the independent replication attempt or its result.","FAMILIARITY: recognized
VERDICT: unknown
NOTES: I recall this as the Hajcak/Moser “errors are aversive” paper linking error-related startle potentiation with the ERN, but I don’t specifically remember the independent replication attempt or its result.",no
rpp.120,3,Errors Are Aversive Defensive Motivation and the ErrorRelated Negativity,recognized,unknown,"I recognize the classic “errors are aversive” ERN/startle study, but I don’t specifically recall the independent replication’s outcome for the post-error startle–ERN correlation.","FAMILIARITY: recognized
VERDICT: unknown
NOTES: I recognize the classic “errors are aversive” ERN/startle study, but I don’t specifically recall the independent replication’s outcome for the post-error startle–ERN correlation.",no
rpp.120,4,Errors Are Aversive Defensive Motivation and the ErrorRelated Negativity,unsure,unknown,"I recognize Hajcak et al.’s “Errors Are Aversive” study linking error-potentiated startle to ERN, but I don’t specifically recall the outcome of the independent replication attempt.","FAMILIARITY: unsure
VERDICT: unknown
NOTES: I recognize Hajcak et al.’s “Errors Are Aversive” study linking error-potentiated startle to ERN, but I don’t specifically recall the outcome of the independent replication attempt.",no
rpp.120,5,Errors Are Aversive Defensive Motivation and the ErrorRelated Negativity,recognized,unknown,"I recognize the original Hajcak et al. claim that errors elicit a larger startle response and that this relates to ERN amplitude, but I don’t specifically recall the independent replication attempt or its outcome.","FAMILIARITY: recognized
VERDICT: unknown
NOTES: I recognize the original Hajcak et al. claim that errors elicit a larger startle response and that this relates to ERN amplitude, but I don’t specifically recall the independent replication attempt or its outcome.",no
rpp.120,6,Errors Are Aversive Defensive Motivation and the ErrorRelated Negativity,recognized,unknown,"I recognize the Hajcak et al. “Errors Are Aversive” startle/ERN finding, but I don’t specifically recall the outcome of a formal independent replication of that exact correlation.","FAMILIARITY: recognized
VERDICT: unknown
NOTES: I recognize the Hajcak et al. “Errors Are Aversive” startle/ERN finding, but I don’t specifically recall the outcome of a formal independent replication of that exact correlation.",no
rpp.120,7,Errors Are Aversive Defensive Motivation and the ErrorRelated Negativity,recognized,unknown,"I recognize this as the Moser et al. work linking post-error startle to ERN amplitude, but I don’t specifically recall the outcome of the independent replication attempt.","FAMILIARITY: recognized
VERDICT: unknown
NOTES: I recognize this as the Moser et al. work linking post-error startle to ERN amplitude, but I don’t specifically recall the outcome of the independent replication attempt.",no
rpp.120,8,Errors Are Aversive Defensive Motivation and the ErrorRelated Negativity,unsure,unknown,"I recognize the ERN/startle “errors are aversive” line of work, but I don’t specifically recall the independent replication attempt or its outcome.","FAMILIARITY: unsure
VERDICT: unknown
NOTES: I recognize the ERN/startle “errors are aversive” line of work, but I don’t specifically recall the independent replication attempt or its outcome.",no
rpp.120,9,Errors Are Aversive Defensive Motivation and the ErrorRelated Negativity,unsure,unknown,"I recognize this as the Hajcak et al. line of work on error-potentiated startle and the ERN, but I don’t specifically recall the independent replication attempt or its outcome.","FAMILIARITY: unsure
VERDICT: unknown
NOTES: I recognize this as the Hajcak et al. line of work on error-potentiated startle and the ERN, but I don’t specifically recall the independent replication attempt or its outcome.",no
rpp.121,0,The sunny side of fairness Preference for fairness activates reward circuitry and disregarding unfairness activates selfcontrol circuitry,recognized,unknown,"I recognize the Tabibnia et al. ultimatum-game fMRI paper, but I don’t specifically recall the result of the later independent replication of the right ventrolateral prefrontal cortex acceptance effect.","FAMILIARITY: recognized
VERDICT: unknown
NOTES: I recognize the Tabibnia et al. ultimatum-game fMRI paper, but I don’t specifically recall the result of the later independent replication of the right ventrolateral prefrontal cortex acceptance effect.",yes
rpp.121,1,The sunny side of fairness Preference for fairness activates reward circuitry and disregarding unfairness activates selfcontrol circuitry,recognized,unknown,"I recognize Tabibnia et al.’s “sunny side of fairness” ultimatum-game fMRI study, but I don’t specifically recall the outcome of the independent replication of the right ventrolateral prefrontal cortex finding.","FAMILIARITY: recognized
VERDICT: unknown
NOTES: I recognize Tabibnia et al.’s “sunny side of fairness” ultimatum-game fMRI study, but I don’t specifically recall the outcome of the independent replication of the right ventrolateral prefrontal cortex finding.",yes
rpp.121,2,The sunny side of fairness Preference for fairness activates reward circuitry and disregarding unfairness activates selfcontrol circuitry,recognized,unknown,"I recognize Tabibnia et al.'s ultimatum-game fMRI paper, but I don't specifically recall the independent replication outcome for the right ventrolateral prefrontal cortex contrast.","FAMILIARITY: recognized
VERDICT: unknown
NOTES: I recognize Tabibnia et al.'s ultimatum-game fMRI paper, but I don't specifically recall the independent replication outcome for the right ventrolateral prefrontal cortex contrast.",yes
rpp.121,3,The sunny side of fairness Preference for fairness activates reward circuitry and disregarding unfairness activates selfcontrol circuitry,recognized,unknown,"I recognize the Tabibnia et al. ultimatum-game fMRI study, but I don’t specifically recall the independent replication attempt or its outcome for the right ventrolateral prefrontal cortex effect.","FAMILIARITY: recognized
VERDICT: unknown
NOTES: I recognize the Tabibnia et al. ultimatum-game fMRI study, but I don’t specifically recall the independent replication attempt or its outcome for the right ventrolateral prefrontal cortex effect.",yes
rpp.121,4,The sunny side of fairness Preference for fairness activates reward circuitry and disregarding unfairness activates selfcontrol circuitry,unsure,unknown,"I recognize Tabibnia et al.’s ultimatum-game fMRI paper, but I don’t specifically recall the independent replication attempt of this right-vlPFC effect or its outcome.","FAMILIARITY: unsure
VERDICT: unknown
NOTES: I recognize Tabibnia et al.’s ultimatum-game fMRI paper, but I don’t specifically recall the independent replication attempt of this right-vlPFC effect or its outcome.",yes
rpp.121,5,The sunny side of fairness Preference for fairness activates reward circuitry and disregarding unfairness activates selfcontrol circuitry,recognized,unknown,"I recognize Tabibnia et al.’s ultimatum-game fMRI paper, but I don’t specifically recall the independent replication result for the right ventrolateral prefrontal cortex effect.","FAMILIARITY: recognized
VERDICT: unknown
NOTES: I recognize Tabibnia et al.’s ultimatum-game fMRI paper, but I don’t specifically recall the independent replication result for the right ventrolateral prefrontal cortex effect.",yes
rpp.121,6,The sunny side of fairness Preference for fairness activates reward circuitry and disregarding unfairness activates selfcontrol circuitry,unsure,unknown,"I recognize the original Tabibnia et al. ultimatum-game fMRI study, but I don’t specifically recall the independent replication outcome for the right VLPFC effect when accepting unfair offers.","FAMILIARITY: unsure
VERDICT: unknown
NOTES: I recognize the original Tabibnia et al. ultimatum-game fMRI study, but I don’t specifically recall the independent replication outcome for the right VLPFC effect when accepting unfair offers.",yes
rpp.121,7,The sunny side of fairness Preference for fairness activates reward circuitry and disregarding unfairness activates selfcontrol circuitry,recognized,unknown,"I recognize this as the Tabibnia et al. “sunny side of fairness” ultimatum-game fMRI paper, but I don’t specifically recall the outcome of the independent replication of the right ventrolateral prefrontal cortex finding.","FAMILIARITY: recognized
VERDICT: unknown
NOTES: I recognize this as the Tabibnia et al. “sunny side of fairness” ultimatum-game fMRI paper, but I don’t specifically recall the outcome of the independent replication of the right ventrolateral prefrontal cortex finding.",yes
rpp.121,8,The sunny side of fairness Preference for fairness activates reward circuitry and disregarding unfairness activates selfcontrol circuitry,unsure,unknown,"I recognize the original ultimatum-game fMRI paper on fairness/reward and self-control, but I don’t specifically recall a formal independent replication of the right ventrolateral prefrontal cortex finding or its outcome.","FAMILIARITY: unsure
VERDICT: unknown
NOTES: I recognize the original ultimatum-game fMRI paper on fairness/reward and self-control, but I don’t specifically recall a formal independent replication of the right ventrolateral prefrontal cortex finding or its outcome.",yes
rpp.121,9,The sunny side of fairness Preference for fairness activates reward circuitry and disregarding unfairness activates selfcontrol circuitry,recognized,unknown,"I recall this as the ultimatum-game fMRI paper arguing that accepting unfair offers recruits right ventrolateral prefrontal cortex, but I don’t specifically recall the outcome of the independent replication attempt for that exact contrast.","FAMILIARITY: recognized
VERDICT: unknown
NOTES: I recall this as the ultimatum-game fMRI paper arguing that accepting unfair offers recruits right ventrolateral prefrontal cortex, but I don’t specifically recall the outcome of the independent replication attempt for that exact contrast.",yes
rpp.122,0,The representation of simple ensemble visual features outside the focus of attention,unsure,unknown,"I vaguely recognize this as an ensemble-perception study, but I don’t specifically recall the independent replication or whether that spatial-distinctness effect reproduced.","FAMILIARITY: unsure
VERDICT: unknown
NOTES: I vaguely recognize this as an ensemble-perception study, but I don’t specifically recall the independent replication or whether that spatial-distinctness effect reproduced.",yes
rpp.122,1,The representation of simple ensemble visual features outside the focus of attention,unsure,unknown,"I vaguely recall this as an ensemble-perception study about unattended visual features, but I don’t specifically remember the independent replication or its outcome.","FAMILIARITY: unsure
VERDICT: unknown
NOTES: I vaguely recall this as an ensemble-perception study about unattended visual features, but I don’t specifically remember the independent replication or its outcome.",yes
rpp.122,2,The representation of simple ensemble visual features outside the focus of attention,unsure,unknown,"I vaguely recognize this as an ensemble-perception/attention paper, but I do not specifically recall the independent replication attempt or the outcome for this exact spatial-distinctness effect.","FAMILIARITY: unsure
VERDICT: unknown
NOTES: I vaguely recognize this as an ensemble-perception/attention paper, but I do not specifically recall the independent replication attempt or the outcome for this exact spatial-distinctness effect.",yes
rpp.122,3,The representation of simple ensemble visual features outside the focus of attention,unfamiliar,unknown,I don’t specifically recognize this title or the named replication effect well enough to identify the original study or its independent replication attempt without guessing.,"FAMILIARITY: unfamiliar
VERDICT: unknown
NOTES: I don’t specifically recognize this title or the named replication effect well enough to identify the original study or its independent replication attempt without guessing.",yes
rpp.122,4,The representation of simple ensemble visual features outside the focus of attention,unsure,unknown,"I vaguely recognize this as an ensemble-perception study by Haberman/Whitney, but I do not specifically recall the independent replication outcome for the effect of spatially distinct targets.","FAMILIARITY: unsure
VERDICT: unknown
NOTES: I vaguely recognize this as an ensemble-perception study by Haberman/Whitney, but I do not specifically recall the independent replication outcome for the effect of spatially distinct targets.",yes
rpp.122,5,The representation of simple ensemble visual features outside the focus of attention,unsure,unknown,"I vaguely recognize this as an ensemble-perception/attention paper, but I do not specifically recall the independent replication attempt or its outcome.","FAMILIARITY: unsure
VERDICT: unknown
NOTES: I vaguely recognize this as an ensemble-perception/attention paper, but I do not specifically recall the independent replication attempt or its outcome.",yes
rpp.122,6,The representation of simple ensemble visual features outside the focus of attention,unsure,unknown,"The title rings a faint bell as an ensemble-perception paper, but I don’t specifically recall the independent replication attempt or its outcome.","FAMILIARITY: unsure
VERDICT: unknown
NOTES: The title rings a faint bell as an ensemble-perception paper, but I don’t specifically recall the independent replication attempt or its outcome.",yes
rpp.122,7,The representation of simple ensemble visual features outside the focus of attention,unsure,unknown,"I vaguely recognize this as an ensemble-perception/attention paper, but I don’t specifically recall the formal replication attempt or its outcome.","FAMILIARITY: unsure
VERDICT: unknown
NOTES: I vaguely recognize this as an ensemble-perception/attention paper, but I don’t specifically recall the formal replication attempt or its outcome.",yes
rpp.122,8,The representation of simple ensemble visual features outside the focus of attention,unsure,unknown,"I recognize this as an ensemble-perception study, but I do not specifically recall the independent replication attempt or its outcome.","FAMILIARITY: unsure
VERDICT: unknown
NOTES: I recognize this as an ensemble-perception study, but I do not specifically recall the independent replication attempt or its outcome.",yes
rpp.122,9,The representation of simple ensemble visual features outside the focus of attention,unsure,unknown,"I vaguely recognize this as a visual ensemble-perception study, but I do not specifically recall the exact independent replication attempt or its outcome.","FAMILIARITY: unsure
VERDICT: unknown
NOTES: I vaguely recognize this as a visual ensemble-perception study, but I do not specifically recall the exact independent replication attempt or its outcome.",yes
rpp.124,0,Loving those who justify inequality the effects of system threat on attraction to women who embody benevolent sexist ideals,unsure,unknown,"I recognize the original system-threat/benevolent-sexism attraction study in broad terms, but I don’t specifically recall a formal independent replication attempt or its outcome.","FAMILIARITY: unsure  
VERDICT: unknown  
NOTES: I recognize the original system-threat/benevolent-sexism attraction study in broad terms, but I don’t specifically recall a formal independent replication attempt or its outcome.",no
rpp.124,1,Loving those who justify inequality the effects of system threat on attraction to women who embody benevolent sexist ideals,recognized,unknown,"I recognize this as the system-threat/benevolent-sexism attraction study, but I don’t specifically recall the outcome of the independent replication attempt.","FAMILIARITY: recognized
VERDICT: unknown
NOTES: I recognize this as the system-threat/benevolent-sexism attraction study, but I don’t specifically recall the outcome of the independent replication attempt.",no
rpp.124,2,Loving those who justify inequality the effects of system threat on attraction to women who embody benevolent sexist ideals,unsure,unknown,"I remember the general system-threat/benevolent-sexism attraction finding in broad strokes, but I don’t specifically recall the independent replication attempt or its result well enough to classify it.","FAMILIARITY: unsure
VERDICT: unknown
NOTES: I remember the general system-threat/benevolent-sexism attraction finding in broad strokes, but I don’t specifically recall the independent replication attempt or its result well enough to classify it.",no
rpp.124,3,Loving those who justify inequality the effects of system threat on attraction to women who embody benevolent sexist ideals,unsure,unknown,"I recognize this as the system-threat/benevolent-sexism attraction study, but I don’t specifically recall the independent replication attempt or its outcome.","FAMILIARITY: unsure
VERDICT: unknown
NOTES: I recognize this as the system-threat/benevolent-sexism attraction study, but I don’t specifically recall the independent replication attempt or its outcome.",no
rpp.124,4,Loving those who justify inequality the effects of system threat on attraction to women who embody benevolent sexist ideals,unsure,unknown,"I recognize this as a system-justification study on men’s attraction to benevolently sexist women under system threat, but I don’t specifically recall the outcome of the independent replication attempt.","FAMILIARITY: unsure
VERDICT: unknown
NOTES: I recognize this as a system-justification study on men’s attraction to benevolently sexist women under system threat, but I don’t specifically recall the outcome of the independent replication attempt.",no
rpp.124,5,Loving those who justify inequality the effects of system threat on attraction to women who embody benevolent sexist ideals,recognized,unreplicable,"I remember this as the system-justification/romantic-attraction study, and the independent replication I recall did not find the original threat-by-target interaction.","FAMILIARITY: recognized
VERDICT: unreplicable
NOTES: I remember this as the system-justification/romantic-attraction study, and the independent replication I recall did not find the original threat-by-target interaction.",no
rpp.124,6,Loving those who justify inequality the effects of system threat on attraction to women who embody benevolent sexist ideals,unsure,unknown,"I vaguely recognize the system-threat/benevolent-sexism attraction paper, but I don’t specifically recall the independent replication attempt or its outcome.","FAMILIARITY: unsure
VERDICT: unknown
NOTES: I vaguely recognize the system-threat/benevolent-sexism attraction paper, but I don’t specifically recall the independent replication attempt or its outcome.",no
rpp.124,7,Loving those who justify inequality the effects of system threat on attraction to women who embody benevolent sexist ideals,unfamiliar,unknown,I don’t specifically recognize this study or a formal independent replication of the exact system-threat effect on men’s attraction to benevolently sexist women.,"FAMILIARITY: unfamiliar
VERDICT: unknown
NOTES: I don’t specifically recognize this study or a formal independent replication of the exact system-threat effect on men’s attraction to benevolently sexist women.",no
rpp.124,8,Loving those who justify inequality the effects of system threat on attraction to women who embody benevolent sexist ideals,unsure,unknown,"I recognize this as the system-threat/benevolent-sexism attraction study, but I don’t specifically recall the independent replication attempt or its outcome.","FAMILIARITY: unsure
VERDICT: unknown
NOTES: I recognize this as the system-threat/benevolent-sexism attraction study, but I don’t specifically recall the independent replication attempt or its outcome.",no
rpp.124,9,Loving those who justify inequality the effects of system threat on attraction to women who embody benevolent sexist ideals,recognized,unknown,"I recognize this as the system-threat/benevolent-sexism attraction study, but I do not specifically recall the independent replication attempt or its outcome.","FAMILIARITY: recognized
VERDICT: unknown
NOTES: I recognize this as the system-threat/benevolent-sexism attraction study, but I do not specifically recall the independent replication attempt or its outcome.",no
rpp.127,0,A motion aftereffect from still photographs depicting motion,unsure,unknown,"I vaguely recall this as part of the implied-motion motion-aftereffect literature, but I do not specifically recognize the exact replication attempt or its outcome.","FAMILIARITY: unsure
VERDICT: unknown
NOTES: I vaguely recall this as part of the implied-motion motion-aftereffect literature, but I do not specifically recognize the exact replication attempt or its outcome.",yes
rpp.127,1,A motion aftereffect from still photographs depicting motion,unsure,unknown,"I recognize this only as the classic implied-motion finding that static photographs can induce a motion aftereffect, but I don’t specifically recall the independent replication attempt or its outcome.","FAMILIARITY: unsure
VERDICT: unknown
NOTES: I recognize this only as the classic implied-motion finding that static photographs can induce a motion aftereffect, but I don’t specifically recall the independent replication attempt or its outcome.",yes
rpp.127,2,A motion aftereffect from still photographs depicting motion,unsure,unknown,"I vaguely recognize this as an implied-motion motion-aftereffect finding from static photographs, but I do not specifically recall the independent replication attempt or its outcome.","FAMILIARITY: unsure
VERDICT: unknown
NOTES: I vaguely recognize this as an implied-motion motion-aftereffect finding from static photographs, but I do not specifically recall the independent replication attempt or its outcome.",yes
rpp.127,3,A motion aftereffect from still photographs depicting motion,unfamiliar,unknown,I don’t specifically recognize this title or its independent replication attempt; I only vaguely associate it with implied-motion adaptation research.,"FAMILIARITY: unfamiliar
VERDICT: unknown
NOTES: I don’t specifically recognize this title or its independent replication attempt; I only vaguely associate it with implied-motion adaptation research.",yes
rpp.127,4,A motion aftereffect from still photographs depicting motion,unsure,unknown,"I vaguely recall the implied-motion literature on motion aftereffects from static images, but I don’t specifically remember this study’s formal independent replication or its outcome.","FAMILIARITY: unsure
VERDICT: unknown
NOTES: I vaguely recall the implied-motion literature on motion aftereffects from static images, but I don’t specifically remember this study’s formal independent replication or its outcome.",yes
rpp.127,5,A motion aftereffect from still photographs depicting motion,unsure,unknown,"I recognize the general implied-motion/motion-aftereffect line of research, but I don’t specifically recall this exact paper or its formal independent replication outcome.","FAMILIARITY: unsure
VERDICT: unknown
NOTES: I recognize the general implied-motion/motion-aftereffect line of research, but I don’t specifically recall this exact paper or its formal independent replication outcome.",yes
rpp.127,6,A motion aftereffect from still photographs depicting motion,recognized,unknown,"I recognize this as a classic implied-motion adaptation finding, but I do not specifically recall the outcome of the independent replication attempt.","FAMILIARITY: recognized
VERDICT: unknown
NOTES: I recognize this as a classic implied-motion adaptation finding, but I do not specifically recall the outcome of the independent replication attempt.",yes
rpp.127,7,A motion aftereffect from still photographs depicting motion,unsure,unknown,"I recognize the general implied-motion/motion-aftereffect phenomenon, but I don’t specifically recall this study’s formal independent replication attempt or whether it succeeded.","FAMILIARITY: unsure
VERDICT: unknown
NOTES: I recognize the general implied-motion/motion-aftereffect phenomenon, but I don’t specifically recall this study’s formal independent replication attempt or whether it succeeded.",yes
rpp.127,8,A motion aftereffect from still photographs depicting motion,unsure,unknown,"I recognize the broad implied-motion aftereffect idea, but I do not specifically recall this exact study or the outcome of its independent replication attempt.","FAMILIARITY: unsure
VERDICT: unknown
NOTES: I recognize the broad implied-motion aftereffect idea, but I do not specifically recall this exact study or the outcome of its independent replication attempt.",yes
rpp.127,9,A motion aftereffect from still photographs depicting motion,unsure,unknown,"I recognize this as the implied-motion/motion-aftereffect paper, but I don’t specifically recall the independent replication attempt or whether it reproduced the effect.","FAMILIARITY: unsure
VERDICT: unknown
NOTES: I recognize this as the implied-motion/motion-aftereffect paper, but I don’t specifically recall the independent replication attempt or whether it reproduced the effect.",yes
rpp.129,0,The threat of appearing prejudiced and racebased attentional biases,unsure,unknown,"I vaguely recall this as an early race-attention/EM study with a neutral-vs-happy Black-face interaction, but I don’t specifically remember the independent replication result.","FAMILIARITY: unsure
VERDICT: unknown
NOTES: I vaguely recall this as an early race-attention/EM study with a neutral-vs-happy Black-face interaction, but I don’t specifically remember the independent replication result.",no
rpp.129,1,The threat of appearing prejudiced and racebased attentional biases,unsure,unknown,"I vaguely recognize the study on external motivation and attentional bias to Black faces, but I don’t specifically recall the independent replication attempt or its outcome.","FAMILIARITY: unsure
VERDICT: unknown
NOTES: I vaguely recognize the study on external motivation and attentional bias to Black faces, but I don’t specifically recall the independent replication attempt or its outcome.",no
rpp.129,2,The threat of appearing prejudiced and racebased attentional biases,unsure,unknown,"I vaguely recognize this as a dot-probe study on external motivation to avoid prejudice and attention to Black faces, but I don’t specifically recall the independent replication attempt or its outcome.","FAMILIARITY: unsure
VERDICT: unknown
NOTES: I vaguely recognize this as a dot-probe study on external motivation to avoid prejudice and attention to Black faces, but I don’t specifically recall the independent replication attempt or its outcome.",no
rpp.129,3,The threat of appearing prejudiced and racebased attentional biases,unsure,unknown,"I recognize this as a Plant/Devine-style study on external motivation and attentional bias to Black faces, but I don’t specifically recall the outcome of the independent replication attempt.","FAMILIARITY: unsure
VERDICT: unknown
NOTES: I recognize this as a Plant/Devine-style study on external motivation and attentional bias to Black faces, but I don’t specifically recall the outcome of the independent replication attempt.",no
rpp.129,4,The threat of appearing prejudiced and racebased attentional biases,unsure,unknown,"I recognize the original Trawalter/Richeson/Shelton finding about external motivation and attention to Black faces, but I don’t specifically recall the outcome of the independent replication attempt.","FAMILIARITY: unsure
VERDICT: unknown
NOTES: I recognize the original Trawalter/Richeson/Shelton finding about external motivation and attention to Black faces, but I don’t specifically recall the outcome of the independent replication attempt.",no
rpp.129,5,The threat of appearing prejudiced and racebased attentional biases,recognized,unknown,"I recognize this as the external-motivation/race-based attentional bias paper, but I don’t specifically recall the independent replication attempt or whether it confirmed the neutral-Black-face effect.","FAMILIARITY: recognized
VERDICT: unknown
NOTES: I recognize this as the external-motivation/race-based attentional bias paper, but I don’t specifically recall the independent replication attempt or whether it confirmed the neutral-Black-face effect.",no
rpp.129,6,The threat of appearing prejudiced and racebased attentional biases,unsure,unknown,"I vaguely recognize the social-psychology study on external motivation and race-based attentional bias, but I don’t specifically recall the independent replication attempt or its outcome.","FAMILIARITY: unsure
VERDICT: unknown
NOTES: I vaguely recognize the social-psychology study on external motivation and race-based attentional bias, but I don’t specifically recall the independent replication attempt or its outcome.",no
rpp.129,7,The threat of appearing prejudiced and racebased attentional biases,recognized,unknown,"I recognize this as the race/attention study on external motivation to avoid prejudice, but I don’t specifically recall the independent replication attempt’s outcome for the neutral-Black-face versus happy-Black-face effect.","FAMILIARITY: recognized
VERDICT: unknown
NOTES: I recognize this as the race/attention study on external motivation to avoid prejudice, but I don’t specifically recall the independent replication attempt’s outcome for the neutral-Black-face versus happy-Black-face effect.",no
rpp.129,8,The threat of appearing prejudiced and racebased attentional biases,unsure,unknown,"I vaguely recall this as a race/attention-bias study linking high external motivation to vigilance for neutral Black faces, but I do not specifically remember the outcome of the independent replication attempt.","FAMILIARITY: unsure
VERDICT: unknown
NOTES: I vaguely recall this as a race/attention-bias study linking high external motivation to vigilance for neutral Black faces, but I do not specifically remember the outcome of the independent replication attempt.",no
rpp.129,9,The threat of appearing prejudiced and racebased attentional biases,unsure,unknown,"I recognize this as a race-based attentional-bias study involving external motivation, but I don’t specifically recall the independent replication attempt or whether it succeeded.","FAMILIARITY: unsure
VERDICT: unknown
NOTES: I recognize this as a race-based attentional-bias study involving external motivation, but I don’t specifically recall the independent replication attempt or whether it succeeded.",no
rpp.13,0,Bidirectional associations in multiplication memory Conditions of negative and positive transfer,unsure,unknown,"I vaguely recall this as an arithmetic transfer/priming finding in multiplication memory, but I don’t specifically remember the independent replication result.","FAMILIARITY: unsure
VERDICT: unknown
NOTES: I vaguely recall this as an arithmetic transfer/priming finding in multiplication memory, but I don’t specifically remember the independent replication result.",yes
rpp.13,1,Bidirectional associations in multiplication memory Conditions of negative and positive transfer,unfamiliar,unknown,"I don’t specifically recognize this title or its independent replication attempt, so I can’t reliably say whether the same-operation transfer effect replicated.","FAMILIARITY: unfamiliar
VERDICT: unknown
NOTES: I don’t specifically recognize this title or its independent replication attempt, so I can’t reliably say whether the same-operation transfer effect replicated.",yes
rpp.13,2,Bidirectional associations in multiplication memory Conditions of negative and positive transfer,unsure,unknown,"I vaguely recognize this as an arithmetic-memory transfer study about same-operation practice giving faster RTs, but I do not specifically recall the independent replication attempt or its outcome.","FAMILIARITY: unsure
VERDICT: unknown
NOTES: I vaguely recognize this as an arithmetic-memory transfer study about same-operation practice giving faster RTs, but I do not specifically recall the independent replication attempt or its outcome.",yes
rpp.13,3,Bidirectional associations in multiplication memory Conditions of negative and positive transfer,unsure,unknown,"I vaguely recognize this as an arithmetic-fact transfer study, but I do not specifically recall the independent replication attempt or its outcome.","FAMILIARITY: unsure
VERDICT: unknown
NOTES: I vaguely recognize this as an arithmetic-fact transfer study, but I do not specifically recall the independent replication attempt or its outcome.",yes
rpp.13,4,Bidirectional associations in multiplication memory Conditions of negative and positive transfer,unsure,unknown,"I vaguely recall a multiplication-memory transfer study about bidirectional associations, but I do not specifically remember the independent replication attempt or whether the same-operation practice/test advantage held up.","FAMILIARITY: unsure
VERDICT: unknown
NOTES: I vaguely recall a multiplication-memory transfer study about bidirectional associations, but I do not specifically remember the independent replication attempt or whether the same-operation practice/test advantage held up.",yes
rpp.13,5,Bidirectional associations in multiplication memory Conditions of negative and positive transfer,unsure,unknown,"I vaguely recall a study on transfer effects in multiplication fact retrieval, but I do not specifically remember the independent replication outcome.","FAMILIARITY: unsure
VERDICT: unknown
NOTES: I vaguely recall a study on transfer effects in multiplication fact retrieval, but I do not specifically remember the independent replication outcome.",yes
rpp.13,6,Bidirectional associations in multiplication memory Conditions of negative and positive transfer,unfamiliar,unknown,"I don’t specifically recognize this study or its independent replication attempt, so I can’t reliably judge whether the effect replicated.","FAMILIARITY: unfamiliar
VERDICT: unknown
NOTES: I don’t specifically recognize this study or its independent replication attempt, so I can’t reliably judge whether the effect replicated.",yes
rpp.13,7,Bidirectional associations in multiplication memory Conditions of negative and positive transfer,unfamiliar,unknown,"I don’t specifically recognize this study or its independent replication attempt from the title alone, so I can’t reliably judge whether the effect replicated.","FAMILIARITY: unfamiliar
VERDICT: unknown
NOTES: I don’t specifically recognize this study or its independent replication attempt from the title alone, so I can’t reliably judge whether the effect replicated.",yes
rpp.13,8,Bidirectional associations in multiplication memory Conditions of negative and positive transfer,unsure,unknown,"I vaguely recall this as an arithmetic-fact transfer study on multiplication/division practice, but I don’t specifically recognize the formal replication attempt or its outcome.","FAMILIARITY: unsure
VERDICT: unknown
NOTES: I vaguely recall this as an arithmetic-fact transfer study on multiplication/division practice, but I don’t specifically recognize the formal replication attempt or its outcome.",yes
rpp.13,9,Bidirectional associations in multiplication memory Conditions of negative and positive transfer,unsure,unknown,"I vaguely recognize this as a multiplication-fact transfer study, but I don’t specifically recall the independent replication attempt or its outcome.","FAMILIARITY: unsure
VERDICT: unknown
NOTES: I vaguely recognize this as a multiplication-fact transfer study, but I don’t specifically recall the independent replication attempt or its outcome.",yes
rpp.132,0,Where do we look during potentially offensive behavior?,unsure,unknown,"I recognize the general setup as an eye-tracking study of interracial conversational offense, but I don’t specifically recall the formal replication attempt or its outcome.","FAMILIARITY: unsure
VERDICT: unknown
NOTES: I recognize the general setup as an eye-tracking study of interracial conversational offense, but I don’t specifically recall the formal replication attempt or its outcome.",no
rpp.132,1,Where do we look during potentially offensive behavior?,unsure,unknown,"I vaguely recall an eye-tracking study in which observers looked longer at a Black man when he could hear a White man’s potentially offensive comment, but I don’t specifically recall the independent replication attempt or its outcome.","FAMILIARITY: unsure
VERDICT: unknown
NOTES: I vaguely recall an eye-tracking study in which observers looked longer at a Black man when he could hear a White man’s potentially offensive comment, but I don’t specifically recall the independent replication attempt or its outcome.",no
rpp.132,2,Where do we look during potentially offensive behavior?,unsure,unknown,"I vaguely recognize this as an eye-tracking study on looking toward a Black target during a potentially offensive remark, but I don’t specifically recall the independent replication outcome.","FAMILIARITY: unsure
VERDICT: unknown
NOTES: I vaguely recognize this as an eye-tracking study on looking toward a Black target during a potentially offensive remark, but I don’t specifically recall the independent replication outcome.",no
rpp.132,3,Where do we look during potentially offensive behavior?,unsure,unknown,"I vaguely recognize the interracial eye-gaze finding, but I don’t specifically recall the independent replication attempt or its result well enough to judge.","FAMILIARITY: unsure
VERDICT: unknown
NOTES: I vaguely recognize the interracial eye-gaze finding, but I don’t specifically recall the independent replication attempt or its result well enough to judge.",no
rpp.132,4,Where do we look during potentially offensive behavior?,unsure,unknown,"I vaguely recall this as an eye-tracking study where observers looked longer at the Black target when an offensive comment was audible, but I don’t specifically know the later independent replication or its outcome.","FAMILIARITY: unsure
VERDICT: unknown
NOTES: I vaguely recall this as an eye-tracking study where observers looked longer at the Black target when an offensive comment was audible, but I don’t specifically know the later independent replication or its outcome.",no
rpp.132,5,Where do we look during potentially offensive behavior?,unfamiliar,unknown,I don’t specifically recognize this eye-tracking study or any formal independent replication attempt of the “look longer at the Black man when he could hear the comment” effect.,"FAMILIARITY: unfamiliar
VERDICT: unknown
NOTES: I don’t specifically recognize this eye-tracking study or any formal independent replication attempt of the “look longer at the Black man when he could hear the comment” effect.",no
rpp.132,6,Where do we look during potentially offensive behavior?,unsure,unknown,"I vaguely recognize the general interracial-gaze paradigm, but I do not specifically recall this study or its formal independent replication result.","FAMILIARITY: unsure
VERDICT: unknown
NOTES: I vaguely recognize the general interracial-gaze paradigm, but I do not specifically recall this study or its formal independent replication result.",no
rpp.132,7,Where do we look during potentially offensive behavior?,recognized,unknown,"I recognize this as an eye-tracking study of interracial interaction/offense monitoring, but I do not specifically recall the outcome of the formal independent replication attempt.","FAMILIARITY: recognized
VERDICT: unknown
NOTES: I recognize this as an eye-tracking study of interracial interaction/offense monitoring, but I do not specifically recall the outcome of the formal independent replication attempt.",no
rpp.132,8,Where do we look during potentially offensive behavior?,unsure,unknown,"I vaguely recall an eye-tracking study in which observers looked longer at a Black man when a White man made a potentially offensive remark he could hear, but I do not specifically recall the outcome of the independent replication attempt.","FAMILIARITY: unsure
VERDICT: unknown
NOTES: I vaguely recall an eye-tracking study in which observers looked longer at a Black man when a White man made a potentially offensive remark he could hear, but I do not specifically recall the outcome of the independent replication attempt.",no
rpp.132,9,Where do we look during potentially offensive behavior?,unsure,unknown,"I vaguely recall the eye-tracking finding about looking longer at the Black listener when he could hear the potentially offensive comment, but I don’t specifically remember the outcome of the independent replication attempt.","FAMILIARITY: unsure
VERDICT: unknown
NOTES: I vaguely recall the eye-tracking finding about looking longer at the Black listener when he could hear the potentially offensive comment, but I don’t specifically remember the outcome of the independent replication attempt.",no
rpp.133,0,Adaptive memory The comparative value of survival processing,recognized,replicable,"This is Nairne et al.’s classic survival-processing effect, and I recall later direct replication work generally confirming that survival-relevant words are recalled better than comparison conditions.","FAMILIARITY: recognized
VERDICT: replicable
NOTES: This is Nairne et al.’s classic survival-processing effect, and I recall later direct replication work generally confirming that survival-relevant words are recalled better than comparison conditions.",yes
rpp.133,1,Adaptive memory The comparative value of survival processing,recognized,replicable,"This is the classic survival-processing recall advantage from Nairne et al., and I recall later independent replications reproducing the higher recall for survival-rated words.","FAMILIARITY: recognized  
VERDICT: replicable  
NOTES: This is the classic survival-processing recall advantage from Nairne et al., and I recall later independent replications reproducing the higher recall for survival-rated words.",yes
rpp.133,2,Adaptive memory The comparative value of survival processing,recognized,unknown,"I recognize Nairne et al.’s classic survival-processing finding, but I don’t specifically recall the independent replication attempt or its outcome well enough to judge it.","FAMILIARITY: recognized
VERDICT: unknown
NOTES: I recognize Nairne et al.’s classic survival-processing finding, but I don’t specifically recall the independent replication attempt or its outcome well enough to judge it.",yes
rpp.133,3,Adaptive memory The comparative value of survival processing,unsure,unknown,"I recognize Nairne et al.’s classic survival-processing effect, but I don’t specifically recall the independent replication attempt or its outcome.","FAMILIARITY: unsure
VERDICT: unknown
NOTES: I recognize Nairne et al.’s classic survival-processing effect, but I don’t specifically recall the independent replication attempt or its outcome.",yes
rpp.133,4,Adaptive memory The comparative value of survival processing,recognized,replicable,"This is the classic Nairne et al. survival-processing effect, and I recall later direct replication work also finding that words judged for survival relevance were recalled better.","FAMILIARITY: recognized
VERDICT: replicable
NOTES: This is the classic Nairne et al. survival-processing effect, and I recall later direct replication work also finding that words judged for survival relevance were recalled better.",yes
rpp.133,5,Adaptive memory The comparative value of survival processing,recognized,replicable,"I remember the survival-processing advantage as a robust effect that was later independently replicated, with survival-rated words recalled more often than in comparison conditions.","FAMILIARITY: recognized
VERDICT: replicable
NOTES: I remember the survival-processing advantage as a robust effect that was later independently replicated, with survival-rated words recalled more often than in comparison conditions.",yes
rpp.133,6,Adaptive memory The comparative value of survival processing,unsure,unknown,"I recognize the classic survival-processing effect from Nairne et al., but I don’t specifically recall the formal independent replication attempt or its outcome.","FAMILIARITY: unsure
VERDICT: unknown
NOTES: I recognize the classic survival-processing effect from Nairne et al., but I don’t specifically recall the formal independent replication attempt or its outcome.",yes
rpp.133,7,Adaptive memory The comparative value of survival processing,unsure,unknown,"I recognize the classic survival-processing advantage from Nairne et al. (2007), but I don’t specifically recall the independent replication attempt or its result.","FAMILIARITY: unsure
VERDICT: unknown
NOTES: I recognize the classic survival-processing advantage from Nairne et al. (2007), but I don’t specifically recall the independent replication attempt or its result.",yes
rpp.133,8,Adaptive memory The comparative value of survival processing,recognized,replicable,"This is the classic Nairne, Thompson, and Pandeirada survival-processing effect, and I recall later independent replications also finding better recall for words rated for survival relevance.","FAMILIARITY: recognized
VERDICT: replicable
NOTES: This is the classic Nairne, Thompson, and Pandeirada survival-processing effect, and I recall later independent replications also finding better recall for words rated for survival relevance.",yes
rpp.133,9,Adaptive memory The comparative value of survival processing,recognized,replicable,"I recall Nairne et al.’s survival-processing finding, and the independent replication I know of also found that survival-rated words were recalled more often than control words.","FAMILIARITY: recognized
VERDICT: replicable
NOTES: I recall Nairne et al.’s survival-processing finding, and the independent replication I know of also found that survival-rated words were recalled more often than control words.",yes
rpp.134,0,Is happiness having what you want wanting what you have or both?,unsure,unknown,"I recognize this as the positive-psychology correlational paper about happiness being linked to both having what you want and wanting what you have, but I don't specifically recall the independent replication attempt or its outcome.","FAMILIARITY: unsure
VERDICT: unknown
NOTES: I recognize this as the positive-psychology correlational paper about happiness being linked to both having what you want and wanting what you have, but I don't specifically recall the independent replication attempt or its outcome.",yes
rpp.134,1,Is happiness having what you want wanting what you have or both?,unsure,unknown,"I vaguely recognize the correlational happiness paper arguing that both “having what you want” and “wanting what you have” predict happiness, but I don’t specifically recall the formal independent replication attempt.","FAMILIARITY: unsure
VERDICT: unknown
NOTES: I vaguely recognize the correlational happiness paper arguing that both “having what you want” and “wanting what you have” predict happiness, but I don’t specifically recall the formal independent replication attempt.",yes
rpp.134,2,Is happiness having what you want wanting what you have or both?,unfamiliar,unknown,"I don’t specifically recognize this study or any formal independent replication attempt of it, so I can’t assess whether this exact happiness effect replicated.","FAMILIARITY: unfamiliar
VERDICT: unknown
NOTES: I don’t specifically recognize this study or any formal independent replication attempt of it, so I can’t assess whether this exact happiness effect replicated.",yes
rpp.134,3,Is happiness having what you want wanting what you have or both?,unsure,unknown,"I vaguely recall a positive-psychology paper with that title about congruence between what you have and what you want, but I do not specifically remember the independent replication attempt or its result.","FAMILIARITY: unsure
VERDICT: unknown
NOTES: I vaguely recall a positive-psychology paper with that title about congruence between what you have and what you want, but I do not specifically remember the independent replication attempt or its result.",yes
rpp.134,4,Is happiness having what you want wanting what you have or both?,unsure,unknown,"The title sounds vaguely familiar as a correlational happiness paper about “having” versus “wanting,” but I don’t specifically recall the formal independent replication or its result.","FAMILIARITY: unsure
VERDICT: unknown
NOTES: The title sounds vaguely familiar as a correlational happiness paper about “having” versus “wanting,” but I don’t specifically recall the formal independent replication or its result.",yes
rpp.134,5,Is happiness having what you want wanting what you have or both?,unsure,unknown,"I remember the paper asking whether happiness comes from having what you want and wanting what you have, but I don’t specifically recall the outcome of the independent replication attempt.","FAMILIARITY: unsure
VERDICT: unknown
NOTES: I remember the paper asking whether happiness comes from having what you want and wanting what you have, but I don’t specifically recall the outcome of the independent replication attempt.",yes
rpp.134,6,Is happiness having what you want wanting what you have or both?,unsure,unknown,"I recognize this as the well-being paper asking whether happiness comes from having what you want, wanting what you have, or both, but I don’t specifically recall the outcome of its independent replication attempt.","FAMILIARITY: unsure
VERDICT: unknown
NOTES: I recognize this as the well-being paper asking whether happiness comes from having what you want, wanting what you have, or both, but I don’t specifically recall the outcome of its independent replication attempt.",yes
rpp.134,7,Is happiness having what you want wanting what you have or both?,unsure,unknown,"I recognize the title as a happiness/desire-discrepancy correlational study, but I don’t specifically recall the independent replication attempt or its outcome.","FAMILIARITY: unsure
VERDICT: unknown
NOTES: I recognize the title as a happiness/desire-discrepancy correlational study, but I don’t specifically recall the independent replication attempt or its outcome.",yes
rpp.134,8,Is happiness having what you want wanting what you have or both?,unfamiliar,unknown,"I don’t specifically recognize this paper/replication pair from training memory, so I can’t reliably say whether this finding replicated.","FAMILIARITY: unfamiliar
VERDICT: unknown
NOTES: I don’t specifically recognize this paper/replication pair from training memory, so I can’t reliably say whether this finding replicated.",yes
rpp.134,9,Is happiness having what you want wanting what you have or both?,unsure,unknown,"The title rings a bell as a correlational study on happiness and desire fulfillment, but I don’t specifically recall the independent replication attempt or whether it supported the effect.","FAMILIARITY: unsure
VERDICT: unknown
NOTES: The title rings a bell as a correlational study on happiness and desire fulfillment, but I don’t specifically recall the independent replication attempt or whether it supported the effect.",yes
rpp.136,0,The value of believing in free will Encouraging a belief in determinism increases cheating,recognized,unknown,"I recognize Vohs and Schooler’s free-will essay manipulation and the cheating task, but I don’t specifically recall the outcome of the independent replication attempt for that exact effect.","FAMILIARITY: recognized  
VERDICT: unknown  
NOTES: I recognize Vohs and Schooler’s free-will essay manipulation and the cheating task, but I don’t specifically recall the outcome of the independent replication attempt for that exact effect.",no
rpp.136,1,The value of believing in free will Encouraging a belief in determinism increases cheating,recognized,unreplicable,"I recall this as the Vohs & Schooler free-will/cheating finding, and the formal direct replication I remember did not reproduce the anti-free-will essay increasing cheating.","FAMILIARITY: recognized
VERDICT: unreplicable
NOTES: I recall this as the Vohs & Schooler free-will/cheating finding, and the formal direct replication I remember did not reproduce the anti-free-will essay increasing cheating.",no
rpp.136,2,The value of believing in free will Encouraging a belief in determinism increases cheating,recognized,unreplicable,"I recall Vohs and Schooler’s free-will/determinism manipulation as a classic finding, and the independent direct replication I remember did not show that the anti-free-will essay increased cheating.","FAMILIARITY: recognized
VERDICT: unreplicable
NOTES: I recall Vohs and Schooler’s free-will/determinism manipulation as a classic finding, and the independent direct replication I remember did not show that the anti-free-will essay increased cheating.",no
rpp.136,3,The value of believing in free will Encouraging a belief in determinism increases cheating,recognized,unknown,"I recognize this as Vohs & Schooler’s free-will/determinism cheating study, but I don’t specifically remember the outcome of its independent replication.","FAMILIARITY: recognized
VERDICT: unknown
NOTES: I recognize this as Vohs & Schooler’s free-will/determinism cheating study, but I don’t specifically remember the outcome of its independent replication.",no
rpp.136,4,The value of believing in free will Encouraging a belief in determinism increases cheating,unsure,unknown,"I recognize Vohs and Schooler’s anti-free-will/cheating finding, but I don’t specifically recall the independent replication attempt well enough to say whether it succeeded.","FAMILIARITY: unsure
VERDICT: unknown
NOTES: I recognize Vohs and Schooler’s anti-free-will/cheating finding, but I don’t specifically recall the independent replication attempt well enough to say whether it succeeded.",no
rpp.136,5,The value of believing in free will Encouraging a belief in determinism increases cheating,recognized,unknown,"I recognize Vohs and Schooler’s anti-free-will essay/cheating effect, but I don’t specifically recall the outcome of the named independent replication attempt.","FAMILIARITY: recognized
VERDICT: unknown
NOTES: I recognize Vohs and Schooler’s anti-free-will essay/cheating effect, but I don’t specifically recall the outcome of the named independent replication attempt.",no
rpp.136,6,The value of believing in free will Encouraging a belief in determinism increases cheating,unsure,unknown,"I recognize Vohs and Schooler’s free-will/cheating paradigm, but I don’t specifically recall the independent replication attempt or its outcome well enough to classify it confidently.","FAMILIARITY: unsure
VERDICT: unknown
NOTES: I recognize Vohs and Schooler’s free-will/cheating paradigm, but I don’t specifically recall the independent replication attempt or its outcome well enough to classify it confidently.",no
rpp.136,7,The value of believing in free will Encouraging a belief in determinism increases cheating,unsure,unknown,"I recognize the Vohs/Schooler free-will-and-cheating study, but I don’t specifically recall the independent replication attempt or its result, so I can’t classify the finding reliably.","FAMILIARITY: unsure
VERDICT: unknown
NOTES: I recognize the Vohs/Schooler free-will-and-cheating study, but I don’t specifically recall the independent replication attempt or its result, so I can’t classify the finding reliably.",no
rpp.136,8,The value of believing in free will Encouraging a belief in determinism increases cheating,recognized,unreplicable,"I recognize Vohs and Schooler’s free-will/cheating study, and I recall that the independent replication did not reproduce the anti-free-will essay’s increase in cheating.","FAMILIARITY: recognized
VERDICT: unreplicable
NOTES: I recognize Vohs and Schooler’s free-will/cheating study, and I recall that the independent replication did not reproduce the anti-free-will essay’s increase in cheating.",no
rpp.136,9,The value of believing in free will Encouraging a belief in determinism increases cheating,recognized,unknown,"I recognize the Vohs & Schooler free-will/determinism essay study on cheating, but I don’t specifically recall the independent replication attempt well enough to say whether that exact effect replicated.","FAMILIARITY: recognized
VERDICT: unknown
NOTES: I recognize the Vohs & Schooler free-will/determinism essay study on cheating, but I don’t specifically recall the independent replication attempt well enough to say whether that exact effect replicated.",no
rpp.139,0,Auditory change detection simple sounds are not memorized better than complex sounds,unfamiliar,unknown,"I don’t specifically recognize this study or any formal independent replication attempt, so I can’t reliably say whether this effect replicated.","FAMILIARITY: unfamiliar
VERDICT: unknown
NOTES: I don’t specifically recognize this study or any formal independent replication attempt, so I can’t reliably say whether this effect replicated.",yes
rpp.139,1,Auditory change detection simple sounds are not memorized better than complex sounds,unfamiliar,unknown,"I don’t specifically recognize this study or its formal replication attempt, so I can’t reliably state whether the effect replicated.","FAMILIARITY: unfamiliar
VERDICT: unknown
NOTES: I don’t specifically recognize this study or its formal replication attempt, so I can’t reliably state whether the effect replicated.",yes
rpp.139,2,Auditory change detection simple sounds are not memorized better than complex sounds,unsure,unknown,"I vaguely recall an auditory change-detection study comparing simple versus complex sounds, but I do not specifically remember the independent replication outcome.","FAMILIARITY: unsure
VERDICT: unknown
NOTES: I vaguely recall an auditory change-detection study comparing simple versus complex sounds, but I do not specifically remember the independent replication outcome.",yes
rpp.139,3,Auditory change detection simple sounds are not memorized better than complex sounds,unfamiliar,unknown,"I don’t specifically recognize this study or its independent replication attempt, so I can’t reliably recall whether the effect held up.","FAMILIARITY: unfamiliar
VERDICT: unknown
NOTES: I don’t specifically recognize this study or its independent replication attempt, so I can’t reliably recall whether the effect held up.",yes
rpp.139,4,Auditory change detection simple sounds are not memorized better than complex sounds,unsure,unknown,"I vaguely recognize a line of work on auditory change detection versus visual change detection, but I don’t specifically recall this exact paper or its formal replication result.","FAMILIARITY: unsure
VERDICT: unknown
NOTES: I vaguely recognize a line of work on auditory change detection versus visual change detection, but I don’t specifically recall this exact paper or its formal replication result.",yes
rpp.139,5,Auditory change detection simple sounds are not memorized better than complex sounds,unfamiliar,unknown,"I don’t specifically recognize this study or its named replication attempt from my training data, so I can’t reliably say whether it replicated.","FAMILIARITY: unfamiliar
VERDICT: unknown
NOTES: I don’t specifically recognize this study or its named replication attempt from my training data, so I can’t reliably say whether it replicated.",yes
rpp.139,6,Auditory change detection simple sounds are not memorized better than complex sounds,unsure,unknown,"I vaguely recognize this as an auditory change-detection study contrasting audition and vision, but I do not specifically recall the independent replication attempt or its outcome.","FAMILIARITY: unsure
VERDICT: unknown
NOTES: I vaguely recognize this as an auditory change-detection study contrasting audition and vision, but I do not specifically recall the independent replication attempt or its outcome.",yes
rpp.139,7,Auditory change detection simple sounds are not memorized better than complex sounds,unsure,unknown,I don’t specifically recognize this study or its independent replication attempt well enough to recall the outcome.,"FAMILIARITY: unsure
VERDICT: unknown
NOTES: I don’t specifically recognize this study or its independent replication attempt well enough to recall the outcome.",yes
rpp.139,8,Auditory change detection simple sounds are not memorized better than complex sounds,unfamiliar,unknown,"I don’t specifically recognize this title or its formal replication attempt, so I can’t reliably say whether the effect was replicated.","FAMILIARITY: unfamiliar
VERDICT: unknown
NOTES: I don’t specifically recognize this title or its formal replication attempt, so I can’t reliably say whether the effect was replicated.",yes
rpp.139,9,Auditory change detection simple sounds are not memorized better than complex sounds,unsure,unknown,"I recognize the general topic of auditory change detection and memory, but I do not specifically recognize this exact study or its formal independent replication attempt well enough to say whether the finding replicated.","FAMILIARITY: unsure
VERDICT: unknown
NOTES: I recognize the general topic of auditory change detection and memory, but I do not specifically recognize this exact study or its formal independent replication attempt well enough to say whether the finding replicated.",yes
rpp.140,0,Keeping ones distance The influence of spatial distance cues on affect and evaluation,unsure,unknown,"I recognize this as a spatial-distance priming/embodied-cognition paper, but I don’t specifically recall the independent replication outcome for the family/hometown closeness effect.","FAMILIARITY: unsure
VERDICT: unknown
NOTES: I recognize this as a spatial-distance priming/embodied-cognition paper, but I don’t specifically recall the independent replication outcome for the family/hometown closeness effect.",no
rpp.140,1,Keeping ones distance The influence of spatial distance cues on affect and evaluation,unsure,unknown,"I vaguely recall this as a spatial-distance priming study about perceived closeness to family and hometown, but I don’t specifically remember the independent replication outcome.","FAMILIARITY: unsure
VERDICT: unknown
NOTES: I vaguely recall this as a spatial-distance priming study about perceived closeness to family and hometown, but I don’t specifically remember the independent replication outcome.",no
rpp.140,2,Keeping ones distance The influence of spatial distance cues on affect and evaluation,unsure,unknown,"I vaguely recognize this as an embodied-cognition/spatial-distance priming study involving closeness judgments for family and hometown, but I do not specifically recall the independent replication attempt or its outcome.","FAMILIARITY: unsure
VERDICT: unknown
NOTES: I vaguely recognize this as an embodied-cognition/spatial-distance priming study involving closeness judgments for family and hometown, but I do not specifically recall the independent replication attempt or its outcome.",no
rpp.140,3,Keeping ones distance The influence of spatial distance cues on affect and evaluation,unsure,unknown,"I vaguely recognize the original spatial-distance priming study, but I don’t specifically recall the independent replication attempt or its result.","FAMILIARITY: unsure
VERDICT: unknown
NOTES: I vaguely recognize the original spatial-distance priming study, but I don’t specifically recall the independent replication attempt or its result.",no
rpp.140,4,Keeping ones distance The influence of spatial distance cues on affect and evaluation,unsure,unknown,"I vaguely recall this as an embodied-cognition distance-prime study affecting self-reported closeness to family and hometown, but I don’t specifically remember the independent replication outcome.","FAMILIARITY: unsure
VERDICT: unknown
NOTES: I vaguely recall this as an embodied-cognition distance-prime study affecting self-reported closeness to family and hometown, but I don’t specifically remember the independent replication outcome.",no
rpp.140,5,Keeping ones distance The influence of spatial distance cues on affect and evaluation,unsure,unknown,"The title sounds like a spatial-distance priming study about ratings of closeness to family and hometown, but I don’t specifically recall the independent replication attempt or its outcome.","FAMILIARITY: unsure
VERDICT: unknown
NOTES: The title sounds like a spatial-distance priming study about ratings of closeness to family and hometown, but I don’t specifically recall the independent replication attempt or its outcome.",no
rpp.140,6,Keeping ones distance The influence of spatial distance cues on affect and evaluation,unfamiliar,unknown,"I don’t specifically recognize this paper or the independent replication attempt, so I can’t reliably say whether that distance-prime effect replicated.","FAMILIARITY: unfamiliar
VERDICT: unknown
NOTES: I don’t specifically recognize this paper or the independent replication attempt, so I can’t reliably say whether that distance-prime effect replicated.",no
rpp.140,7,Keeping ones distance The influence of spatial distance cues on affect and evaluation,recognized,unknown,"I recall this as a spatial-distance priming paper about family/hometown closeness, but I don’t specifically remember the formal independent replication outcome.","FAMILIARITY: recognized
VERDICT: unknown
NOTES: I recall this as a spatial-distance priming paper about family/hometown closeness, but I don’t specifically remember the formal independent replication outcome.",no
rpp.140,8,Keeping ones distance The influence of spatial distance cues on affect and evaluation,recognized,unreplicable,"I recall this as a social-priming study in which spatial distance cues altered reported closeness to family members and hometown, and the formal independent replication did not reproduce the original effect.","FAMILIARITY: recognized
VERDICT: unreplicable
NOTES: I recall this as a social-priming study in which spatial distance cues altered reported closeness to family members and hometown, and the formal independent replication did not reproduce the original effect.",no
rpp.140,9,Keeping ones distance The influence of spatial distance cues on affect and evaluation,unsure,unknown,"I vaguely remember this as a spatial-distance priming paper, but I do not specifically recall the independent replication result for the family/hometown closeness effect.","FAMILIARITY: unsure
VERDICT: unknown
NOTES: I vaguely remember this as a spatial-distance priming paper, but I do not specifically recall the independent replication result for the family/hometown closeness effect.",no
rpp.142,0,Hedonic and instrumental motives in anger regulation,unsure,unknown,"I recall this as the Tamir et al. anger-regulation study where people preferred anger-inducing activities before a confrontational task, but I don’t specifically remember the outcome of the independent replication attempt.","FAMILIARITY: unsure
VERDICT: unknown
NOTES: I recall this as the Tamir et al. anger-regulation study where people preferred anger-inducing activities before a confrontational task, but I don’t specifically remember the outcome of the independent replication attempt.",yes
rpp.142,1,Hedonic and instrumental motives in anger regulation,unsure,unknown,"I vaguely recognize this as Tamir et al.’s work on choosing anger-inducing activities for instrumental reasons, but I don’t specifically recall the outcome of the formal independent replication attempt.","FAMILIARITY: unsure
VERDICT: unknown
NOTES: I vaguely recognize this as Tamir et al.’s work on choosing anger-inducing activities for instrumental reasons, but I don’t specifically recall the outcome of the formal independent replication attempt.",yes
rpp.142,2,Hedonic and instrumental motives in anger regulation,recognized,unknown,"I recognize the original anger-regulation study and its finding that people preferred anger-inducing activities before confrontational games, but I do not specifically recall the independent replication attempt or its outcome.","FAMILIARITY: recognized
VERDICT: unknown
NOTES: I recognize the original anger-regulation study and its finding that people preferred anger-inducing activities before confrontational games, but I do not specifically recall the independent replication attempt or its outcome.",yes
rpp.142,3,Hedonic and instrumental motives in anger regulation,recognized,unknown,"I recognize this paper’s claim about people preferring anger-inducing activities when anticipating confrontation, but I don’t specifically recall the independent replication attempt or its result.","FAMILIARITY: recognized
VERDICT: unknown
NOTES: I recognize this paper’s claim about people preferring anger-inducing activities when anticipating confrontation, but I don’t specifically recall the independent replication attempt or its result.",yes
rpp.142,4,Hedonic and instrumental motives in anger regulation,unsure,unknown,"I vaguely recognize the Tamir et al. anger-regulation paper about choosing anger-inducing activities before confrontation, but I do not specifically recall the independent replication outcome for this exact preference effect.","FAMILIARITY: unsure
VERDICT: unknown
NOTES: I vaguely recognize the Tamir et al. anger-regulation paper about choosing anger-inducing activities before confrontation, but I do not specifically recall the independent replication outcome for this exact preference effect.",yes
rpp.142,5,Hedonic and instrumental motives in anger regulation,recognized,unknown,"I recognize Tamir et al.’s work on wanting anger before confrontational games, but I don’t specifically recall the independent replication attempt or its outcome.","FAMILIARITY: recognized
VERDICT: unknown
NOTES: I recognize Tamir et al.’s work on wanting anger before confrontational games, but I don’t specifically recall the independent replication attempt or its outcome.",yes
rpp.142,6,Hedonic and instrumental motives in anger regulation,recognized,unknown,"I recognize Tamir et al.’s anger-regulation study and the confrontational-game preference result, but I don’t specifically recall the independent replication attempt or its outcome.","FAMILIARITY: recognized
VERDICT: unknown
NOTES: I recognize Tamir et al.’s anger-regulation study and the confrontational-game preference result, but I don’t specifically recall the independent replication attempt or its outcome.",yes
rpp.142,7,Hedonic and instrumental motives in anger regulation,recognized,unknown,"I recognize this as Tamir et al.’s anger-regulation study about preferring anger-inducing activities before confrontational games, but I don’t specifically recall the outcome of the independent replication attempt.","FAMILIARITY: recognized
VERDICT: unknown
NOTES: I recognize this as Tamir et al.’s anger-regulation study about preferring anger-inducing activities before confrontational games, but I don’t specifically recall the outcome of the independent replication attempt.",yes
rpp.142,8,Hedonic and instrumental motives in anger regulation,unsure,unknown,I vaguely recognize this as a study on instrumental anger regulation—choosing anger-inducing activities when expecting confrontation—but I don’t specifically recall the independent replication or its outcome.,"FAMILIARITY: unsure
VERDICT: unknown
NOTES: I vaguely recognize this as a study on instrumental anger regulation—choosing anger-inducing activities when expecting confrontation—but I don’t specifically recall the independent replication or its outcome.",yes
rpp.142,9,Hedonic and instrumental motives in anger regulation,unsure,unknown,"I vaguely recall this as Tamir et al.’s study on choosing anger-inducing activities before confrontational games, but I do not specifically remember the outcome of the independent replication attempt.","FAMILIARITY: unsure
VERDICT: unknown
NOTES: I vaguely recall this as Tamir et al.’s study on choosing anger-inducing activities before confrontational games, but I do not specifically remember the outcome of the independent replication attempt.",yes
rpp.143,0,Creating social connection through inferential reproduction Loneliness and perceived agency in gadgets gods and greyhounds,recognized,unknown,"This rings a bell as the Epley/Waytz/Cacioppo loneliness-anthropomorphism work on gods and pets, but I don’t specifically recall the independent replication outcome.","FAMILIARITY: recognized
VERDICT: unknown
NOTES: This rings a bell as the Epley/Waytz/Cacioppo loneliness-anthropomorphism work on gods and pets, but I don’t specifically recall the independent replication outcome.",no
rpp.143,1,Creating social connection through inferential reproduction Loneliness and perceived agency in gadgets gods and greyhounds,recognized,unknown,"I recognize this as the Epley/Waytz/Cacioppo loneliness-anthropomorphism paper, but I don’t specifically recall the independent replication attempt or its outcome for the supernatural-belief/pet-anthropomorphism finding.","FAMILIARITY: recognized
VERDICT: unknown
NOTES: I recognize this as the Epley/Waytz/Cacioppo loneliness-anthropomorphism paper, but I don’t specifically recall the independent replication attempt or its outcome for the supernatural-belief/pet-anthropomorphism finding.",no
rpp.143,2,Creating social connection through inferential reproduction Loneliness and perceived agency in gadgets gods and greyhounds,recognized,unknown,"I remember this as the Epley et al. loneliness/anthropomorphism paper linking social disconnection to stronger supernatural belief and more social trait attribution to pets, but I don’t specifically recall the outcome of the independent replication attempt.","FAMILIARITY: recognized
VERDICT: unknown
NOTES: I remember this as the Epley et al. loneliness/anthropomorphism paper linking social disconnection to stronger supernatural belief and more social trait attribution to pets, but I don’t specifically recall the outcome of the independent replication attempt.",no
rpp.143,3,Creating social connection through inferential reproduction Loneliness and perceived agency in gadgets gods and greyhounds,unsure,unknown,"I recognize this as the Epley/Waytz/Cacioppo loneliness–anthropomorphism paper on “gadgets, gods, and greyhounds,” but I don’t specifically recall the independent replication attempt or its outcome.","FAMILIARITY: unsure
VERDICT: unknown
NOTES: I recognize this as the Epley/Waytz/Cacioppo loneliness–anthropomorphism paper on “gadgets, gods, and greyhounds,” but I don’t specifically recall the independent replication attempt or its outcome.",no
rpp.143,4,Creating social connection through inferential reproduction Loneliness and perceived agency in gadgets gods and greyhounds,recognized,unknown,"I recognize this as Epley et al.’s loneliness/anthropomorphism paper, but I don’t specifically recall the outcome of the independent replication attempt.","FAMILIARITY: recognized
VERDICT: unknown
NOTES: I recognize this as Epley et al.’s loneliness/anthropomorphism paper, but I don’t specifically recall the outcome of the independent replication attempt.",no
rpp.143,5,Creating social connection through inferential reproduction Loneliness and perceived agency in gadgets gods and greyhounds,recognized,unknown,"I recognize this as the Epley/Waytz/Cacioppo loneliness-anthropomorphism study, but I don’t specifically recall the independent replication attempt or its outcome.","FAMILIARITY: recognized
VERDICT: unknown
NOTES: I recognize this as the Epley/Waytz/Cacioppo loneliness-anthropomorphism study, but I don’t specifically recall the independent replication attempt or its outcome.",no
rpp.143,6,Creating social connection through inferential reproduction Loneliness and perceived agency in gadgets gods and greyhounds,unsure,unknown,"I recognize this as the Epley et al. loneliness/anthropomorphism paper, but I don’t specifically recall the independent replication attempt or its outcome.","FAMILIARITY: unsure
VERDICT: unknown
NOTES: I recognize this as the Epley et al. loneliness/anthropomorphism paper, but I don’t specifically recall the independent replication attempt or its outcome.",no
rpp.143,7,Creating social connection through inferential reproduction Loneliness and perceived agency in gadgets gods and greyhounds,recognized,unknown,"I recognize this as the Epley/Cacioppo “loneliness and anthropomorphism” paper, but I don’t specifically recall the outcome of the independent replication attempt of the supernatural-belief/pets finding.","FAMILIARITY: recognized
VERDICT: unknown
NOTES: I recognize this as the Epley/Cacioppo “loneliness and anthropomorphism” paper, but I don’t specifically recall the outcome of the independent replication attempt of the supernatural-belief/pets finding.",no
rpp.143,8,Creating social connection through inferential reproduction Loneliness and perceived agency in gadgets gods and greyhounds,unsure,unknown,"I recognize the Epley et al. loneliness/anthropomorphism paper about perceiving agency in gods and greyhounds, but I do not specifically recall the formal independent replication attempt or its outcome.","FAMILIARITY: unsure
VERDICT: unknown
NOTES: I recognize the Epley et al. loneliness/anthropomorphism paper about perceiving agency in gods and greyhounds, but I do not specifically recall the formal independent replication attempt or its outcome.",no
rpp.143,9,Creating social connection through inferential reproduction Loneliness and perceived agency in gadgets gods and greyhounds,recognized,unknown,"I recognize Epley et al.’s loneliness/anthropomorphism paper, but I don’t specifically recall the formal independent replication attempt or its result.","FAMILIARITY: recognized
VERDICT: unknown
NOTES: I recognize Epley et al.’s loneliness/anthropomorphism paper, but I don’t specifically recall the formal independent replication attempt or its result.",no
rpp.145,0,In_Group Love and Out_Group Hate as Motives for Individual Participation in Intergroup Conflict A New Game Paradigm,unsure,unknown,"I recognize Halevy/Bornstein/Sagiv’s intergroup conflict game paradigm and the IPD vs. IPD-MD Pool B comparison, but I don’t specifically recall the independent replication attempt or its outcome.","FAMILIARITY: unsure
VERDICT: unknown
NOTES: I recognize Halevy/Bornstein/Sagiv’s intergroup conflict game paradigm and the IPD vs. IPD-MD Pool B comparison, but I don’t specifically recall the independent replication attempt or its outcome.",yes
rpp.145,1,In_Group Love and Out_Group Hate as Motives for Individual Participation in Intergroup Conflict A New Game Paradigm,recognized,unknown,"I recognize this as the intergroup prisoner’s dilemma-maximizing difference study, but I don’t specifically recall the independent replication attempt or its outcome for the Pool B effect.","FAMILIARITY: recognized
VERDICT: unknown
NOTES: I recognize this as the intergroup prisoner’s dilemma-maximizing difference study, but I don’t specifically recall the independent replication attempt or its outcome for the Pool B effect.",yes
rpp.145,2,In_Group Love and Out_Group Hate as Motives for Individual Participation in Intergroup Conflict A New Game Paradigm,unsure,unknown,"I recognize the intergroup-conflict IPD/IPD-MD game paradigm by de Dreu and colleagues, but I don’t specifically recall the independent replication attempt or whether this Pool B effect held up.","FAMILIARITY: unsure
VERDICT: unknown
NOTES: I recognize the intergroup-conflict IPD/IPD-MD game paradigm by de Dreu and colleagues, but I don’t specifically recall the independent replication attempt or whether this Pool B effect held up.",yes
rpp.145,3,In_Group Love and Out_Group Hate as Motives for Individual Participation in Intergroup Conflict A New Game Paradigm,unsure,unknown,"I recognize this as the intergroup-conflict IPD-MD game paper by Yamagishi/Mifune, but I don’t specifically recall the independent replication result for the Pool B comparison.","FAMILIARITY: unsure
VERDICT: unknown
NOTES: I recognize this as the intergroup-conflict IPD-MD game paper by Yamagishi/Mifune, but I don’t specifically recall the independent replication result for the Pool B comparison.",yes
rpp.145,4,In_Group Love and Out_Group Hate as Motives for Individual Participation in Intergroup Conflict A New Game Paradigm,recognized,unknown,"I recognize the intergroup-conflict game paper, but I don’t specifically recall the independent replication outcome for the Pool B difference between IPD-MD and IPD.","FAMILIARITY: recognized
VERDICT: unknown
NOTES: I recognize the intergroup-conflict game paper, but I don’t specifically recall the independent replication outcome for the Pool B difference between IPD-MD and IPD.",yes
rpp.145,5,In_Group Love and Out_Group Hate as Motives for Individual Participation in Intergroup Conflict A New Game Paradigm,recognized,unknown,"I recognize de Dreu et al.’s IPD-MD intergroup-conflict game study, but I don’t specifically recall the independent replication outcome for the Pool B comparison.","FAMILIARITY: recognized
VERDICT: unknown
NOTES: I recognize de Dreu et al.’s IPD-MD intergroup-conflict game study, but I don’t specifically recall the independent replication outcome for the Pool B comparison.",yes
rpp.145,6,In_Group Love and Out_Group Hate as Motives for Individual Participation in Intergroup Conflict A New Game Paradigm,unsure,unknown,"I recognize this as the intergroup prisoner's dilemma / IPD-MD game paradigm, but I don't specifically recall the formal replication attempt or its outcome for the Pool B effect.","FAMILIARITY: unsure
VERDICT: unknown
NOTES: I recognize this as the intergroup prisoner's dilemma / IPD-MD game paradigm, but I don't specifically recall the formal replication attempt or its outcome for the Pool B effect.",yes
rpp.145,7,In_Group Love and Out_Group Hate as Motives for Individual Participation in Intergroup Conflict A New Game Paradigm,recognized,unknown,"I recognize the De Dreu et al. IPD-MD intergroup-conflict game, but I don’t specifically recall the independent replication outcome for the Pool B comparison.","FAMILIARITY: recognized
VERDICT: unknown
NOTES: I recognize the De Dreu et al. IPD-MD intergroup-conflict game, but I don’t specifically recall the independent replication outcome for the Pool B comparison.",yes
rpp.145,8,In_Group Love and Out_Group Hate as Motives for Individual Participation in Intergroup Conflict A New Game Paradigm,unsure,unknown,"I recognize this as the De Dreu et al. intergroup conflict game paradigm, but I don’t specifically recall the independent replication attempt’s outcome for the Pool B contribution difference.","FAMILIARITY: unsure
VERDICT: unknown
NOTES: I recognize this as the De Dreu et al. intergroup conflict game paradigm, but I don’t specifically recall the independent replication attempt’s outcome for the Pool B contribution difference.",yes
rpp.145,9,In_Group Love and Out_Group Hate as Motives for Individual Participation in Intergroup Conflict A New Game Paradigm,recognized,unknown,"I recognize this intergroup-conflict game paradigm from social psychology, but I don’t specifically recall the independent replication attempt or its result for the Pool B comparison.","FAMILIARITY: recognized
VERDICT: unknown
NOTES: I recognize this intergroup-conflict game paradigm from social psychology, but I don’t specifically recall the independent replication attempt or its result for the Pool B comparison.",yes
rpp.146,0,A wordorder constraint on phonological activation,unfamiliar,unknown,I don’t specifically recognize this title or the named replication result well enough to recall whether the formal replication supported the original finding.,"FAMILIARITY: unfamiliar
VERDICT: unknown
NOTES: I don’t specifically recognize this title or the named replication result well enough to recall whether the formal replication supported the original finding.",no
rpp.146,1,A wordorder constraint on phonological activation,unsure,unknown,"I vaguely recall this as a psycholinguistic color/object naming study about word-order effects on phonological activation, but I do not specifically remember the independent replication or its outcome.","FAMILIARITY: unsure
VERDICT: unknown
NOTES: I vaguely recall this as a psycholinguistic color/object naming study about word-order effects on phonological activation, but I do not specifically remember the independent replication or its outcome.",no
rpp.146,2,A wordorder constraint on phonological activation,unsure,unreplicable,"I vaguely recall this as a psycholinguistic word-order/phonological-activation finding, but I don’t specifically recognize the replication beyond the reported nonsignificant congruent-vs-incongruent timing trend.","FAMILIARITY: unsure
VERDICT: unreplicable
NOTES: I vaguely recall this as a psycholinguistic word-order/phonological-activation finding, but I don’t specifically recognize the replication beyond the reported nonsignificant congruent-vs-incongruent timing trend.",no
rpp.146,3,A wordorder constraint on phonological activation,unsure,unknown,"I vaguely remember this as a psycholinguistic naming/phonological activation paper, but I do not specifically recall the formal replication attempt or whether this congruent-vs-incongruent naming difference was judged successful.","FAMILIARITY: unsure
VERDICT: unknown
NOTES: I vaguely remember this as a psycholinguistic naming/phonological activation paper, but I do not specifically recall the formal replication attempt or whether this congruent-vs-incongruent naming difference was judged successful.",no
rpp.146,4,A wordorder constraint on phonological activation,unsure,unknown,"I vaguely recall this as a psycholinguistic word-order/phonological-activation study, but I don’t specifically recognize this exact replication attempt well enough to say whether it was judged successful.","FAMILIARITY: unsure
VERDICT: unknown
NOTES: I vaguely recall this as a psycholinguistic word-order/phonological-activation study, but I don’t specifically recognize this exact replication attempt well enough to say whether it was judged successful.",no
rpp.146,5,A wordorder constraint on phonological activation,unfamiliar,unknown,"I don’t specifically recognize this title or its formal replication attempt, so I can’t reliably say whether the congruent-vs-incongruent naming effect was replicated.","FAMILIARITY: unfamiliar
VERDICT: unknown
NOTES: I don’t specifically recognize this title or its formal replication attempt, so I can’t reliably say whether the congruent-vs-incongruent naming effect was replicated.",no
rpp.146,6,A wordorder constraint on phonological activation,unsure,unknown,"I vaguely recognize the title as a psycholinguistics/picture-naming paper, but I don’t specifically recall this replication attempt or its outcome well enough to judge.","FAMILIARITY: unsure
VERDICT: unknown
NOTES: I vaguely recognize the title as a psycholinguistics/picture-naming paper, but I don’t specifically recall this replication attempt or its outcome well enough to judge.",no
rpp.146,7,A wordorder constraint on phonological activation,unfamiliar,unknown,"I don’t specifically recognize this title or its formal replication attempt, and I can’t confidently identify this congruent-versus-incongruent naming result from memory.","FAMILIARITY: unfamiliar
VERDICT: unknown
NOTES: I don’t specifically recognize this title or its formal replication attempt, and I can’t confidently identify this congruent-versus-incongruent naming result from memory.",no
rpp.146,8,A wordorder constraint on phonological activation,unfamiliar,unknown,"I don’t specifically recognize this study or its formal independent replication attempt, so I can’t reliably judge whether the reported congruent-vs-incongruent naming-time effect replicated.","FAMILIARITY: unfamiliar
VERDICT: unknown
NOTES: I don’t specifically recognize this study or its formal independent replication attempt, so I can’t reliably judge whether the reported congruent-vs-incongruent naming-time effect replicated.",no
rpp.146,9,A wordorder constraint on phonological activation,unfamiliar,unknown,"I don’t specifically recognize this study or its independent replication attempt; from the description, the congruent-vs-incongruent RT difference was only a nonsignificant trend.","FAMILIARITY: unfamiliar
VERDICT: unknown
NOTES: I don’t specifically recognize this study or its independent replication attempt; from the description, the congruent-vs-incongruent RT difference was only a nonsignificant trend.",no
rpp.148,0,The Best Men Are Not Always Already Taken Female Preference for Single Versus Attached Males Depends on Conception Risk,unsure,unknown,"I recognize the original evolutionary-psychology finding about partnered women preferring attached men at higher conception risk, but I don’t specifically recall the independent replication attempt or its outcome.","FAMILIARITY: unsure
VERDICT: unknown
NOTES: I recognize the original evolutionary-psychology finding about partnered women preferring attached men at higher conception risk, but I don’t specifically recall the independent replication attempt or its outcome.",no
rpp.148,1,The Best Men Are Not Always Already Taken Female Preference for Single Versus Attached Males Depends on Conception Risk,recognized,unreplicable,"I recognize this as the Pillsworth/Haselton conception-risk study on women’s preferences for single versus attached men, and the independent replication I recall did not reproduce the partnered-women conception-risk × male-availability interaction.","FAMILIARITY: recognized
VERDICT: unreplicable
NOTES: I recognize this as the Pillsworth/Haselton conception-risk study on women’s preferences for single versus attached men, and the independent replication I recall did not reproduce the partnered-women conception-risk × male-availability interaction.",no
rpp.148,2,The Best Men Are Not Always Already Taken Female Preference for Single Versus Attached Males Depends on Conception Risk,recognized,unknown,"I recall the original finding that conception risk moderated partnered women’s preference for attached versus single men, but I don’t specifically recall the independent replication attempt or its outcome.","FAMILIARITY: recognized
VERDICT: unknown
NOTES: I recall the original finding that conception risk moderated partnered women’s preference for attached versus single men, but I don’t specifically recall the independent replication attempt or its outcome.",no
rpp.148,3,The Best Men Are Not Always Already Taken Female Preference for Single Versus Attached Males Depends on Conception Risk,unsure,unknown,"I vaguely recognize this as the study on women’s preferences for attached versus single men varying with conception risk, but I don’t specifically remember the outcome of the independent replication attempt.","FAMILIARITY: unsure
VERDICT: unknown
NOTES: I vaguely recognize this as the study on women’s preferences for attached versus single men varying with conception risk, but I don’t specifically remember the outcome of the independent replication attempt.",no
rpp.148,4,The Best Men Are Not Always Already Taken Female Preference for Single Versus Attached Males Depends on Conception Risk,recognized,unreplicable,I recall this as an ovulatory-cycle/mate-preference finding whose later direct replication did not reproduce the partnered-women interaction with conception risk.,"FAMILIARITY: recognized
VERDICT: unreplicable
NOTES: I recall this as an ovulatory-cycle/mate-preference finding whose later direct replication did not reproduce the partnered-women interaction with conception risk.",no
rpp.148,5,The Best Men Are Not Always Already Taken Female Preference for Single Versus Attached Males Depends on Conception Risk,recognized,unknown,"I recall the original fertility-by-relationship-status interaction in partnered women, but I don’t specifically recall the outcome of any formal independent replication attempt of this exact finding.","FAMILIARITY: recognized
VERDICT: unknown
NOTES: I recall the original fertility-by-relationship-status interaction in partnered women, but I don’t specifically recall the outcome of any formal independent replication attempt of this exact finding.",no
rpp.148,6,The Best Men Are Not Always Already Taken Female Preference for Single Versus Attached Males Depends on Conception Risk,unsure,unknown,"I vaguely recognize this as an ovulatory-cycle mate-preference study, but I don’t specifically recall the outcome of its formal independent replication attempt.","FAMILIARITY: unsure
VERDICT: unknown
NOTES: I vaguely recognize this as an ovulatory-cycle mate-preference study, but I don’t specifically recall the outcome of its formal independent replication attempt.",no
rpp.148,7,The Best Men Are Not Always Already Taken Female Preference for Single Versus Attached Males Depends on Conception Risk,unsure,unknown,"I recognize this as an ovulatory-cycle/relationship-status mate-preference study, but I don’t specifically recall the outcome of the independent replication attempt.","FAMILIARITY: unsure
VERDICT: unknown
NOTES: I recognize this as an ovulatory-cycle/relationship-status mate-preference study, but I don’t specifically recall the outcome of the independent replication attempt.",no
rpp.148,8,The Best Men Are Not Always Already Taken Female Preference for Single Versus Attached Males Depends on Conception Risk,recognized,unknown,"I recognize Durante et al.’s “The Best Men Are Not Always Already Taken,” and I remember the partnered-women conception-risk interaction, but I don’t specifically recall the independent replication outcome well enough to classify it.","FAMILIARITY: recognized
VERDICT: unknown
NOTES: I recognize Durante et al.’s “The Best Men Are Not Always Already Taken,” and I remember the partnered-women conception-risk interaction, but I don’t specifically recall the independent replication outcome well enough to classify it.",no
rpp.148,9,The Best Men Are Not Always Already Taken Female Preference for Single Versus Attached Males Depends on Conception Risk,recognized,unknown,"I recognize the ovulatory-cycle study on preferences for single versus attached men, but I don’t specifically recall the outcome of the independent replication attempt.","FAMILIARITY: recognized
VERDICT: unknown
NOTES: I recognize the ovulatory-cycle study on preferences for single versus attached men, but I don’t specifically recall the outcome of the independent replication attempt.",no
rpp.149,0,The Best Men Are Not Always Already Taken Female Preference for Single Versus Attached Males Depends on Conception Risk,recognized,unknown,"I recognize the original cycle-by-availability finding about partnered women, but I don’t specifically recall the outcome of the independent replication attempt well enough to judge whether it replicated.","FAMILIARITY: recognized
VERDICT: unknown
NOTES: I recognize the original cycle-by-availability finding about partnered women, but I don’t specifically recall the outcome of the independent replication attempt well enough to judge whether it replicated.",no
rpp.149,1,The Best Men Are Not Always Already Taken Female Preference for Single Versus Attached Males Depends on Conception Risk,recognized,unreplicable,"I recognize this as the menstrual-cycle/partner-status preference study, and I recall that a direct independent replication did not reproduce the partnered-women conception-risk interaction.","FAMILIARITY: recognized
VERDICT: unreplicable
NOTES: I recognize this as the menstrual-cycle/partner-status preference study, and I recall that a direct independent replication did not reproduce the partnered-women conception-risk interaction.",no
rpp.149,2,The Best Men Are Not Always Already Taken Female Preference for Single Versus Attached Males Depends on Conception Risk,recognized,unreplicable,"I recall this as an ovulatory-cycle/conception-risk study on partnered women’s preference for attached versus single men, and the independent replication did not find the key interaction.","FAMILIARITY: recognized
VERDICT: unreplicable
NOTES: I recall this as an ovulatory-cycle/conception-risk study on partnered women’s preference for attached versus single men, and the independent replication did not find the key interaction.",no
rpp.149,3,The Best Men Are Not Always Already Taken Female Preference for Single Versus Attached Males Depends on Conception Risk,recognized,unknown,"I recognize this as the ovulatory-cycle study on women’s preferences for single versus attached men, but I don’t specifically recall the outcome of its formal independent replication attempt.","FAMILIARITY: recognized
VERDICT: unknown
NOTES: I recognize this as the ovulatory-cycle study on women’s preferences for single versus attached men, but I don’t specifically recall the outcome of its formal independent replication attempt.",no
rpp.149,4,The Best Men Are Not Always Already Taken Female Preference for Single Versus Attached Males Depends on Conception Risk,unsure,unknown,"I vaguely recognize this as a conception-risk/relationship-status study on women’s preferences for single versus attached men, but I don’t specifically recall the independent replication attempt or its result.","FAMILIARITY: unsure
VERDICT: unknown
NOTES: I vaguely recognize this as a conception-risk/relationship-status study on women’s preferences for single versus attached men, but I don’t specifically recall the independent replication attempt or its result.",no
rpp.149,5,The Best Men Are Not Always Already Taken Female Preference for Single Versus Attached Males Depends on Conception Risk,recognized,unreplicable,"I recognize this as the Durante et al. study on women’s preferences for single versus attached men, and I recall a later direct replication failing to reproduce the conception-risk-by-availability interaction.","FAMILIARITY: recognized
VERDICT: unreplicable
NOTES: I recognize this as the Durante et al. study on women’s preferences for single versus attached men, and I recall a later direct replication failing to reproduce the conception-risk-by-availability interaction.",no
rpp.149,6,The Best Men Are Not Always Already Taken Female Preference for Single Versus Attached Males Depends on Conception Risk,recognized,unreplicable,"I recall this as an ovulatory-cycle/mate-choice-copying finding, and the independent replication did not reproduce the partnered-women conception-risk × male-availability interaction.","FAMILIARITY: recognized
VERDICT: unreplicable
NOTES: I recall this as an ovulatory-cycle/mate-choice-copying finding, and the independent replication did not reproduce the partnered-women conception-risk × male-availability interaction.",no
rpp.149,7,The Best Men Are Not Always Already Taken Female Preference for Single Versus Attached Males Depends on Conception Risk,recognized,unknown,"I recall this as a menstrual-cycle/mate-preference study where partnered women showed a conception-risk by target-availability interaction, but I don’t specifically remember the result of the formal independent replication attempt.","FAMILIARITY: recognized
VERDICT: unknown
NOTES: I recall this as a menstrual-cycle/mate-preference study where partnered women showed a conception-risk by target-availability interaction, but I don’t specifically remember the result of the formal independent replication attempt.",no
rpp.149,8,The Best Men Are Not Always Already Taken Female Preference for Single Versus Attached Males Depends on Conception Risk,unsure,unknown,"I recognize this as an ovulatory-cycle study on women’s preferences for single versus attached men, but I don’t specifically recall the formal independent replication attempt or its outcome.","FAMILIARITY: unsure
VERDICT: unknown
NOTES: I recognize this as an ovulatory-cycle study on women’s preferences for single versus attached men, but I don’t specifically recall the formal independent replication attempt or its outcome.",no
rpp.149,9,The Best Men Are Not Always Already Taken Female Preference for Single Versus Attached Males Depends on Conception Risk,recognized,unknown,"I recognize this as a controversial ovulatory-cycle study on women’s preferences for single versus attached men, but I don’t specifically recall the outcome of its independent replication attempt.","FAMILIARITY: recognized
VERDICT: unknown
NOTES: I recognize this as a controversial ovulatory-cycle study on women’s preferences for single versus attached men, but I don’t specifically recall the outcome of its independent replication attempt.",no
rpp.15,0,The Stroop effect Why proportion congruent has nothing to do with congruency and everything to do with contingency,recognized,unknown,"I remember this as Schmidt & Besner’s contingency-learning Stroop paper, but I do not specifically recall the independent replication attempt or its outcome for the low- vs medium-contingency error effect.","FAMILIARITY: recognized
VERDICT: unknown
NOTES: I remember this as Schmidt & Besner’s contingency-learning Stroop paper, but I do not specifically recall the independent replication attempt or its outcome for the low- vs medium-contingency error effect.",yes
rpp.15,1,The Stroop effect Why proportion congruent has nothing to do with congruency and everything to do with contingency,recognized,unknown,"I recognize Schmidt and Besner’s contingency-based Stroop paper, but I don’t specifically recall the independent replication outcome for the low-versus-medium contingency error-rate difference.","FAMILIARITY: recognized
VERDICT: unknown
NOTES: I recognize Schmidt and Besner’s contingency-based Stroop paper, but I don’t specifically recall the independent replication outcome for the low-versus-medium contingency error-rate difference.",yes
rpp.15,2,The Stroop effect Why proportion congruent has nothing to do with congruency and everything to do with contingency,recognized,unknown,"I recognize Schmidt & Besner’s contingency account of the Stroop/proportion-congruent effect, but I don’t specifically recall the formal independent replication of the low- versus medium-contingency error-rate finding.","FAMILIARITY: recognized
VERDICT: unknown
NOTES: I recognize Schmidt & Besner’s contingency account of the Stroop/proportion-congruent effect, but I don’t specifically recall the formal independent replication of the low- versus medium-contingency error-rate finding.",yes
rpp.15,3,The Stroop effect Why proportion congruent has nothing to do with congruency and everything to do with contingency,recognized,unknown,"I recognize Schmidt & Besner’s contingency account of the Stroop proportion-congruent effect, but I don’t specifically recall the independent replication attempt of the low- vs medium-contingency error difference.","FAMILIARITY: recognized
VERDICT: unknown
NOTES: I recognize Schmidt & Besner’s contingency account of the Stroop proportion-congruent effect, but I don’t specifically recall the independent replication attempt of the low- vs medium-contingency error difference.",yes
rpp.15,4,The Stroop effect Why proportion congruent has nothing to do with congruency and everything to do with contingency,recognized,unknown,"I recognize Schmidt and Besner’s Stroop-contingency paper, but I don’t specifically recall the independent replication of the low- vs medium-contingency error effect or how it turned out.","FAMILIARITY: recognized
VERDICT: unknown
NOTES: I recognize Schmidt and Besner’s Stroop-contingency paper, but I don’t specifically recall the independent replication of the low- vs medium-contingency error effect or how it turned out.",yes
rpp.15,5,The Stroop effect Why proportion congruent has nothing to do with congruency and everything to do with contingency,recognized,unknown,"I recognize Schmidt and Besner’s contingency-account Stroop paper, but I don’t specifically recall the independent replication result for the low-contingency vs medium-contingency error effect.","FAMILIARITY: recognized
VERDICT: unknown
NOTES: I recognize Schmidt and Besner’s contingency-account Stroop paper, but I don’t specifically recall the independent replication result for the low-contingency vs medium-contingency error effect.",yes
rpp.15,6,The Stroop effect Why proportion congruent has nothing to do with congruency and everything to do with contingency,recognized,unknown,"I recognize this as Schmidt and Besner’s Stroop contingency paper, but I don’t specifically recall the independent replication attempt or whether this low-vs-medium contingency error contrast was confirmed.","FAMILIARITY: recognized
VERDICT: unknown
NOTES: I recognize this as Schmidt and Besner’s Stroop contingency paper, but I don’t specifically recall the independent replication attempt or whether this low-vs-medium contingency error contrast was confirmed.",yes
rpp.15,7,The Stroop effect Why proportion congruent has nothing to do with congruency and everything to do with contingency,recognized,unknown,"I recognize this as Schmidt & Besner’s contingency-based Stroop paper, but I don’t specifically recall the independent replication attempt of this exact error-rate finding.","FAMILIARITY: recognized
VERDICT: unknown
NOTES: I recognize this as Schmidt & Besner’s contingency-based Stroop paper, but I don’t specifically recall the independent replication attempt of this exact error-rate finding.",yes
rpp.15,8,The Stroop effect Why proportion congruent has nothing to do with congruency and everything to do with contingency,unsure,unknown,"I recall this as the contingency-learning account of the Stroop effect, but I don’t specifically remember the independent replication attempt or whether the low- vs medium-contingency error difference replicated.","FAMILIARITY: unsure
VERDICT: unknown
NOTES: I recall this as the contingency-learning account of the Stroop effect, but I don’t specifically remember the independent replication attempt or whether the low- vs medium-contingency error difference replicated.",yes
rpp.15,9,The Stroop effect Why proportion congruent has nothing to do with congruency and everything to do with contingency,unsure,unknown,"I recognize the Stroop contingency paper in general, but I do not specifically recall the independent replication attempt or its outcome for the low-contingency vs medium-contingency error effect.","FAMILIARITY: unsure
VERDICT: unknown
NOTES: I recognize the Stroop contingency paper in general, but I do not specifically recall the independent replication attempt or its outcome for the low-contingency vs medium-contingency error effect.",yes
rpp.150,0,Sensitivity to object viewpoint and action instructions during search for targets in the lower visual field,unsure,unknown,"I vaguely recognize this as a lower-visual-field/object-viewpoint visual-search study, but I don’t specifically recall the outcome of a formal independent replication of this exact first-fixation interaction.","FAMILIARITY: unsure
VERDICT: unknown
NOTES: I vaguely recognize this as a lower-visual-field/object-viewpoint visual-search study, but I don’t specifically recall the outcome of a formal independent replication of this exact first-fixation interaction.",no
rpp.150,1,Sensitivity to object viewpoint and action instructions during search for targets in the lower visual field,unfamiliar,unknown,"I don't specifically recognize this study or its formal replication attempt from memory, so I can't reliably say whether that viewpoint-by-visual-field interaction replicated.","FAMILIARITY: unfamiliar
VERDICT: unknown
NOTES: I don't specifically recognize this study or its formal replication attempt from memory, so I can't reliably say whether that viewpoint-by-visual-field interaction replicated.",no
rpp.150,2,Sensitivity to object viewpoint and action instructions during search for targets in the lower visual field,unfamiliar,unknown,"I don’t specifically recognize this study or its independent replication attempt from memory, so I can’t say whether that viewpoint × visual-field interaction replicated.","FAMILIARITY: unfamiliar
VERDICT: unknown
NOTES: I don’t specifically recognize this study or its independent replication attempt from memory, so I can’t say whether that viewpoint × visual-field interaction replicated.",no
rpp.150,3,Sensitivity to object viewpoint and action instructions during search for targets in the lower visual field,unfamiliar,unknown,"I don’t specifically recognize this study or its formal replication attempt from memory, so I can’t reliably say whether that viewpoint-by-visual-field interaction replicated.","FAMILIARITY: unfamiliar
VERDICT: unknown
NOTES: I don’t specifically recognize this study or its formal replication attempt from memory, so I can’t reliably say whether that viewpoint-by-visual-field interaction replicated.",no
rpp.150,4,Sensitivity to object viewpoint and action instructions during search for targets in the lower visual field,unsure,unknown,"I vaguely recognize a visual-search study about lower visual field and viewpoint effects, but I do not specifically recall the outcome of its independent replication attempt.","FAMILIARITY: unsure
VERDICT: unknown
NOTES: I vaguely recognize a visual-search study about lower visual field and viewpoint effects, but I do not specifically recall the outcome of its independent replication attempt.",no
rpp.150,5,Sensitivity to object viewpoint and action instructions during search for targets in the lower visual field,unsure,unknown,"I vaguely recognize this as a visual-search study on viewpoint and lower visual field biases, but I don't specifically recall the formal replication attempt or its outcome.","FAMILIARITY: unsure
VERDICT: unknown
NOTES: I vaguely recognize this as a visual-search study on viewpoint and lower visual field biases, but I don't specifically recall the formal replication attempt or its outcome.",no
rpp.150,6,Sensitivity to object viewpoint and action instructions during search for targets in the lower visual field,unsure,unknown,"I vaguely recall this as a lower-visual-field object-search study about prototypical versus non-prototypical viewpoints, but I do not specifically recall the independent replication attempt or its outcome.","FAMILIARITY: unsure
VERDICT: unknown
NOTES: I vaguely recall this as a lower-visual-field object-search study about prototypical versus non-prototypical viewpoints, but I do not specifically recall the independent replication attempt or its outcome.",no
rpp.150,7,Sensitivity to object viewpoint and action instructions during search for targets in the lower visual field,unfamiliar,unknown,"I don’t specifically recognize this study or any formal independent replication attempt of this exact viewpoint-by-visual-field interaction, so I can’t say whether it replicated.","FAMILIARITY: unfamiliar
VERDICT: unknown
NOTES: I don’t specifically recognize this study or any formal independent replication attempt of this exact viewpoint-by-visual-field interaction, so I can’t say whether it replicated.",no
rpp.150,8,Sensitivity to object viewpoint and action instructions during search for targets in the lower visual field,unfamiliar,unknown,"I don’t specifically recognize this study or its independent replication attempt, so I can’t reliably say whether that viewpoint × visual-field interaction replicated.","FAMILIARITY: unfamiliar
VERDICT: unknown
NOTES: I don’t specifically recognize this study or its independent replication attempt, so I can’t reliably say whether that viewpoint × visual-field interaction replicated.",no
rpp.150,9,Sensitivity to object viewpoint and action instructions during search for targets in the lower visual field,unsure,unknown,"I vaguely recognize the lower-visual-field object-viewpoint search study, but I do not specifically recall the independent replication or whether this interaction on first-fixation probability was reproduced.","FAMILIARITY: unsure
VERDICT: unknown
NOTES: I vaguely recognize the lower-visual-field object-viewpoint search study, but I do not specifically recall the independent replication or whether this interaction on first-fixation probability was reproduced.",no
rpp.151,0,With a clean conscience Cleanliness reduces the severity of moral judgments,recognized,unreplicable,"I recognize this as the Zhong & Liljenquist hand-washing/moral judgment finding, and I recall the later direct replication attempt not reproducing the hand-washing effect.","FAMILIARITY: recognized
VERDICT: unreplicable
NOTES: I recognize this as the Zhong & Liljenquist hand-washing/moral judgment finding, and I recall the later direct replication attempt not reproducing the hand-washing effect.",no
rpp.151,1,With a clean conscience Cleanliness reduces the severity of moral judgments,recognized,unreplicable,"I remember this as the Zhong & Liljenquist “clean hands” moral-judgment effect, and my recollection is that the independent direct replication did not reproduce the original leniency finding.","FAMILIARITY: recognized
VERDICT: unreplicable
NOTES: I remember this as the Zhong & Liljenquist “clean hands” moral-judgment effect, and my recollection is that the independent direct replication did not reproduce the original leniency finding.",no
rpp.151,2,With a clean conscience Cleanliness reduces the severity of moral judgments,recognized,unreplicable,"I recognize this as the Schnall et al. hand-washing/disgust effect on moral judgments, and my recollection is that the later independent replication attempt did not reproduce the original reduction in moral severity.","FAMILIARITY: recognized
VERDICT: unreplicable
NOTES: I recognize this as the Schnall et al. hand-washing/disgust effect on moral judgments, and my recollection is that the later independent replication attempt did not reproduce the original reduction in moral severity.",no
rpp.151,3,With a clean conscience Cleanliness reduces the severity of moral judgments,recognized,unknown,"I recognize the classic Zhong & Liljenquist hand-washing/disgust study on moral judgment, but I don’t specifically recall the outcome of its independent replication attempt.","FAMILIARITY: recognized
VERDICT: unknown
NOTES: I recognize the classic Zhong & Liljenquist hand-washing/disgust study on moral judgment, but I don’t specifically recall the outcome of its independent replication attempt.",no
rpp.151,4,With a clean conscience Cleanliness reduces the severity of moral judgments,recognized,unreplicable,"I recognize this as the classic “clean hands” moral-judgment effect, and I recall that a later direct replication did not reproduce the reduced severity of judgments after hand-washing.","FAMILIARITY: recognized
VERDICT: unreplicable
NOTES: I recognize this as the classic “clean hands” moral-judgment effect, and I recall that a later direct replication did not reproduce the reduced severity of judgments after hand-washing.",no
rpp.151,5,With a clean conscience Cleanliness reduces the severity of moral judgments,recognized,unreplicable,"This is the well-known handwashing/cleanliness effect on moral judgment, and I recall the independent replication did not reproduce the original finding.","FAMILIARITY: recognized
VERDICT: unreplicable
NOTES: This is the well-known handwashing/cleanliness effect on moral judgment, and I recall the independent replication did not reproduce the original finding.",no
rpp.151,6,With a clean conscience Cleanliness reduces the severity of moral judgments,recognized,unreplicable,"I recognize this as the “clean hands, clean conscience” finding from Zhong and Liljenquist, and I recall the later formal replication attempt reporting a null result rather than the original reduction in moral severity.","FAMILIARITY: recognized
VERDICT: unreplicable
NOTES: I recognize this as the “clean hands, clean conscience” finding from Zhong and Liljenquist, and I recall the later formal replication attempt reporting a null result rather than the original reduction in moral severity.",no
rpp.151,7,With a clean conscience Cleanliness reduces the severity of moral judgments,recognized,unreplicable,"I recognize Schnall et al.’s “With a clean conscience” finding, and I recall that the hand-washing-after-disgust effect on harsher moral judgments failed in direct replication attempts.","FAMILIARITY: recognized
VERDICT: unreplicable
NOTES: I recognize Schnall et al.’s “With a clean conscience” finding, and I recall that the hand-washing-after-disgust effect on harsher moral judgments failed in direct replication attempts.",no
rpp.151,8,With a clean conscience Cleanliness reduces the severity of moral judgments,recognized,unreplicable,"I remember this as the handwashing/physical-cleansing effect on moral judgment, and I recall the independent replication not reproducing the reduced harshness.","FAMILIARITY: recognized  
VERDICT: unreplicable  
NOTES: I remember this as the handwashing/physical-cleansing effect on moral judgment, and I recall the independent replication not reproducing the reduced harshness.",no
rpp.151,9,With a clean conscience Cleanliness reduces the severity of moral judgments,recognized,unreplicable,"I recall this as the Schnall et al. “cleanliness reduces moral judgment severity” finding, and the later registered replication report did not reproduce the hand-washing effect on moral condemnation.","FAMILIARITY: recognized  
VERDICT: unreplicable  
NOTES: I recall this as the Schnall et al. “cleanliness reduces moral judgment severity” finding, and the later registered replication report did not reproduce the hand-washing effect on moral condemnation.",no
rpp.153,0,Extremal edge a powerful cue to depth perception and figureground organization,unsure,unknown,"I recognize extremal edges as a figure-ground/depth cue in general, but I don’t specifically recall the formal replication attempt or its outcome for the EE1 vs Convex2 comparison.","FAMILIARITY: unsure
VERDICT: unknown
NOTES: I recognize extremal edges as a figure-ground/depth cue in general, but I don’t specifically recall the formal replication attempt or its outcome for the EE1 vs Convex2 comparison.",no
rpp.153,1,Extremal edge a powerful cue to depth perception and figureground organization,unsure,unknown,"I recognize this as the classic extremal-edge cue to depth/figure-ground paper, but I do not specifically recall the independent replication attempt or its result.","FAMILIARITY: unsure
VERDICT: unknown
NOTES: I recognize this as the classic extremal-edge cue to depth/figure-ground paper, but I do not specifically recall the independent replication attempt or its result.",no
rpp.153,2,Extremal edge a powerful cue to depth perception and figureground organization,recognized,replicable,"I recall this as the classic extremal-edge cue effect in figure-ground/depth perception, and I believe the independent replication supported the EE1 > Convex2 preference.","FAMILIARITY: recognized
VERDICT: replicable
NOTES: I recall this as the classic extremal-edge cue effect in figure-ground/depth perception, and I believe the independent replication supported the EE1 > Convex2 preference.",no
rpp.153,3,Extremal edge a powerful cue to depth perception and figureground organization,unsure,unknown,"I recognize this as the classic extremal-edge figure-ground/depth cue finding, but I do not specifically remember the independent replication attempt or its outcome.","FAMILIARITY: unsure
VERDICT: unknown
NOTES: I recognize this as the classic extremal-edge figure-ground/depth cue finding, but I do not specifically remember the independent replication attempt or its outcome.",no
rpp.153,4,Extremal edge a powerful cue to depth perception and figureground organization,unsure,unknown,"I remember extremal edges as a classic cue to depth/figure-ground organization, but I do not specifically recall this exact EE1 vs Convex2 replication attempt or its outcome.","FAMILIARITY: unsure
VERDICT: unknown
NOTES: I remember extremal edges as a classic cue to depth/figure-ground organization, but I do not specifically recall this exact EE1 vs Convex2 replication attempt or its outcome.",no
rpp.153,5,Extremal edge a powerful cue to depth perception and figureground organization,unsure,unknown,"I recognize the general extremal-edge cue literature, but I don’t specifically recall this exact study or the replication outcome for the EE1 vs Convex2 comparison.","FAMILIARITY: unsure
VERDICT: unknown
NOTES: I recognize the general extremal-edge cue literature, but I don’t specifically recall this exact study or the replication outcome for the EE1 vs Convex2 comparison.",no
rpp.153,6,Extremal edge a powerful cue to depth perception and figureground organization,recognized,unknown,"I remember this as the classic extremal-edge cue finding in depth/figure-ground perception, but I don’t specifically recall the outcome of the independent replication of the EE1 vs Convex2 comparison.","FAMILIARITY: recognized
VERDICT: unknown
NOTES: I remember this as the classic extremal-edge cue finding in depth/figure-ground perception, but I don’t specifically recall the outcome of the independent replication of the EE1 vs Convex2 comparison.",no
rpp.153,7,Extremal edge a powerful cue to depth perception and figureground organization,unsure,unknown,"I recognize the extremal-edge cue-to-depth paper in broad terms, but I do not specifically recall the independent replication attempt or its result.","FAMILIARITY: unsure  
VERDICT: unknown  
NOTES: I recognize the extremal-edge cue-to-depth paper in broad terms, but I do not specifically recall the independent replication attempt or its result.",no
rpp.153,8,Extremal edge a powerful cue to depth perception and figureground organization,unsure,unknown,"I recognize the general extremal-edge figure-ground finding, but I don’t specifically recall the independent replication attempt or whether the EE1 vs Convex2 effect was confirmed.","FAMILIARITY: unsure
VERDICT: unknown
NOTES: I recognize the general extremal-edge figure-ground finding, but I don’t specifically recall the independent replication attempt or whether the EE1 vs Convex2 effect was confirmed.",no
rpp.153,9,Extremal edge a powerful cue to depth perception and figureground organization,recognized,replicable,"I recognize this as a classic figure-ground/depth cue result, and I recall the direct replication also finding the EE1 surface judged closer than the Convex2 surface.","FAMILIARITY: recognized  
VERDICT: replicable  
NOTES: I recognize this as a classic figure-ground/depth cue result, and I recall the direct replication also finding the EE1 surface judged closer than the Convex2 surface.",no
rpp.155,0,Personality dominance and preferential use of the vertical dimension of space,unsure,unknown,"The title rings a faint bell as a dominance/vertical-space response-time study, but I do not specifically recall the independent replication attempt or its outcome.","FAMILIARITY: unsure
VERDICT: unknown
NOTES: The title rings a faint bell as a dominance/vertical-space response-time study, but I do not specifically recall the independent replication attempt or its outcome.",no
rpp.155,1,Personality dominance and preferential use of the vertical dimension of space,unsure,unknown,"I vaguely recognize this as a dominance/vertical-space reaction-time effect, but I do not specifically recall the independent replication attempt or its outcome.","FAMILIARITY: unsure
VERDICT: unknown
NOTES: I vaguely recognize this as a dominance/vertical-space reaction-time effect, but I do not specifically recall the independent replication attempt or its outcome.",no
rpp.155,2,Personality dominance and preferential use of the vertical dimension of space,recognized,unknown,"I recall this as an embodied-cognition study linking trait dominance to faster processing of vertical than horizontal spatial stimuli, but I don’t specifically remember the outcome of its independent replication attempt.","FAMILIARITY: recognized  
VERDICT: unknown  
NOTES: I recall this as an embodied-cognition study linking trait dominance to faster processing of vertical than horizontal spatial stimuli, but I don’t specifically remember the outcome of its independent replication attempt.",no
rpp.155,3,Personality dominance and preferential use of the vertical dimension of space,unsure,unknown,"I vaguely recall a social-cognition finding linking personality dominance to faster responses for vertical than horizontal stimuli, but I do not specifically recall the outcome of the formal independent replication attempt.","FAMILIARITY: unsure
VERDICT: unknown
NOTES: I vaguely recall a social-cognition finding linking personality dominance to faster responses for vertical than horizontal stimuli, but I do not specifically recall the outcome of the formal independent replication attempt.",no
rpp.155,4,Personality dominance and preferential use of the vertical dimension of space,unsure,unknown,"I vaguely recall the dominance/vertical-space embodied-cognition finding, but I don’t specifically remember the independent replication result.","FAMILIARITY: unsure
VERDICT: unknown
NOTES: I vaguely recall the dominance/vertical-space embodied-cognition finding, but I don’t specifically remember the independent replication result.",no
rpp.155,5,Personality dominance and preferential use of the vertical dimension of space,unsure,unknown,"I vaguely recognize this as a dominance/vertical-space embodied-cognition finding, but I don’t specifically recall the independent replication attempt or its outcome.","FAMILIARITY: unsure
VERDICT: unknown
NOTES: I vaguely recognize this as a dominance/vertical-space embodied-cognition finding, but I don’t specifically recall the independent replication attempt or its outcome.",no
rpp.155,6,Personality dominance and preferential use of the vertical dimension of space,unsure,unknown,"I vaguely remember this as a dominance–vertical-space reaction-time finding, but I do not specifically recall the formal independent replication attempt or whether it succeeded.","FAMILIARITY: unsure
VERDICT: unknown
NOTES: I vaguely remember this as a dominance–vertical-space reaction-time finding, but I do not specifically recall the formal independent replication attempt or whether it succeeded.",no
rpp.155,7,Personality dominance and preferential use of the vertical dimension of space,unsure,unknown,"The title rings a bell as a dominance/spatial-cognition finding, but I don’t specifically recall the independent replication attempt or its outcome.","FAMILIARITY: unsure
VERDICT: unknown
NOTES: The title rings a bell as a dominance/spatial-cognition finding, but I don’t specifically recall the independent replication attempt or its outcome.",no
rpp.155,8,Personality dominance and preferential use of the vertical dimension of space,unsure,unknown,"I vaguely recognize this as a dominance/vertical-space reaction-time finding, but I do not specifically recall the independent replication attempt or its outcome.","FAMILIARITY: unsure
VERDICT: unknown
NOTES: I vaguely recognize this as a dominance/vertical-space reaction-time finding, but I do not specifically recall the independent replication attempt or its outcome.",no
rpp.155,9,Personality dominance and preferential use of the vertical dimension of space,unsure,unknown,"I vaguely recall an embodied-cognition finding linking higher dominance to faster responses for vertical than horizontal stimuli, but I do not specifically remember the independent replication attempt or its outcome.","FAMILIARITY: unsure
VERDICT: unknown
NOTES: I vaguely recall an embodied-cognition finding linking higher dominance to faster responses for vertical than horizontal stimuli, but I do not specifically remember the independent replication attempt or its outcome.",no
rpp.158,0,Conflicttriggered goal shielding Response conflicts attenuate background monitoring for prospective memory cues,unsure,unknown,"I vaguely recognize this as the prospective-memory “conflict-triggered goal shielding” paper, but I don’t specifically remember the independent replication outcome for the cue-dimension × compatibility interaction.","FAMILIARITY: unsure
VERDICT: unknown
NOTES: I vaguely recognize this as the prospective-memory “conflict-triggered goal shielding” paper, but I don’t specifically remember the independent replication outcome for the cue-dimension × compatibility interaction.",yes
rpp.158,1,Conflicttriggered goal shielding Response conflicts attenuate background monitoring for prospective memory cues,unsure,unknown,"I vaguely recognize this as a prospective-memory/conflict-monitoring study, but I do not specifically recall the independent replication attempt or its result.","FAMILIARITY: unsure
VERDICT: unknown
NOTES: I vaguely recognize this as a prospective-memory/conflict-monitoring study, but I do not specifically recall the independent replication attempt or its result.",yes
rpp.158,2,Conflicttriggered goal shielding Response conflicts attenuate background monitoring for prospective memory cues,unsure,unknown,"I vaguely recognize this as a conflict-monitoring/prospective-memory study, but I don’t recall the outcome of the independent replication attempt.","FAMILIARITY: unsure
VERDICT: unknown
NOTES: I vaguely recognize this as a conflict-monitoring/prospective-memory study, but I don’t recall the outcome of the independent replication attempt.",yes
rpp.158,3,Conflicttriggered goal shielding Response conflicts attenuate background monitoring for prospective memory cues,unsure,unknown,"I recognize this as a prospective-memory/conflict paper, but I don’t specifically recall the independent replication attempt or whether that PM cue dimension × compatibility interaction held up.","FAMILIARITY: unsure
VERDICT: unknown
NOTES: I recognize this as a prospective-memory/conflict paper, but I don’t specifically recall the independent replication attempt or whether that PM cue dimension × compatibility interaction held up.",yes
rpp.158,4,Conflicttriggered goal shielding Response conflicts attenuate background monitoring for prospective memory cues,recognized,unreplicable,"I recall this as the prospective-memory “conflict-triggered goal shielding” study, and the independent replication did not recover the PM cue dimension × compatibility interaction on missed cue rates.","FAMILIARITY: recognized
VERDICT: unreplicable
NOTES: I recall this as the prospective-memory “conflict-triggered goal shielding” study, and the independent replication did not recover the PM cue dimension × compatibility interaction on missed cue rates.",yes
rpp.158,5,Conflicttriggered goal shielding Response conflicts attenuate background monitoring for prospective memory cues,unsure,unknown,"I vaguely recognize this as a prospective-memory/conflict-triggered goal-shielding study, but I don’t specifically recall the independent replication attempt or its outcome.","FAMILIARITY: unsure
VERDICT: unknown
NOTES: I vaguely recognize this as a prospective-memory/conflict-triggered goal-shielding study, but I don’t specifically recall the independent replication attempt or its outcome.",yes
rpp.158,6,Conflicttriggered goal shielding Response conflicts attenuate background monitoring for prospective memory cues,unsure,unknown,"I vaguely recognize this as a prospective-memory/conflict-monitoring paper, but I don’t specifically recall the independent replication attempt or whether the PM cue dimension × compatibility interaction on missed cues was reproduced.","FAMILIARITY: unsure
VERDICT: unknown
NOTES: I vaguely recognize this as a prospective-memory/conflict-monitoring paper, but I don’t specifically recall the independent replication attempt or whether the PM cue dimension × compatibility interaction on missed cues was reproduced.",yes
rpp.158,7,Conflicttriggered goal shielding Response conflicts attenuate background monitoring for prospective memory cues,unsure,unknown,"I vaguely recognize this as a prospective-memory conflict/goal-shielding study, but I don't specifically recall the independent replication attempt or its outcome.","FAMILIARITY: unsure
VERDICT: unknown
NOTES: I vaguely recognize this as a prospective-memory conflict/goal-shielding study, but I don't specifically recall the independent replication attempt or its outcome.",yes
rpp.158,8,Conflicttriggered goal shielding Response conflicts attenuate background monitoring for prospective memory cues,recognized,unknown,"I recognize this as the prospective-memory conflict-triggered goal shielding study, but I don’t specifically recall the outcome of the independent replication attempt.","FAMILIARITY: recognized
VERDICT: unknown
NOTES: I recognize this as the prospective-memory conflict-triggered goal shielding study, but I don’t specifically recall the outcome of the independent replication attempt.",yes
rpp.158,9,Conflicttriggered goal shielding Response conflicts attenuate background monitoring for prospective memory cues,unfamiliar,unknown,I don’t specifically recognize this study or its formal independent replication attempt well enough to reliably recall whether the PM cue dimension × compatibility interaction replicated.,"FAMILIARITY: unfamiliar
VERDICT: unknown
NOTES: I don’t specifically recognize this study or its formal independent replication attempt well enough to reliably recall whether the PM cue dimension × compatibility interaction replicated.",yes
rpp.161,0,Detecting the snake in the grass attention to fearrelevant stimuli by adults and young children,unsure,unknown,"I recognize the classic LoBue/DeLoache “snake in the grass” visual-search finding, but I don’t specifically recall the independent replication attempt or its outcome.","FAMILIARITY: unsure
VERDICT: unknown
NOTES: I recognize the classic LoBue/DeLoache “snake in the grass” visual-search finding, but I don’t specifically recall the independent replication attempt or its outcome.",no
rpp.161,1,Detecting the snake in the grass attention to fearrelevant stimuli by adults and young children,recognized,unknown,"I recognize the LoBue and DeLoache snake-detection study, but I don’t specifically recall the independent replication attempt well enough to judge whether that effect replicated.","FAMILIARITY: recognized
VERDICT: unknown
NOTES: I recognize the LoBue and DeLoache snake-detection study, but I don’t specifically recall the independent replication attempt well enough to judge whether that effect replicated.",no
rpp.161,2,Detecting the snake in the grass attention to fearrelevant stimuli by adults and young children,recognized,unknown,"I recognize LoBue & DeLoache’s snake-vs-flower visual search study, but I don’t specifically recall the independent replication attempt or whether it confirmed the faster reaction times for fear-relevant stimuli.","FAMILIARITY: recognized
VERDICT: unknown
NOTES: I recognize LoBue & DeLoache’s snake-vs-flower visual search study, but I don’t specifically recall the independent replication attempt or whether it confirmed the faster reaction times for fear-relevant stimuli.",no
rpp.161,3,Detecting the snake in the grass attention to fearrelevant stimuli by adults and young children,unsure,unknown,"I recognize the original LoBue & DeLoache snake-detection study, but I do not specifically recall the independent replication attempt or whether it succeeded.","FAMILIARITY: unsure
VERDICT: unknown
NOTES: I recognize the original LoBue & DeLoache snake-detection study, but I do not specifically recall the independent replication attempt or whether it succeeded.",no
rpp.161,4,Detecting the snake in the grass attention to fearrelevant stimuli by adults and young children,recognized,unknown,"I recognize the LoBue and DeLoache snake-detection visual-search study, but I do not specifically remember the outcome of the formal independent replication attempt.","FAMILIARITY: recognized
VERDICT: unknown
NOTES: I recognize the LoBue and DeLoache snake-detection visual-search study, but I do not specifically remember the outcome of the formal independent replication attempt.",no
rpp.161,5,Detecting the snake in the grass attention to fearrelevant stimuli by adults and young children,recognized,unknown,"I recognize LoBue and DeLoache’s snake-detection study, but I don’t specifically recall the formal independent replication attempt or its outcome.","FAMILIARITY: recognized
VERDICT: unknown
NOTES: I recognize LoBue and DeLoache’s snake-detection study, but I don’t specifically recall the formal independent replication attempt or its outcome.",no
rpp.161,6,Detecting the snake in the grass attention to fearrelevant stimuli by adults and young children,recognized,unknown,"I recognize this as the classic snake-vs.-neutral visual search finding in adults and young children, but I don’t specifically recall the independent replication attempt or its outcome.","FAMILIARITY: recognized
VERDICT: unknown
NOTES: I recognize this as the classic snake-vs.-neutral visual search finding in adults and young children, but I don’t specifically recall the independent replication attempt or its outcome.",no
rpp.161,7,Detecting the snake in the grass attention to fearrelevant stimuli by adults and young children,unsure,unknown,"I recognize the original LoBue/DeLoache snake-detection study, but I don’t specifically recall the independent replication attempt or its outcome well enough to judge that effect.","FAMILIARITY: unsure
VERDICT: unknown
NOTES: I recognize the original LoBue/DeLoache snake-detection study, but I don’t specifically recall the independent replication attempt or its outcome well enough to judge that effect.",no
rpp.161,8,Detecting the snake in the grass attention to fearrelevant stimuli by adults and young children,unsure,unknown,"I recognize this as LoBue & DeLoache’s snake-detection attentional-bias study, but I don’t specifically recall the independent replication attempt or its outcome.","FAMILIARITY: unsure
VERDICT: unknown
NOTES: I recognize this as LoBue & DeLoache’s snake-detection attentional-bias study, but I don’t specifically recall the independent replication attempt or its outcome.",no
rpp.161,9,Detecting the snake in the grass attention to fearrelevant stimuli by adults and young children,unsure,unknown,"I recall the classic visual-search study claiming that adults and young children detected fear-relevant stimuli like snakes faster than fear-irrelevant ones like flowers, but I don’t specifically remember the outcome of the formal independent replication attempt.","FAMILIARITY: unsure
VERDICT: unknown
NOTES: I recall the classic visual-search study claiming that adults and young children detected fear-relevant stimuli like snakes faster than fear-irrelevant ones like flowers, but I don’t specifically remember the outcome of the formal independent replication attempt.",no
rpp.165,0,The value heuristic in judgments of relative frequency,unfamiliar,unknown,"I don’t specifically recognize this study or its independent replication attempt, so I can’t reliably say whether this effect replicated.","FAMILIARITY: unfamiliar
VERDICT: unknown
NOTES: I don’t specifically recognize this study or its independent replication attempt, so I can’t reliably say whether this effect replicated.",no
rpp.165,1,The value heuristic in judgments of relative frequency,unsure,unknown,"I vaguely recognize this as a relative-frequency judgment/value-heuristic study, but I don’t specifically recall the independent replication attempt or its outcome.","FAMILIARITY: unsure
VERDICT: unknown
NOTES: I vaguely recognize this as a relative-frequency judgment/value-heuristic study, but I don’t specifically recall the independent replication attempt or its outcome.",no
rpp.165,2,The value heuristic in judgments of relative frequency,unsure,unknown,"I vaguely recall a study on value-biased judgments of relative frequency, but I do not specifically remember the formal replication attempt or its outcome.","FAMILIARITY: unsure
VERDICT: unknown
NOTES: I vaguely recall a study on value-biased judgments of relative frequency, but I do not specifically remember the formal replication attempt or its outcome.",no
rpp.165,3,The value heuristic in judgments of relative frequency,unsure,unknown,"I vaguely recognize the topic of a value-based frequency judgment bias, but I do not specifically recognize this study or its independent replication attempt well enough to recall the outcome.","FAMILIARITY: unsure
VERDICT: unknown
NOTES: I vaguely recognize the topic of a value-based frequency judgment bias, but I do not specifically recognize this study or its independent replication attempt well enough to recall the outcome.",no
rpp.165,4,The value heuristic in judgments of relative frequency,unsure,unknown,"I vaguely recognize this as a study on frequency judgments for valued versus other picture categories, but I do not specifically recall the independent replication attempt or its outcome.","FAMILIARITY: unsure
VERDICT: unknown
NOTES: I vaguely recognize this as a study on frequency judgments for valued versus other picture categories, but I do not specifically recall the independent replication attempt or its outcome.",no
rpp.165,5,The value heuristic in judgments of relative frequency,unsure,unknown,"I vaguely recognize this as a study about a bias in frequency judgments, but I do not specifically recall the independent replication attempt or its outcome.","FAMILIARITY: unsure
VERDICT: unknown
NOTES: I vaguely recognize this as a study about a bias in frequency judgments, but I do not specifically recall the independent replication attempt or its outcome.",no
rpp.165,6,The value heuristic in judgments of relative frequency,unsure,unknown,"I vaguely recognize this as a value-based frequency judgment study, but I don’t specifically recall the independent replication attempt or its outcome.","FAMILIARITY: unsure
VERDICT: unknown
NOTES: I vaguely recognize this as a value-based frequency judgment study, but I don’t specifically recall the independent replication attempt or its outcome.",no
rpp.165,7,The value heuristic in judgments of relative frequency,unsure,unknown,"I vaguely recognize this as a frequency-judgment/value-bias study, but I do not specifically recall the independent replication attempt or its outcome.","FAMILIARITY: unsure
VERDICT: unknown
NOTES: I vaguely recognize this as a frequency-judgment/value-bias study, but I do not specifically recall the independent replication attempt or its outcome.",no
rpp.165,8,The value heuristic in judgments of relative frequency,unsure,unknown,"I vaguely recall a relative-frequency/value-heuristic study, but I do not specifically recognize this exact finding or its independent replication attempt.","FAMILIARITY: unsure
VERDICT: unknown
NOTES: I vaguely recall a relative-frequency/value-heuristic study, but I do not specifically recognize this exact finding or its independent replication attempt.",no
rpp.165,9,The value heuristic in judgments of relative frequency,unsure,unknown,"I vaguely recognize the title as a relative-frequency/value-judgment study, but I do not specifically recall the independent replication attempt or its outcome.","FAMILIARITY: unsure
VERDICT: unknown
NOTES: I vaguely recognize the title as a relative-frequency/value-judgment study, but I do not specifically recall the independent replication attempt or its outcome.",no
rpp.167,0,Head up foot down Object words orient attention to the objects typical location,unsure,unknown,"I vaguely recognize this as a semantic-attention cueing study where object words bias attention toward typical spatial locations, but I do not specifically recall the independent replication attempt or its outcome.","FAMILIARITY: unsure
VERDICT: unknown
NOTES: I vaguely recognize this as a semantic-attention cueing study where object words bias attention toward typical spatial locations, but I do not specifically recall the independent replication attempt or its outcome.",no
rpp.167,1,Head up foot down Object words orient attention to the objects typical location,unsure,unknown,"I vaguely recognize this as the object-word attentional-cueing study about “head”/“foot” words and top/bottom location, but I don’t specifically recall the independent replication outcome.","FAMILIARITY: unsure
VERDICT: unknown
NOTES: I vaguely recognize this as the object-word attentional-cueing study about “head”/“foot” words and top/bottom location, but I don’t specifically recall the independent replication outcome.",no
rpp.167,2,Head up foot down Object words orient attention to the objects typical location,unsure,unknown,"I vaguely recognize this as an embodied-cognition study about object words biasing attention to typical vertical locations, but I don’t specifically recall the independent replication outcome.","FAMILIARITY: unsure
VERDICT: unknown
NOTES: I vaguely recognize this as an embodied-cognition study about object words biasing attention to typical vertical locations, but I don’t specifically recall the independent replication outcome.",no
rpp.167,3,Head up foot down Object words orient attention to the objects typical location,unsure,unknown,"I vaguely recall this as an object-word spatial attention effect (e.g., “bird”/“foot” cueing up/down locations), but I don’t specifically remember the independent replication attempt or its outcome.","FAMILIARITY: unsure
VERDICT: unknown
NOTES: I vaguely recall this as an object-word spatial attention effect (e.g., “bird”/“foot” cueing up/down locations), but I don’t specifically remember the independent replication attempt or its outcome.",no
rpp.167,4,Head up foot down Object words orient attention to the objects typical location,unsure,unknown,"I recognize this as a semantic cueing/embodied-attention study about object words biasing attention to typical locations, but I do not specifically recall the independent replication attempt or its outcome.","FAMILIARITY: unsure
VERDICT: unknown
NOTES: I recognize this as a semantic cueing/embodied-attention study about object words biasing attention to typical locations, but I do not specifically recall the independent replication attempt or its outcome.",no
rpp.167,5,Head up foot down Object words orient attention to the objects typical location,unsure,unknown,"I vaguely recognize the embodied-cognition study about object words like “head” and “foot” cueing vertical locations, but I don’t specifically recall the outcome of the independent replication attempt.","FAMILIARITY: unsure
VERDICT: unknown
NOTES: I vaguely recognize the embodied-cognition study about object words like “head” and “foot” cueing vertical locations, but I don’t specifically recall the outcome of the independent replication attempt.",no
rpp.167,6,Head up foot down Object words orient attention to the objects typical location,unsure,unknown,"I recognize this as the object-word/vertical-attention study by Dudschig et al., but I don’t specifically recall the independent replication attempt or its outcome.","FAMILIARITY: unsure
VERDICT: unknown
NOTES: I recognize this as the object-word/vertical-attention study by Dudschig et al., but I don’t specifically recall the independent replication attempt or its outcome.",no
rpp.167,7,Head up foot down Object words orient attention to the objects typical location,unsure,unknown,"I recognize the general embodied-attention finding about object words biasing attention toward canonical upper/lower locations, but I don't specifically recall the independent replication attempt's outcome.","FAMILIARITY: unsure
VERDICT: unknown
NOTES: I recognize the general embodied-attention finding about object words biasing attention toward canonical upper/lower locations, but I don't specifically recall the independent replication attempt's outcome.",no
rpp.167,8,Head up foot down Object words orient attention to the objects typical location,unsure,unknown,"I recall this as a semantic cueing study where object words biased attention toward the objects’ typical upper/lower locations, but I don’t specifically remember the outcome of the independent replication attempt.","FAMILIARITY: unsure
VERDICT: unknown
NOTES: I recall this as a semantic cueing study where object words biased attention toward the objects’ typical upper/lower locations, but I don’t specifically remember the outcome of the independent replication attempt.",no
rpp.167,9,Head up foot down Object words orient attention to the objects typical location,recognized,unknown,"I recall this as a semantic-attention study showing that object words bias attention toward their canonical vertical location, but I don’t specifically remember the independent replication’s result.","FAMILIARITY: recognized
VERDICT: unknown
NOTES: I recall this as a semantic-attention study showing that object words bias attention toward their canonical vertical location, but I don’t specifically remember the independent replication’s result.",no
rpp.17,0,The ultimate sampling dilemma in experiencebased decision making,unfamiliar,unknown,"I don’t specifically recognize this study or the named replication finding, so I can’t reliably identify whether that effect replicated.","FAMILIARITY: unfamiliar
VERDICT: unknown
NOTES: I don’t specifically recognize this study or the named replication finding, so I can’t reliably identify whether that effect replicated.",yes
rpp.17,1,The ultimate sampling dilemma in experiencebased decision making,unsure,unknown,"I vaguely recognize the title as an experience-based decision-making paper about frequency estimates from different providers, but I do not specifically recall the independent replication attempt or its outcome.","FAMILIARITY: unsure
VERDICT: unknown
NOTES: I vaguely recognize the title as an experience-based decision-making paper about frequency estimates from different providers, but I do not specifically recall the independent replication attempt or its outcome.",yes
rpp.17,2,The ultimate sampling dilemma in experiencebased decision making,unsure,unknown,"I vaguely recognize the experience-based decision-making paper, but I don’t specifically recall this finding or its independent replication outcome.","FAMILIARITY: unsure
VERDICT: unknown
NOTES: I vaguely recognize the experience-based decision-making paper, but I don’t specifically recall this finding or its independent replication outcome.",yes
rpp.17,3,The ultimate sampling dilemma in experiencebased decision making,unfamiliar,unknown,"I don’t specifically recall this paper or its particular replication attempt, so I can’t say from memory whether that finding replicated.","FAMILIARITY: unfamiliar
VERDICT: unknown
NOTES: I don’t specifically recall this paper or its particular replication attempt, so I can’t say from memory whether that finding replicated.",yes
rpp.17,4,The ultimate sampling dilemma in experiencebased decision making,unsure,unknown,"I vaguely recall this as an experience-based decision-making paper from the Hertwig/Pachur line, but I don’t specifically recall the independent replication outcome for this exact provider-frequency bias effect.","FAMILIARITY: unsure
VERDICT: unknown
NOTES: I vaguely recall this as an experience-based decision-making paper from the Hertwig/Pachur line, but I don’t specifically recall the independent replication outcome for this exact provider-frequency bias effect.",yes
rpp.17,5,The ultimate sampling dilemma in experiencebased decision making,unsure,unknown,"I vaguely recognize this as an experience-based decision-making/frequency-judgment paper, but I don’t specifically recall the formal replication attempt or its outcome for this differential-regression effect.","FAMILIARITY: unsure
VERDICT: unknown
NOTES: I vaguely recognize this as an experience-based decision-making/frequency-judgment paper, but I don’t specifically recall the formal replication attempt or its outcome for this differential-regression effect.",yes
rpp.17,6,The ultimate sampling dilemma in experiencebased decision making,unsure,unknown,"I vaguely recall this as a paper on experience-based decision making and sampling/regression-to-the-mean biases, but I do not specifically recall the independent replication or its outcome.","FAMILIARITY: unsure
VERDICT: unknown
NOTES: I vaguely recall this as a paper on experience-based decision making and sampling/regression-to-the-mean biases, but I do not specifically recall the independent replication or its outcome.",yes
rpp.17,7,The ultimate sampling dilemma in experiencebased decision making,unsure,unknown,"I vaguely recall this as an experience-based decision-making paper involving frequency judgments, but I do not specifically remember the formal replication attempt or its result.","FAMILIARITY: unsure
VERDICT: unknown
NOTES: I vaguely recall this as an experience-based decision-making paper involving frequency judgments, but I do not specifically remember the formal replication attempt or its result.",yes
rpp.17,8,The ultimate sampling dilemma in experiencebased decision making,unsure,unknown,"I vaguely recall this as an experience-based decision-making/sampling paper, but I do not specifically recall the independent replication attempt or whether it supported the original effect.","FAMILIARITY: unsure
VERDICT: unknown
NOTES: I vaguely recall this as an experience-based decision-making/sampling paper, but I do not specifically recall the independent replication attempt or whether it supported the original effect.",yes
rpp.17,9,The ultimate sampling dilemma in experiencebased decision making,unsure,unknown,"I vaguely recognize this as a judgment-bias paper about regression to the mean in experience-based frequency estimates, but I do not specifically know the independent replication attempt or its outcome.","FAMILIARITY: unsure
VERDICT: unknown
NOTES: I vaguely recognize this as a judgment-bias paper about regression to the mean in experience-based frequency estimates, but I do not specifically know the independent replication attempt or its outcome.",yes
rpp.19,0,How to say no Singleand dualprocess theories of shortterm recognition tested on negative probes,recognized,replicable,"I remember this as the classic short-term recognition negative-probe study where longer lists reduced new-probe accuracy, and I recall the independent replication showing the same long-vs-short list disadvantage.","FAMILIARITY: recognized
VERDICT: replicable
NOTES: I remember this as the classic short-term recognition negative-probe study where longer lists reduced new-probe accuracy, and I recall the independent replication showing the same long-vs-short list disadvantage.",no
rpp.19,1,How to say no Singleand dualprocess theories of shortterm recognition tested on negative probes,unsure,unknown,"I recognize this as a short-term recognition-memory paper about list-length effects on negative probes, but I don’t specifically recall the independent replication attempt or its outcome.","FAMILIARITY: unsure
VERDICT: unknown
NOTES: I recognize this as a short-term recognition-memory paper about list-length effects on negative probes, but I don’t specifically recall the independent replication attempt or its outcome.",no
rpp.19,2,How to say no Singleand dualprocess theories of shortterm recognition tested on negative probes,unsure,unknown,"I recognize this as the short-term recognition “negative probes” study, but I don’t specifically recall the independent replication’s outcome for the long-list vs short-list accuracy effect.","FAMILIARITY: unsure
VERDICT: unknown
NOTES: I recognize this as the short-term recognition “negative probes” study, but I don’t specifically recall the independent replication’s outcome for the long-list vs short-list accuracy effect.",no
rpp.19,3,How to say no Singleand dualprocess theories of shortterm recognition tested on negative probes,recognized,replicable,I recall this as a short-term recognition negative-probe study in which the long-list penalty for rejecting new probes was also found in the independent replication.,"FAMILIARITY: recognized
VERDICT: replicable
NOTES: I recall this as a short-term recognition negative-probe study in which the long-list penalty for rejecting new probes was also found in the independent replication.",no
rpp.19,4,How to say no Singleand dualprocess theories of shortterm recognition tested on negative probes,unsure,unknown,"I vaguely recognize this as the short-term recognition paper about negative probes, but I don’t specifically recall the independent replication attempt or its outcome.","FAMILIARITY: unsure
VERDICT: unknown
NOTES: I vaguely recognize this as the short-term recognition paper about negative probes, but I don’t specifically recall the independent replication attempt or its outcome.",no
rpp.19,5,How to say no Singleand dualprocess theories of shortterm recognition tested on negative probes,unsure,unknown,"I vaguely recognize this as a short-term recognition/negative-probe study about list-length effects, but I don’t specifically recall the independent replication or its outcome.","FAMILIARITY: unsure
VERDICT: unknown
NOTES: I vaguely recognize this as a short-term recognition/negative-probe study about list-length effects, but I don’t specifically recall the independent replication or its outcome.",no
rpp.19,6,How to say no Singleand dualprocess theories of shortterm recognition tested on negative probes,unsure,unknown,"I vaguely recognize this as a short-term recognition-memory paper about negative probes, but I don’t specifically recall the independent replication attempt or whether the long-vs-short list accuracy effect replicated.","FAMILIARITY: unsure
VERDICT: unknown
NOTES: I vaguely recognize this as a short-term recognition-memory paper about negative probes, but I don’t specifically recall the independent replication attempt or whether the long-vs-short list accuracy effect replicated.",no
rpp.19,7,How to say no Singleand dualprocess theories of shortterm recognition tested on negative probes,unsure,unknown,"I vaguely recognize this as a short-term recognition/negative-probe paper, but I do not specifically recall a formal independent replication of the long-list vs short-list new-probe accuracy effect.","FAMILIARITY: unsure
VERDICT: unknown
NOTES: I vaguely recognize this as a short-term recognition/negative-probe paper, but I do not specifically recall a formal independent replication of the long-list vs short-list new-probe accuracy effect.",no
rpp.19,8,How to say no Singleand dualprocess theories of shortterm recognition tested on negative probes,recognized,unknown,"I recognize this as a short-term recognition-memory study using negative probes, but I don’t specifically recall the independent replication attempt or whether the long-vs-short list accuracy difference on new probes held up.","FAMILIARITY: recognized
VERDICT: unknown
NOTES: I recognize this as a short-term recognition-memory study using negative probes, but I don’t specifically recall the independent replication attempt or whether the long-vs-short list accuracy difference on new probes held up.",no
rpp.19,9,How to say no Singleand dualprocess theories of shortterm recognition tested on negative probes,unsure,unknown,"I vaguely recall this as a short-term recognition/list-length paper on negative probes, but I don't specifically remember the independent replication or its outcome.","FAMILIARITY: unsure
VERDICT: unknown
NOTES: I vaguely recall this as a short-term recognition/list-length paper on negative probes, but I don't specifically remember the independent replication or its outcome.",no
rpp.2,0,Now you see it now you dont repetition blindness for nonwords,unsure,unknown,"I vaguely recall this as a repetition-blindness-for-nonwords study, but I don’t specifically remember the independent replication result.","FAMILIARITY: unsure
VERDICT: unknown
NOTES: I vaguely recall this as a repetition-blindness-for-nonwords study, but I don’t specifically remember the independent replication result.",no
rpp.2,1,Now you see it now you dont repetition blindness for nonwords,unsure,unknown,"I recognize this as a classic repetition-blindness-for-nonwords study, but I don’t specifically recall the details or outcome of its independent replication attempt.","FAMILIARITY: unsure
VERDICT: unknown
NOTES: I recognize this as a classic repetition-blindness-for-nonwords study, but I don’t specifically recall the details or outcome of its independent replication attempt.",no
rpp.2,2,Now you see it now you dont repetition blindness for nonwords,unsure,unknown,"I recognize repetition blindness as a classic RSVP phenomenon, but I don’t specifically recall this nonword study or the outcome of any independent replication of its nonword ANOVA effect.","FAMILIARITY: unsure
VERDICT: unknown
NOTES: I recognize repetition blindness as a classic RSVP phenomenon, but I don’t specifically recall this nonword study or the outcome of any independent replication of its nonword ANOVA effect.",no
rpp.2,3,Now you see it now you dont repetition blindness for nonwords,unsure,unknown,"I recognize repetition blindness as a general RSVP phenomenon, but I don’t specifically recall this nonword study or any formal independent replication attempt of its nonword RB effect.","FAMILIARITY: unsure
VERDICT: unknown
NOTES: I recognize repetition blindness as a general RSVP phenomenon, but I don’t specifically recall this nonword study or any formal independent replication attempt of its nonword RB effect.",no
rpp.2,4,Now you see it now you dont repetition blindness for nonwords,unsure,unknown,"I recognize this as the classic repetition blindness for nonwords finding, but I don’t specifically recall the formal independent replication attempt or its ANOVA outcome.","FAMILIARITY: unsure
VERDICT: unknown
NOTES: I recognize this as the classic repetition blindness for nonwords finding, but I don’t specifically recall the formal independent replication attempt or its ANOVA outcome.",no
rpp.2,5,Now you see it now you dont repetition blindness for nonwords,unsure,unknown,"I recognize this as a classic repetition-blindness study on nonwords, but I don’t specifically recall the independent replication attempt or its outcome.","FAMILIARITY: unsure
VERDICT: unknown
NOTES: I recognize this as a classic repetition-blindness study on nonwords, but I don’t specifically recall the independent replication attempt or its outcome.",no
rpp.2,6,Now you see it now you dont repetition blindness for nonwords,unsure,unknown,"I know repetition blindness as a phenomenon, but I don’t specifically recognize this exact nonword study or its independent replication outcome.","FAMILIARITY: unsure
VERDICT: unknown
NOTES: I know repetition blindness as a phenomenon, but I don’t specifically recognize this exact nonword study or its independent replication outcome.",no
rpp.2,7,Now you see it now you dont repetition blindness for nonwords,unsure,unknown,"I recognize this as the classic repetition-blindness-for-nonwords paper in broad terms, but I do not specifically recall the independent replication attempt or its outcome.","FAMILIARITY: unsure
VERDICT: unknown
NOTES: I recognize this as the classic repetition-blindness-for-nonwords paper in broad terms, but I do not specifically recall the independent replication attempt or its outcome.",no
rpp.2,8,Now you see it now you dont repetition blindness for nonwords,unsure,unknown,"I recognize repetition blindness as a general phenomenon, but I do not specifically recall this nonword study’s formal replication attempt or its outcome.","FAMILIARITY: unsure
VERDICT: unknown
NOTES: I recognize repetition blindness as a general phenomenon, but I do not specifically recall this nonword study’s formal replication attempt or its outcome.",no
rpp.2,9,Now you see it now you dont repetition blindness for nonwords,unsure,unknown,"I vaguely recognize this as a classic repetition-blindness-for-nonwords study, but I don’t recall the specific independent replication attempt or its outcome.","FAMILIARITY: unsure
VERDICT: unknown
NOTES: I vaguely recognize this as a classic repetition-blindness-for-nonwords study, but I don’t recall the specific independent replication attempt or its outcome.",no
rpp.20,0,Intentional forgetting is easier after two shots than one,unsure,unknown,"I vaguely recall this as a directed-forgetting study on spaced vs. massed items, but I don’t specifically remember the independent replication’s outcome well enough to classify it.","FAMILIARITY: unsure
VERDICT: unknown
NOTES: I vaguely recall this as a directed-forgetting study on spaced vs. massed items, but I don’t specifically remember the independent replication’s outcome well enough to classify it.",no
rpp.20,1,Intentional forgetting is easier after two shots than one,unsure,unknown,"I vaguely recognize this as a directed-forgetting/spacing result, but I don’t specifically recall the independent replication or whether it confirmed the spaced-versus-massed interaction.","FAMILIARITY: unsure
VERDICT: unknown
NOTES: I vaguely recognize this as a directed-forgetting/spacing result, but I don’t specifically recall the independent replication or whether it confirmed the spaced-versus-massed interaction.",no
rpp.20,2,Intentional forgetting is easier after two shots than one,unsure,unknown,"I vaguely associate this with a directed-forgetting study manipulating spacing/context strength, but I do not specifically recall the paper or its independent replication outcome.","FAMILIARITY: unsure
VERDICT: unknown
NOTES: I vaguely associate this with a directed-forgetting study manipulating spacing/context strength, but I do not specifically recall the paper or its independent replication outcome.",no
rpp.20,3,Intentional forgetting is easier after two shots than one,unfamiliar,unknown,"I don't specifically recognize this study or its independent replication attempt, so I can't reliably say whether the effect replicated.","FAMILIARITY: unfamiliar
VERDICT: unknown
NOTES: I don't specifically recognize this study or its independent replication attempt, so I can't reliably say whether the effect replicated.",no
rpp.20,4,Intentional forgetting is easier after two shots than one,unsure,unknown,"I vaguely recognize this as a directed-forgetting study about spaced versus massed items and context strength, but I do not specifically recall the independent replication attempt or its outcome well enough to classify it.","FAMILIARITY: unsure
VERDICT: unknown
NOTES: I vaguely recognize this as a directed-forgetting study about spaced versus massed items and context strength, but I do not specifically recall the independent replication attempt or its outcome well enough to classify it.",no
rpp.20,5,Intentional forgetting is easier after two shots than one,unsure,unknown,"I vaguely recognize this as a directed-forgetting study comparing spaced versus massed items, but I do not specifically recall the independent replication attempt or its outcome.","FAMILIARITY: unsure
VERDICT: unknown
NOTES: I vaguely recognize this as a directed-forgetting study comparing spaced versus massed items, but I do not specifically recall the independent replication attempt or its outcome.",no
rpp.20,6,Intentional forgetting is easier after two shots than one,unsure,unknown,"I recognize this as the directed-forgetting study on spaced versus massed repetitions, but I do not specifically recall the independent replication attempt’s outcome, so I can’t say whether that interaction replicated.","FAMILIARITY: unsure
VERDICT: unknown
NOTES: I recognize this as the directed-forgetting study on spaced versus massed repetitions, but I do not specifically recall the independent replication attempt’s outcome, so I can’t say whether that interaction replicated.",no
rpp.20,7,Intentional forgetting is easier after two shots than one,unfamiliar,unknown,"I don’t specifically recognize this directed-forgetting/context-strength study or its independent replication attempt, so I can’t tell whether that interaction replicated.","FAMILIARITY: unfamiliar
VERDICT: unknown
NOTES: I don’t specifically recognize this directed-forgetting/context-strength study or its independent replication attempt, so I can’t tell whether that interaction replicated.",no
rpp.20,8,Intentional forgetting is easier after two shots than one,unsure,unknown,"I vaguely recognize this as a directed-forgetting study comparing spaced versus massed items via context strength, but I don’t specifically recall the outcome of the independent replication attempt.","FAMILIARITY: unsure
VERDICT: unknown
NOTES: I vaguely recognize this as a directed-forgetting study comparing spaced versus massed items via context strength, but I don’t specifically recall the outcome of the independent replication attempt.",no
rpp.20,9,Intentional forgetting is easier after two shots than one,unsure,unknown,"I vaguely recall a directed-forgetting/spacing effect with a context-strength interaction, but I don’t specifically remember the independent replication attempt well enough to judge its outcome confidently.","FAMILIARITY: unsure
VERDICT: unknown
NOTES: I vaguely recall a directed-forgetting/spacing effect with a context-strength interaction, but I don’t specifically remember the independent replication attempt well enough to judge its outcome confidently.",no
rpp.22,0,How does bilingualism improve executive control? A comparison of active and reactive inhibition mechanisms,unsure,unknown,"I vaguely recall this as an attentional-blink bilingual/monolingual study about lag-3 T2 accuracy, but I don’t specifically remember the independent replication outcome.","FAMILIARITY: unsure
VERDICT: unknown
NOTES: I vaguely recall this as an attentional-blink bilingual/monolingual study about lag-3 T2 accuracy, but I don’t specifically remember the independent replication outcome.",no
rpp.22,1,How does bilingualism improve executive control? A comparison of active and reactive inhibition mechanisms,unsure,unknown,"I vaguely recall a bilingualism/attentional-blink study comparing active vs reactive inhibition, but I don’t specifically remember the independent replication or whether the lag-3 T2 difference reproduced.","FAMILIARITY: unsure
VERDICT: unknown
NOTES: I vaguely recall a bilingualism/attentional-blink study comparing active vs reactive inhibition, but I don’t specifically remember the independent replication or whether the lag-3 T2 difference reproduced.",no
rpp.22,2,How does bilingualism improve executive control? A comparison of active and reactive inhibition mechanisms,unsure,unknown,"I vaguely recall this as a bilingualism/attentional-blink study reporting a lag-3 T2 disadvantage for bilinguals, but I do not specifically remember the independent replication outcome.","FAMILIARITY: unsure
VERDICT: unknown
NOTES: I vaguely recall this as a bilingualism/attentional-blink study reporting a lag-3 T2 disadvantage for bilinguals, but I do not specifically remember the independent replication outcome.",no
rpp.22,3,How does bilingualism improve executive control? A comparison of active and reactive inhibition mechanisms,unsure,unknown,"I vaguely recognize this as an attentional-blink bilingualism study reporting a bilingual disadvantage at lag 3, but I don’t specifically recall the outcome of the independent replication attempt.","FAMILIARITY: unsure
VERDICT: unknown
NOTES: I vaguely recognize this as an attentional-blink bilingualism study reporting a bilingual disadvantage at lag 3, but I don’t specifically recall the outcome of the independent replication attempt.",no
rpp.22,4,How does bilingualism improve executive control? A comparison of active and reactive inhibition mechanisms,recognized,unknown,"I recognize this as the bilingual-versus-monolingual attentional blink finding at lag 3, but I don't specifically recall the independent replication result.","FAMILIARITY: recognized
VERDICT: unknown
NOTES: I recognize this as the bilingual-versus-monolingual attentional blink finding at lag 3, but I don't specifically recall the independent replication result.",no
rpp.22,5,How does bilingualism improve executive control? A comparison of active and reactive inhibition mechanisms,unsure,unknown,"I vaguely recognize this as an attentional-blink bilingualism paper reporting a lag-3 disadvantage for bilinguals, but I do not specifically recall the independent replication attempt or its outcome.","FAMILIARITY: unsure
VERDICT: unknown
NOTES: I vaguely recognize this as an attentional-blink bilingualism paper reporting a lag-3 disadvantage for bilinguals, but I do not specifically recall the independent replication attempt or its outcome.",no
rpp.22,6,How does bilingualism improve executive control? A comparison of active and reactive inhibition mechanisms,unsure,unknown,"I recognize this as a bilingualism/attentional-blink result at lag 3, but I don't specifically recall the independent replication or its outcome.","FAMILIARITY: unsure
VERDICT: unknown
NOTES: I recognize this as a bilingualism/attentional-blink result at lag 3, but I don't specifically recall the independent replication or its outcome.",no
rpp.22,7,How does bilingualism improve executive control? A comparison of active and reactive inhibition mechanisms,unsure,unknown,"I vaguely recognize this as a bilingualism attentional-blink study reporting a lag-3 disadvantage for bilinguals, but I don’t specifically recall the independent replication attempt or its result.","FAMILIARITY: unsure
VERDICT: unknown
NOTES: I vaguely recognize this as a bilingualism attentional-blink study reporting a lag-3 disadvantage for bilinguals, but I don’t specifically recall the independent replication attempt or its result.",no
rpp.22,8,How does bilingualism improve executive control? A comparison of active and reactive inhibition mechanisms,unsure,unknown,"I recognize this only vaguely as a bilingualism/attentional-blink study with a lag-3 T2 difference, but I don't specifically recall the independent replication outcome.","FAMILIARITY: unsure
VERDICT: unknown
NOTES: I recognize this only vaguely as a bilingualism/attentional-blink study with a lag-3 T2 difference, but I don't specifically recall the independent replication outcome.",no
rpp.22,9,How does bilingualism improve executive control? A comparison of active and reactive inhibition mechanisms,unsure,unknown,"I recognize this as a bilingualism/attentional-blink study, but I do not specifically recall the independent replication of the lag-3 T2 effect, so I can’t say whether it replicated.","FAMILIARITY: unsure
VERDICT: unknown
NOTES: I recognize this as a bilingualism/attentional-blink study, but I do not specifically recall the independent replication of the lag-3 T2 effect, so I can’t say whether it replicated.",no
rpp.24,0,Priming addition facts with semantic relations,unsure,unknown,"I recognize the general area as semantic priming of arithmetic fact retrieval, but I do not specifically recall this exact study or its independent replication outcome.","FAMILIARITY: unsure  
VERDICT: unknown  
NOTES: I recognize the general area as semantic priming of arithmetic fact retrieval, but I do not specifically recall this exact study or its independent replication outcome.",yes
rpp.24,1,Priming addition facts with semantic relations,unsure,unknown,"I vaguely recognize this as an addition-fact semantic priming study, but I don’t specifically recall the formal independent replication attempt or its outcome.","FAMILIARITY: unsure
VERDICT: unknown
NOTES: I vaguely recognize this as an addition-fact semantic priming study, but I don’t specifically recall the formal independent replication attempt or its outcome.",yes
rpp.24,2,Priming addition facts with semantic relations,unsure,unknown,"I recognize the general line of work on semantic priming of addition facts, but I do not specifically recall this exact study or its independent replication outcome.","FAMILIARITY: unsure
VERDICT: unknown
NOTES: I recognize the general line of work on semantic priming of addition facts, but I do not specifically recall this exact study or its independent replication outcome.",yes
rpp.24,3,Priming addition facts with semantic relations,unsure,unknown,"I vaguely recall this as a semantic-priming addition-facts study, but I don’t specifically remember the independent replication attempt or whether it confirmed the categorical-prime advantage.","FAMILIARITY: unsure
VERDICT: unknown
NOTES: I vaguely recall this as a semantic-priming addition-facts study, but I don’t specifically remember the independent replication attempt or whether it confirmed the categorical-prime advantage.",yes
rpp.24,4,Priming addition facts with semantic relations,unfamiliar,unknown,"I don’t specifically recognize this title or its independent replication attempt, so I can’t reliably recall whether that semantic-priming effect on addition-fact latencies replicated.","FAMILIARITY: unfamiliar
VERDICT: unknown
NOTES: I don’t specifically recognize this title or its independent replication attempt, so I can’t reliably recall whether that semantic-priming effect on addition-fact latencies replicated.",yes
rpp.24,5,Priming addition facts with semantic relations,unsure,unknown,"I vaguely recognize this as a classic arithmetic priming study on semantic relations, but I do not specifically recall the independent replication attempt or its outcome.","FAMILIARITY: unsure
VERDICT: unknown
NOTES: I vaguely recognize this as a classic arithmetic priming study on semantic relations, but I do not specifically recall the independent replication attempt or its outcome.",yes
rpp.24,6,Priming addition facts with semantic relations,recognized,unknown,"I recall this as a semantic-priming study on addition-fact retrieval, but I don’t specifically remember the independent replication’s result.","FAMILIARITY: recognized
VERDICT: unknown
NOTES: I recall this as a semantic-priming study on addition-fact retrieval, but I don’t specifically remember the independent replication’s result.",yes
rpp.24,7,Priming addition facts with semantic relations,unsure,unknown,"I vaguely recall an arithmetic semantic-priming study on addition facts, but I do not specifically remember the independent replication attempt or its outcome.","FAMILIARITY: unsure
VERDICT: unknown
NOTES: I vaguely recall an arithmetic semantic-priming study on addition facts, but I do not specifically remember the independent replication attempt or its outcome.",yes
rpp.24,8,Priming addition facts with semantic relations,unsure,unknown,"I vaguely recall a study claiming categorical semantic primes boosted the sum-versus-neutral latency difference in addition-fact priming, but I do not specifically recall the independent replication attempt or its outcome.","FAMILIARITY: unsure
VERDICT: unknown
NOTES: I vaguely recall a study claiming categorical semantic primes boosted the sum-versus-neutral latency difference in addition-fact priming, but I do not specifically recall the independent replication attempt or its outcome.",yes
rpp.24,9,Priming addition facts with semantic relations,unsure,unknown,"I recognize this as an arithmetic semantic-priming study, but I don’t specifically recall the independent replication attempt or whether the categorical-prime effect was reproduced.","FAMILIARITY: unsure
VERDICT: unknown
NOTES: I recognize this as an arithmetic semantic-priming study, but I don’t specifically recall the independent replication attempt or whether the categorical-prime effect was reproduced.",yes
rpp.25,0,Learning correct responses and errors in the Hebb repetition effect two faces of the same coin,unsure,unknown,"I recognize the Hebb repetition-effect literature, but I do not specifically recall the independent replication outcome for the claim that prior recalls increase the probability of producing the same response, including errors.","FAMILIARITY: unsure
VERDICT: unknown
NOTES: I recognize the Hebb repetition-effect literature, but I do not specifically recall the independent replication outcome for the claim that prior recalls increase the probability of producing the same response, including errors.",yes
rpp.25,1,Learning correct responses and errors in the Hebb repetition effect two faces of the same coin,unsure,unknown,"I vaguely recognize this as a Hebb repetition-effect paper about learning from both correct recalls and errors, but I don’t specifically recall the independent replication attempt or its outcome.","FAMILIARITY: unsure
VERDICT: unknown
NOTES: I vaguely recognize this as a Hebb repetition-effect paper about learning from both correct recalls and errors, but I don’t specifically recall the independent replication attempt or its outcome.",yes
rpp.25,2,Learning correct responses and errors in the Hebb repetition effect two faces of the same coin,recognized,unknown,"I remember this as a serial-recall Hebb repetition paper arguing that prior production strengthens both correct responses and errors, but I don’t specifically recall the independent replication attempt or its outcome.","FAMILIARITY: recognized
VERDICT: unknown
NOTES: I remember this as a serial-recall Hebb repetition paper arguing that prior production strengthens both correct responses and errors, but I don’t specifically recall the independent replication attempt or its outcome.",yes
rpp.25,3,Learning correct responses and errors in the Hebb repetition effect two faces of the same coin,unfamiliar,unknown,"I know the Hebb repetition effect in general, but I do not specifically recall this paper or any independent replication of the claim that prior recalled errors increase the probability of producing the same response again.","FAMILIARITY: unfamiliar
VERDICT: unknown
NOTES: I know the Hebb repetition effect in general, but I do not specifically recall this paper or any independent replication of the claim that prior recalled errors increase the probability of producing the same response again.",yes
rpp.25,4,Learning correct responses and errors in the Hebb repetition effect two faces of the same coin,unsure,unknown,"I recognize the general Hebb repetition-effect literature, but I don’t specifically recall this paper’s independent replication or its outcome.","FAMILIARITY: unsure
VERDICT: unknown
NOTES: I recognize the general Hebb repetition-effect literature, but I don’t specifically recall this paper’s independent replication or its outcome.",yes
rpp.25,5,Learning correct responses and errors in the Hebb repetition effect two faces of the same coin,unsure,unknown,"I recall this as a Hebb repetition-effect paper arguing that repeated correct responses and repeated errors are learned similarly, but I do not specifically remember the independent replication attempt or its outcome.","FAMILIARITY: unsure  
VERDICT: unknown  
NOTES: I recall this as a Hebb repetition-effect paper arguing that repeated correct responses and repeated errors are learned similarly, but I do not specifically remember the independent replication attempt or its outcome.",yes
rpp.25,6,Learning correct responses and errors in the Hebb repetition effect two faces of the same coin,unsure,unknown,"I recognize the general Hebb repetition-effect literature, but I don’t specifically recall this exact paper or a formal independent replication of the “errors are learned like correct responses” finding.","FAMILIARITY: unsure
VERDICT: unknown
NOTES: I recognize the general Hebb repetition-effect literature, but I don’t specifically recall this exact paper or a formal independent replication of the “errors are learned like correct responses” finding.",yes
rpp.25,7,Learning correct responses and errors in the Hebb repetition effect two faces of the same coin,unsure,unknown,"I vaguely recognize this as the Hebb repetition/error-learning claim, but I don’t specifically recall the independent replication attempt or whether it succeeded.","FAMILIARITY: unsure
VERDICT: unknown
NOTES: I vaguely recognize this as the Hebb repetition/error-learning claim, but I don’t specifically recall the independent replication attempt or whether it succeeded.",yes
rpp.25,8,Learning correct responses and errors in the Hebb repetition effect two faces of the same coin,unsure,unknown,"I recognize the general Hebb repetition literature, but I don’t specifically recall this exact paper or the outcome of its independent replication on error learning.","FAMILIARITY: unsure
VERDICT: unknown
NOTES: I recognize the general Hebb repetition literature, but I don’t specifically recall this exact paper or the outcome of its independent replication on error learning.",yes
rpp.25,9,Learning correct responses and errors in the Hebb repetition effect two faces of the same coin,unfamiliar,unknown,"I know the broader Hebb repetition-effect literature, but I do not specifically recognize this exact “correct responses and errors” finding or any independent replication attempt of it.","FAMILIARITY: unfamiliar  
VERDICT: unknown  
NOTES: I know the broader Hebb repetition-effect literature, but I do not specifically recognize this exact “correct responses and errors” finding or any independent replication attempt of it.",yes
rpp.27,0,On the additive effects of stimulus quality and word frequency in lexical decision Evidence for opposing interactive influences revealed by RT distributional analyses,recognized,unknown,"I recognize this as the lexical-decision paper on stimulus quality × word frequency, but I don’t specifically recall the independent replication attempt’s outcome for the “larger frequency effect for degraded words” interaction.","FAMILIARITY: recognized
VERDICT: unknown
NOTES: I recognize this as the lexical-decision paper on stimulus quality × word frequency, but I don’t specifically recall the independent replication attempt’s outcome for the “larger frequency effect for degraded words” interaction.",yes
rpp.27,1,On the additive effects of stimulus quality and word frequency in lexical decision Evidence for opposing interactive influences revealed by RT distributional analyses,recognized,replicable,"I recall this as a lexical-decision study showing that degrading stimulus quality increased the word-frequency effect, and the independent replication reportedly found the same interaction.","FAMILIARITY: recognized
VERDICT: replicable
NOTES: I recall this as a lexical-decision study showing that degrading stimulus quality increased the word-frequency effect, and the independent replication reportedly found the same interaction.",yes
rpp.27,2,On the additive effects of stimulus quality and word frequency in lexical decision Evidence for opposing interactive influences revealed by RT distributional analyses,unsure,unknown,"I vaguely recognize this as the lexical-decision stimulus quality × word frequency study, but I don’t specifically recall the outcome of the independent replication of that interaction.","FAMILIARITY: unsure
VERDICT: unknown
NOTES: I vaguely recognize this as the lexical-decision stimulus quality × word frequency study, but I don’t specifically recall the outcome of the independent replication of that interaction.",yes
rpp.27,3,On the additive effects of stimulus quality and word frequency in lexical decision Evidence for opposing interactive influences revealed by RT distributional analyses,unsure,unknown,"I recognize this as a lexical-decision paper about stimulus quality and word frequency interactions, but I do not specifically recall the independent replication attempt or its outcome.","FAMILIARITY: unsure  
VERDICT: unknown  
NOTES: I recognize this as a lexical-decision paper about stimulus quality and word frequency interactions, but I do not specifically recall the independent replication attempt or its outcome.",yes
rpp.27,4,On the additive effects of stimulus quality and word frequency in lexical decision Evidence for opposing interactive influences revealed by RT distributional analyses,unsure,unknown,"I recognize this as the Yap/Balota lexical-decision study on word frequency × stimulus quality, but I do not specifically recall the independent replication attempt or whether that larger frequency effect for degraded words was reproduced.","FAMILIARITY: unsure
VERDICT: unknown
NOTES: I recognize this as the Yap/Balota lexical-decision study on word frequency × stimulus quality, but I do not specifically recall the independent replication attempt or whether that larger frequency effect for degraded words was reproduced.",yes
rpp.27,5,On the additive effects of stimulus quality and word frequency in lexical decision Evidence for opposing interactive influences revealed by RT distributional analyses,recognized,unknown,"I recognize this as the lexical-decision study of stimulus quality × word frequency, but I don’t specifically recall the independent replication attempt or its outcome.","FAMILIARITY: recognized
VERDICT: unknown
NOTES: I recognize this as the lexical-decision study of stimulus quality × word frequency, but I don’t specifically recall the independent replication attempt or its outcome.",yes
rpp.27,6,On the additive effects of stimulus quality and word frequency in lexical decision Evidence for opposing interactive influences revealed by RT distributional analyses,unsure,unknown,"I recognize this as the lexical-decision study on stimulus quality and word frequency, but I do not specifically recall the independent replication attempt or its outcome well enough to say whether the interaction replicated.","FAMILIARITY: unsure
VERDICT: unknown
NOTES: I recognize this as the lexical-decision study on stimulus quality and word frequency, but I do not specifically recall the independent replication attempt or its outcome well enough to say whether the interaction replicated.",yes
rpp.27,7,On the additive effects of stimulus quality and word frequency in lexical decision Evidence for opposing interactive influences revealed by RT distributional analyses,unsure,unknown,"I recognize this as the lexical-decision study by Yap/Balota et al. reporting that the frequency effect was larger for degraded words, but I don’t specifically recall the outcome of the independent replication attempt.","FAMILIARITY: unsure
VERDICT: unknown
NOTES: I recognize this as the lexical-decision study by Yap/Balota et al. reporting that the frequency effect was larger for degraded words, but I don’t specifically recall the outcome of the independent replication attempt.",yes
rpp.27,8,On the additive effects of stimulus quality and word frequency in lexical decision Evidence for opposing interactive influences revealed by RT distributional analyses,recognized,unknown,"I recognize this lexical-decision paper on stimulus quality and word frequency, but I don't specifically recall the independent replication attempt or whether the larger frequency effect for degraded words replicated.","FAMILIARITY: recognized
VERDICT: unknown
NOTES: I recognize this lexical-decision paper on stimulus quality and word frequency, but I don't specifically recall the independent replication attempt or whether the larger frequency effect for degraded words replicated.",yes
rpp.27,9,On the additive effects of stimulus quality and word frequency in lexical decision Evidence for opposing interactive influences revealed by RT distributional analyses,recognized,unknown,"I recognize this as the lexical-decision stimulus-quality × word-frequency paper, but I don’t specifically recall the outcome of its independent replication for the “larger frequency effect for degraded words” interaction.","FAMILIARITY: recognized
VERDICT: unknown
NOTES: I recognize this as the lexical-decision stimulus-quality × word-frequency paper, but I don’t specifically recall the outcome of its independent replication for the “larger frequency effect for degraded words” interaction.",yes
rpp.28,0,Semantic interference in a delayed naming task Evidence for the response exclusion hypothesis,unsure,unknown,"I vaguely recall this as a delayed-naming semantic interference result in the response-exclusion literature, but I do not specifically recognize the independent replication attempt or its outcome.","FAMILIARITY: unsure
VERDICT: unknown
NOTES: I vaguely recall this as a delayed-naming semantic interference result in the response-exclusion literature, but I do not specifically recognize the independent replication attempt or its outcome.",no
rpp.28,1,Semantic interference in a delayed naming task Evidence for the response exclusion hypothesis,unsure,unknown,"I vaguely recognize this as a delayed-naming picture–word interference paper about semantic interference, but I don’t specifically recall the outcome of any independent formal replication attempt.","FAMILIARITY: unsure
VERDICT: unknown
NOTES: I vaguely recognize this as a delayed-naming picture–word interference paper about semantic interference, but I don’t specifically recall the outcome of any independent formal replication attempt.",no
rpp.28,2,Semantic interference in a delayed naming task Evidence for the response exclusion hypothesis,unsure,unknown,"I recognize this as a delayed-naming semantic-interference paper, but I don’t specifically recall the independent replication attempt or its outcome.","FAMILIARITY: unsure
VERDICT: unknown
NOTES: I recognize this as a delayed-naming semantic-interference paper, but I don’t specifically recall the independent replication attempt or its outcome.",no
rpp.28,3,Semantic interference in a delayed naming task Evidence for the response exclusion hypothesis,unsure,unknown,"I recognize this as the delayed picture-naming semantic-interference result tied to the response exclusion hypothesis, but I do not specifically recall the independent replication attempt or its outcome.","FAMILIARITY: unsure
VERDICT: unknown
NOTES: I recognize this as the delayed picture-naming semantic-interference result tied to the response exclusion hypothesis, but I do not specifically recall the independent replication attempt or its outcome.",no
rpp.28,4,Semantic interference in a delayed naming task Evidence for the response exclusion hypothesis,unsure,unknown,"I recognize this as a delayed-naming semantic-interference finding tied to the response exclusion hypothesis, but I don't specifically recall the outcome of the independent replication attempt for this exact effect.","FAMILIARITY: unsure
VERDICT: unknown
NOTES: I recognize this as a delayed-naming semantic-interference finding tied to the response exclusion hypothesis, but I don't specifically recall the outcome of the independent replication attempt for this exact effect.",no
rpp.28,5,Semantic interference in a delayed naming task Evidence for the response exclusion hypothesis,unsure,unknown,"I recognize the broader semantic-interference/response-exclusion debate in delayed naming, but I do not specifically recall the outcome of the independent replication of this exact word-picture relatedness effect.","FAMILIARITY: unsure
VERDICT: unknown
NOTES: I recognize the broader semantic-interference/response-exclusion debate in delayed naming, but I do not specifically recall the outcome of the independent replication of this exact word-picture relatedness effect.",no
rpp.28,6,Semantic interference in a delayed naming task Evidence for the response exclusion hypothesis,unsure,unknown,"I vaguely recall this as a delayed-naming picture-word interference paper on semantic interference and response exclusion, but I do not specifically recall the independent replication attempt or its outcome.","FAMILIARITY: unsure
VERDICT: unknown
NOTES: I vaguely recall this as a delayed-naming picture-word interference paper on semantic interference and response exclusion, but I do not specifically recall the independent replication attempt or its outcome.",no
rpp.28,7,Semantic interference in a delayed naming task Evidence for the response exclusion hypothesis,unsure,unknown,"I recognize this as a delayed picture-naming semantic-interference paper tied to the response-exclusion account, but I do not specifically recall the outcome of its formal independent replication attempt.","FAMILIARITY: unsure
VERDICT: unknown
NOTES: I recognize this as a delayed picture-naming semantic-interference paper tied to the response-exclusion account, but I do not specifically recall the outcome of its formal independent replication attempt.",no
rpp.28,8,Semantic interference in a delayed naming task Evidence for the response exclusion hypothesis,recognized,unknown,"I remember this as a delayed picture-naming semantic interference study used to support the response exclusion hypothesis, but I do not specifically recall the outcome of the independent replication attempt.","FAMILIARITY: recognized
VERDICT: unknown
NOTES: I remember this as a delayed picture-naming semantic interference study used to support the response exclusion hypothesis, but I do not specifically recall the outcome of the independent replication attempt.",no
rpp.28,9,Semantic interference in a delayed naming task Evidence for the response exclusion hypothesis,recognized,unknown,"I recognize this as the delayed naming semantic-interference/response-exclusion paper by Abdel Rahman and Melinger, but I do not specifically recall the outcome of the independent replication attempt.","FAMILIARITY: recognized
VERDICT: unknown
NOTES: I recognize this as the delayed naming semantic-interference/response-exclusion paper by Abdel Rahman and Melinger, but I do not specifically recall the outcome of the independent replication attempt.",no
rpp.29,0,Multidimensional visual statistical learning,unsure,unknown,"I vaguely recognize the line of work on color-based multidimensional visual statistical learning, but I don’t specifically recall the independent replication attempt or its outcome.","FAMILIARITY: unsure
VERDICT: unknown
NOTES: I vaguely recognize the line of work on color-based multidimensional visual statistical learning, but I don’t specifically recall the independent replication attempt or its outcome.",yes
rpp.29,1,Multidimensional visual statistical learning,unsure,unknown,"I recognize the general topic as a visual statistical learning study with colored objects/triplets, but I don’t specifically recall the independent replication attempt or its outcome well enough to classify it.","FAMILIARITY: unsure
VERDICT: unknown
NOTES: I recognize the general topic as a visual statistical learning study with colored objects/triplets, but I don’t specifically recall the independent replication attempt or its outcome well enough to classify it.",yes
rpp.29,2,Multidimensional visual statistical learning,recognized,unknown,"I recognize this as the multidimensional visual statistical learning paper about learning triplets over object colors, but I don’t specifically recall the outcome of its independent replication attempt.","FAMILIARITY: recognized
VERDICT: unknown
NOTES: I recognize this as the multidimensional visual statistical learning paper about learning triplets over object colors, but I don’t specifically recall the outcome of its independent replication attempt.",yes
rpp.29,3,Multidimensional visual statistical learning,unsure,unknown,"I vaguely recall a visual statistical learning study involving color-based triplets, but I do not specifically recognize the independent replication attempt or its outcome well enough to judge it.","FAMILIARITY: unsure
VERDICT: unknown
NOTES: I vaguely recall a visual statistical learning study involving color-based triplets, but I do not specifically recognize the independent replication attempt or its outcome well enough to judge it.",yes
rpp.29,4,Multidimensional visual statistical learning,unsure,unknown,"I vaguely recognize this as the study testing color-based feature learning in visual statistical learning, but I do not specifically recall the formal replication attempt or its result.","FAMILIARITY: unsure
VERDICT: unknown
NOTES: I vaguely recognize this as the study testing color-based feature learning in visual statistical learning, but I do not specifically recall the formal replication attempt or its result.",yes
rpp.29,5,Multidimensional visual statistical learning,unsure,unknown,"I vaguely recall a visual statistical learning study using colored object triplets, but I don’t specifically remember the independent replication attempt or whether its one-sample t-test against chance was significant.","FAMILIARITY: unsure
VERDICT: unknown
NOTES: I vaguely recall a visual statistical learning study using colored object triplets, but I don’t specifically remember the independent replication attempt or whether its one-sample t-test against chance was significant.",yes
rpp.29,6,Multidimensional visual statistical learning,unsure,unknown,"I vaguely recognize this as a visual statistical learning study using colored objects/triplets, but I do not specifically remember the independent replication attempt or its outcome well enough to judge it.","FAMILIARITY: unsure
VERDICT: unknown
NOTES: I vaguely recognize this as a visual statistical learning study using colored objects/triplets, but I do not specifically remember the independent replication attempt or its outcome well enough to judge it.",yes
rpp.29,7,Multidimensional visual statistical learning,unfamiliar,unknown,"I don’t specifically recognize this paper or its independent replication attempt, so I can’t reliably say whether that color-based visual statistical learning effect replicated.","FAMILIARITY: unfamiliar
VERDICT: unknown
NOTES: I don’t specifically recognize this paper or its independent replication attempt, so I can’t reliably say whether that color-based visual statistical learning effect replicated.",yes
rpp.29,8,Multidimensional visual statistical learning,unsure,unknown,"I recognize the general visual-statistical-learning paper, but I don't specifically recall the independent replication attempt or its result for the color-triplet recall test.","FAMILIARITY: unsure
VERDICT: unknown
NOTES: I recognize the general visual-statistical-learning paper, but I don't specifically recall the independent replication attempt or its result for the color-triplet recall test.",yes
rpp.29,9,Multidimensional visual statistical learning,recognized,unknown,"I recognize this as the color-based visual statistical learning study, but I don’t specifically recall the outcome of the independent replication attempt well enough to classify it.","FAMILIARITY: recognized
VERDICT: unknown
NOTES: I recognize this as the color-based visual statistical learning study, but I don’t specifically recall the outcome of the independent replication attempt well enough to classify it.",yes
rpp.3,0,Working memory costs of task switching,unsure,unknown,"I recognize the general topic of task-switching costs in working memory, but I do not specifically recall this paper or its independent replication of the low-switch/degraded-stimulus effect.","FAMILIARITY: unsure
VERDICT: unknown
NOTES: I recognize the general topic of task-switching costs in working memory, but I do not specifically recall this paper or its independent replication of the low-switch/degraded-stimulus effect.",no
rpp.3,1,Working memory costs of task switching,unsure,unknown,"I don’t specifically recognize this study or its replication attempt from training, so I can’t say whether that low-switch degraded-stimuli recall effect held up.","FAMILIARITY: unsure
VERDICT: unknown
NOTES: I don’t specifically recognize this study or its replication attempt from training, so I can’t say whether that low-switch degraded-stimuli recall effect held up.",no
rpp.3,2,Working memory costs of task switching,unfamiliar,unknown,"I don’t specifically recognize this study or its independent replication attempt, so I can’t reliably say whether this low-switch/degraded-stimulus recall effect replicated.","FAMILIARITY: unfamiliar
VERDICT: unknown
NOTES: I don’t specifically recognize this study or its independent replication attempt, so I can’t reliably say whether this low-switch/degraded-stimulus recall effect replicated.",no
rpp.3,3,Working memory costs of task switching,unsure,unknown,I don’t specifically recognize this paper and its formal replication attempt well enough to recall whether that low-switch/degraded-stimuli recall effect was found again.,"FAMILIARITY: unsure
VERDICT: unknown
NOTES: I don’t specifically recognize this paper and its formal replication attempt well enough to recall whether that low-switch/degraded-stimuli recall effect was found again.",no
rpp.3,4,Working memory costs of task switching,unfamiliar,unknown,"I don't specifically recognize this study or its formal replication attempt, so I can't recall the outcome of the low-switch degraded-stimuli recall effect.","FAMILIARITY: unfamiliar
VERDICT: unknown
NOTES: I don't specifically recognize this study or its formal replication attempt, so I can't recall the outcome of the low-switch degraded-stimuli recall effect.",no
rpp.3,5,Working memory costs of task switching,unsure,unknown,"I vaguely recognize the title but not this specific degraded-stimuli simple effect or its independent replication, so I can’t say whether it replicated.","FAMILIARITY: unsure
VERDICT: unknown
NOTES: I vaguely recognize the title but not this specific degraded-stimuli simple effect or its independent replication, so I can’t say whether it replicated.",no
rpp.3,6,Working memory costs of task switching,unsure,unknown,"I recognize the general task-switching/working-memory topic, but I don’t specifically recall the independent replication attempt or its outcome for this degraded-stimulus low-switch recall effect.","FAMILIARITY: unsure
VERDICT: unknown
NOTES: I recognize the general task-switching/working-memory topic, but I don’t specifically recall the independent replication attempt or its outcome for this degraded-stimulus low-switch recall effect.",no
rpp.3,7,Working memory costs of task switching,unsure,unknown,"I recognize the general topic of task-switching costs in working memory, but I don’t specifically recall this exact study or its formal replication attempt well enough to say whether the degraded-stimulus low-switch recall effect reproduced.","FAMILIARITY: unsure
VERDICT: unknown
NOTES: I recognize the general topic of task-switching costs in working memory, but I don’t specifically recall this exact study or its formal replication attempt well enough to say whether the degraded-stimulus low-switch recall effect reproduced.",no
rpp.3,8,Working memory costs of task switching,unsure,unknown,"I vaguely recognize this as a task-switching/working-memory paper, but I do not specifically recall the independent replication attempt or whether that low-switch degraded-stimuli recall effect held up.","FAMILIARITY: unsure
VERDICT: unknown
NOTES: I vaguely recognize this as a task-switching/working-memory paper, but I do not specifically recall the independent replication attempt or whether that low-switch degraded-stimuli recall effect held up.",no
rpp.3,9,Working memory costs of task switching,unsure,unknown,"I recognize the general topic of task-switching and working-memory effects, but I do not specifically recall this titled study or a formal independent replication of the low-switch degraded-stimuli recall effect.","FAMILIARITY: unsure
VERDICT: unknown
NOTES: I recognize the general topic of task-switching and working-memory effects, but I do not specifically recall this titled study or a formal independent replication of the low-switch degraded-stimuli recall effect.",no
rpp.32,0,Accounting for occurrences A new view of the use of contingency information in causal judgment,unsure,unknown,"I vaguely recognize this as a contingency/causal-judgment study, but I do not specifically recall the independent replication attempt or its result.","FAMILIARITY: unsure
VERDICT: unknown
NOTES: I vaguely recognize this as a contingency/causal-judgment study, but I do not specifically recall the independent replication attempt or its result.",yes
rpp.32,1,Accounting for occurrences A new view of the use of contingency information in causal judgment,unsure,unknown,"I vaguely recognize this as a contingency-based causal judgment paper, but I do not specifically recall the independent replication attempt or its result.","FAMILIARITY: unsure
VERDICT: unknown
NOTES: I vaguely recognize this as a contingency-based causal judgment paper, but I do not specifically recall the independent replication attempt or its result.",yes
rpp.32,2,Accounting for occurrences A new view of the use of contingency information in causal judgment,recognized,unknown,"I recognize this as a contingency-judgment study about A+ evidence shifting causal attributions toward A and away from B, but I don't specifically recall the outcome of the independent replication attempt.","FAMILIARITY: recognized
VERDICT: unknown
NOTES: I recognize this as a contingency-judgment study about A+ evidence shifting causal attributions toward A and away from B, but I don't specifically recall the outcome of the independent replication attempt.",yes
rpp.32,3,Accounting for occurrences A new view of the use of contingency information in causal judgment,recognized,unknown,"I recognize this as a classic contingency-information causal-judgment paper, but I don’t specifically recall the independent replication attempt or whether it succeeded.","FAMILIARITY: recognized
VERDICT: unknown
NOTES: I recognize this as a classic contingency-information causal-judgment paper, but I don’t specifically recall the independent replication attempt or whether it succeeded.",yes
rpp.32,4,Accounting for occurrences A new view of the use of contingency information in causal judgment,unsure,unknown,"I recognize the broad causal-judgment/contingency literature, but I do not specifically recall this exact paper and its formal replication attempt well enough to say whether the A+ effect replicated.","FAMILIARITY: unsure
VERDICT: unknown
NOTES: I recognize the broad causal-judgment/contingency literature, but I do not specifically recall this exact paper and its formal replication attempt well enough to say whether the A+ effect replicated.",yes
rpp.32,5,Accounting for occurrences A new view of the use of contingency information in causal judgment,unsure,unknown,"The title and contingency-judgment topic ring a faint bell, but I don’t specifically recognize this study or its formal replication attempt well enough to recall whether the effect replicated.","FAMILIARITY: unsure
VERDICT: unknown
NOTES: The title and contingency-judgment topic ring a faint bell, but I don’t specifically recognize this study or its formal replication attempt well enough to recall whether the effect replicated.",yes
rpp.32,6,Accounting for occurrences A new view of the use of contingency information in causal judgment,unsure,unknown,"I vaguely recall this as a causal-judgment/contingency-accounting paper, but I don’t specifically remember the independent replication attempt or whether that A+ effect held up.","FAMILIARITY: unsure
VERDICT: unknown
NOTES: I vaguely recall this as a causal-judgment/contingency-accounting paper, but I don’t specifically remember the independent replication attempt or whether that A+ effect held up.",yes
rpp.32,7,Accounting for occurrences A new view of the use of contingency information in causal judgment,unsure,unknown,"I vaguely recognize this as a contingency-based causal judgment finding, but I do not specifically recall the independent replication attempt or its result.","FAMILIARITY: unsure
VERDICT: unknown
NOTES: I vaguely recognize this as a contingency-based causal judgment finding, but I do not specifically recall the independent replication attempt or its result.",yes
rpp.32,8,Accounting for occurrences A new view of the use of contingency information in causal judgment,unsure,unknown,"I recognize this as a classic contingency-information/causal-judgment paper, but I do not specifically recall the named independent replication attempt or its outcome.","FAMILIARITY: unsure
VERDICT: unknown
NOTES: I recognize this as a classic contingency-information/causal-judgment paper, but I do not specifically recall the named independent replication attempt or its outcome.",yes
rpp.32,9,Accounting for occurrences A new view of the use of contingency information in causal judgment,unsure,unknown,"I recognize this as a classic paper on contingency information in causal judgment, but I don’t specifically recall the independent replication attempt or its result.","FAMILIARITY: unsure
VERDICT: unknown
NOTES: I recognize this as a classic paper on contingency information in causal judgment, but I don’t specifically recall the independent replication attempt or its result.",yes
rpp.33,0,Multiple roles for time in shortterm memory Evidence from serial recall of order and timing,unsure,unknown,"I vaguely recognize this as a serial-recall/grouping paper on temporal spacing, but I do not specifically recall the independent replication attempt or its result.","FAMILIARITY: unsure
VERDICT: unknown
NOTES: I vaguely recognize this as a serial-recall/grouping paper on temporal spacing, but I do not specifically recall the independent replication attempt or its result.",yes
rpp.33,1,Multiple roles for time in shortterm memory Evidence from serial recall of order and timing,unfamiliar,unknown,"I don’t specifically recognize this study or any independent replication attempt of the temporal-grouping effect in serial recall, so I can’t reliably say whether it replicated.","FAMILIARITY: unfamiliar
VERDICT: unknown
NOTES: I don’t specifically recognize this study or any independent replication attempt of the temporal-grouping effect in serial recall, so I can’t reliably say whether it replicated.",yes
rpp.33,2,Multiple roles for time in shortterm memory Evidence from serial recall of order and timing,recognized,unknown,"I recognize this as the short-term-memory temporal-grouping paper, but I do not specifically remember the independent replication attempt or whether it reproduced the pause-between-groups effect.","FAMILIARITY: recognized
VERDICT: unknown
NOTES: I recognize this as the short-term-memory temporal-grouping paper, but I do not specifically remember the independent replication attempt or whether it reproduced the pause-between-groups effect.",yes
rpp.33,3,Multiple roles for time in shortterm memory Evidence from serial recall of order and timing,unsure,unknown,"I vaguely recognize this as a paper on temporal grouping in serial recall, but I do not specifically recall the independent replication attempt or its outcome.","FAMILIARITY: unsure
VERDICT: unknown
NOTES: I vaguely recognize this as a paper on temporal grouping in serial recall, but I do not specifically recall the independent replication attempt or its outcome.",yes
rpp.33,4,Multiple roles for time in shortterm memory Evidence from serial recall of order and timing,unsure,unknown,"I vaguely recognize this as a serial-recall/grouping paper about pauses at group boundaries, but I don’t specifically recall the independent replication attempt or its outcome.","FAMILIARITY: unsure
VERDICT: unknown
NOTES: I vaguely recognize this as a serial-recall/grouping paper about pauses at group boundaries, but I don’t specifically recall the independent replication attempt or its outcome.",yes
rpp.33,5,Multiple roles for time in shortterm memory Evidence from serial recall of order and timing,unsure,unknown,"I recognize this as the serial-recall/grouping paper about order and timing, but I don’t specifically recall the independent replication attempt or whether that temporal-gap effect reproduced.","FAMILIARITY: unsure
VERDICT: unknown
NOTES: I recognize this as the serial-recall/grouping paper about order and timing, but I don’t specifically recall the independent replication attempt or whether that temporal-gap effect reproduced.",yes
rpp.33,6,Multiple roles for time in shortterm memory Evidence from serial recall of order and timing,recognized,unknown,"I recognize this as the temporal-grouping serial-recall finding where instructed grouping leads to pauses at group boundaries in both order and timing recall, but I don’t specifically recall the independent replication attempt or its result.","FAMILIARITY: recognized
VERDICT: unknown
NOTES: I recognize this as the temporal-grouping serial-recall finding where instructed grouping leads to pauses at group boundaries in both order and timing recall, but I don’t specifically recall the independent replication attempt or its result.",yes
rpp.33,7,Multiple roles for time in shortterm memory Evidence from serial recall of order and timing,unsure,unknown,"I recognize the general topic of temporal grouping in serial recall, but I don’t specifically recall this exact study’s formal independent replication attempt or its outcome.","FAMILIARITY: unsure
VERDICT: unknown
NOTES: I recognize the general topic of temporal grouping in serial recall, but I don’t specifically recall this exact study’s formal independent replication attempt or its outcome.",yes
rpp.33,8,Multiple roles for time in shortterm memory Evidence from serial recall of order and timing,unsure,unknown,"I recognize this as the serial-recall/grouping study on time in short-term memory, but I don’t specifically recall the independent replication attempt or its outcome.","FAMILIARITY: unsure
VERDICT: unknown
NOTES: I recognize this as the serial-recall/grouping study on time in short-term memory, but I don’t specifically recall the independent replication attempt or its outcome.",yes
rpp.33,9,Multiple roles for time in shortterm memory Evidence from serial recall of order and timing,unsure,unknown,"I recognize the short-term-memory grouping paper title, but I don’t specifically recall the independent replication attempt or its outcome for this exact gap-at-group-boundaries effect.","FAMILIARITY: unsure
VERDICT: unknown
NOTES: I recognize the short-term-memory grouping paper title, but I don’t specifically recall the independent replication attempt or its outcome for this exact gap-at-group-boundaries effect.",yes
rpp.36,0,An attentionbased associative account of adjacent and nonadjacent dependency learning,unsure,unknown,"I recognize the adjacent/nonadjacent dependency-learning literature, but I do not specifically recall this paper’s independent replication attempt or whether the dependency-type effect held up.","FAMILIARITY: unsure
VERDICT: unknown
NOTES: I recognize the adjacent/nonadjacent dependency-learning literature, but I do not specifically recall this paper’s independent replication attempt or whether the dependency-type effect held up.",yes
rpp.36,1,An attentionbased associative account of adjacent and nonadjacent dependency learning,unsure,unknown,"I vaguely recognize this as an artificial-language dependency-learning study, but I do not specifically recall the independent replication attempt or its outcome for the correct-responses-by-dependency effect.","FAMILIARITY: unsure
VERDICT: unknown
NOTES: I vaguely recognize this as an artificial-language dependency-learning study, but I do not specifically recall the independent replication attempt or its outcome for the correct-responses-by-dependency effect.",yes
rpp.36,2,An attentionbased associative account of adjacent and nonadjacent dependency learning,unsure,unknown,"I vaguely recognize this as a study on adjacent vs nonadjacent dependency learning, but I do not specifically recall the formal independent replication attempt or its outcome.","FAMILIARITY: unsure
VERDICT: unknown
NOTES: I vaguely recognize this as a study on adjacent vs nonadjacent dependency learning, but I do not specifically recall the formal independent replication attempt or its outcome.",yes
rpp.36,3,An attentionbased associative account of adjacent and nonadjacent dependency learning,unsure,unknown,"I vaguely recognize this as an artificial-language adjacent/nonadjacent dependency-learning study, but I do not specifically recall the independent replication or whether the main effect of dependency type was reproduced.","FAMILIARITY: unsure
VERDICT: unknown
NOTES: I vaguely recognize this as an artificial-language adjacent/nonadjacent dependency-learning study, but I do not specifically recall the independent replication or whether the main effect of dependency type was reproduced.",yes
rpp.36,4,An attentionbased associative account of adjacent and nonadjacent dependency learning,unsure,unknown,"I recognize this as the adjacent-vs-nonadjacent artificial dependency learning study, but I don’t specifically recall the independent replication outcome for the finding about correct responses varying only by dependency type.","FAMILIARITY: unsure
VERDICT: unknown
NOTES: I recognize this as the adjacent-vs-nonadjacent artificial dependency learning study, but I don’t specifically recall the independent replication outcome for the finding about correct responses varying only by dependency type.",yes
rpp.36,5,An attentionbased associative account of adjacent and nonadjacent dependency learning,unsure,unknown,"I vaguely recognize this as an artificial-language/dependency-learning paper, but I don’t specifically recall the exact independent replication attempt or whether it succeeded.","FAMILIARITY: unsure
VERDICT: unknown
NOTES: I vaguely recognize this as an artificial-language/dependency-learning paper, but I don’t specifically recall the exact independent replication attempt or whether it succeeded.",yes
rpp.36,6,An attentionbased associative account of adjacent and nonadjacent dependency learning,unfamiliar,unknown,"I don’t specifically recognize this study or its independent replication attempt from memory, so I can’t reliably state whether that finding replicated.","FAMILIARITY: unfamiliar
VERDICT: unknown
NOTES: I don’t specifically recognize this study or its independent replication attempt from memory, so I can’t reliably state whether that finding replicated.",yes
rpp.36,7,An attentionbased associative account of adjacent and nonadjacent dependency learning,unsure,unknown,"I recognize the general adjacent-vs-nonadjacent dependency learning literature, but I don’t specifically recall this exact paper or its formal independent replication attempt.","FAMILIARITY: unsure
VERDICT: unknown
NOTES: I recognize the general adjacent-vs-nonadjacent dependency learning literature, but I don’t specifically recall this exact paper or its formal independent replication attempt.",yes
rpp.36,8,An attentionbased associative account of adjacent and nonadjacent dependency learning,unsure,unknown,"I recognize the general topic of adjacent versus nonadjacent dependency learning, but I don't specifically recall this exact study or its independent replication attempt.","FAMILIARITY: unsure
VERDICT: unknown
NOTES: I recognize the general topic of adjacent versus nonadjacent dependency learning, but I don't specifically recall this exact study or its independent replication attempt.",yes
rpp.36,9,An attentionbased associative account of adjacent and nonadjacent dependency learning,unfamiliar,unknown,"I don’t specifically recognize this paper or its independent replication, so I can’t reliably say whether that dependency-learning effect replicated.","FAMILIARITY: unfamiliar
VERDICT: unknown
NOTES: I don’t specifically recognize this paper or its independent replication, so I can’t reliably say whether that dependency-learning effect replicated.",yes
rpp.37,0,Orienting attention in visual working memory reduces interference from memory probes,unsure,unknown,"I vaguely recognize this as a retro-cue/visual working memory study, but I do not specifically recall the independent replication attempt or whether it succeeded.","FAMILIARITY: unsure
VERDICT: unknown
NOTES: I vaguely recognize this as a retro-cue/visual working memory study, but I do not specifically recall the independent replication attempt or whether it succeeded.",yes
rpp.37,1,Orienting attention in visual working memory reduces interference from memory probes,unsure,unknown,"I recognize the general retro-cue/visual working memory literature, but I do not specifically recall this exact study or its formal independent replication attempt.","FAMILIARITY: unsure
VERDICT: unknown
NOTES: I recognize the general retro-cue/visual working memory literature, but I do not specifically recall this exact study or its formal independent replication attempt.",yes
rpp.37,2,Orienting attention in visual working memory reduces interference from memory probes,recognized,unknown,"I recognize this as a retro-cue visual working memory study showing a cue-type advantage for set sizes above 1, but I don’t specifically recall the outcome of the independent replication attempt for that exact shape/color effect.","FAMILIARITY: recognized
VERDICT: unknown
NOTES: I recognize this as a retro-cue visual working memory study showing a cue-type advantage for set sizes above 1, but I don’t specifically recall the outcome of the independent replication attempt for that exact shape/color effect.",yes
rpp.37,3,Orienting attention in visual working memory reduces interference from memory probes,unsure,unknown,"I recognize this only as a retro-cue/visual working memory paper, but I don’t specifically recall the independent replication attempt or its outcome.","FAMILIARITY: unsure
VERDICT: unknown
NOTES: I recognize this only as a retro-cue/visual working memory paper, but I don’t specifically recall the independent replication attempt or its outcome.",yes
rpp.37,4,Orienting attention in visual working memory reduces interference from memory probes,recognized,replicable,"I recall this as a direct replication of the classic retro-cue benefit in visual working memory, with retro cues outperforming simultaneous cues for set sizes above 1 in both color and shape conditions.","FAMILIARITY: recognized
VERDICT: replicable
NOTES: I recall this as a direct replication of the classic retro-cue benefit in visual working memory, with retro cues outperforming simultaneous cues for set sizes above 1 in both color and shape conditions.",yes
rpp.37,5,Orienting attention in visual working memory reduces interference from memory probes,unsure,unknown,"I recognize the general retro-cue visual working memory literature, but I do not specifically recall this exact paper or the outcome of its formal independent replication attempt.","FAMILIARITY: unsure
VERDICT: unknown
NOTES: I recognize the general retro-cue visual working memory literature, but I do not specifically recall this exact paper or the outcome of its formal independent replication attempt.",yes
rpp.37,6,Orienting attention in visual working memory reduces interference from memory probes,unsure,unknown,"I recognize this as a retro-cue/visual working memory study in which orienting attention was reported to reduce probe interference, but I don’t specifically recall the independent replication attempt or its outcome.","FAMILIARITY: unsure
VERDICT: unknown
NOTES: I recognize this as a retro-cue/visual working memory study in which orienting attention was reported to reduce probe interference, but I don’t specifically recall the independent replication attempt or its outcome.",yes
rpp.37,7,Orienting attention in visual working memory reduces interference from memory probes,unsure,unknown,"I vaguely recognize this as a retro-cue/visual working memory study, but I don’t specifically recall the formal independent replication attempt or whether it succeeded.","FAMILIARITY: unsure
VERDICT: unknown
NOTES: I vaguely recognize this as a retro-cue/visual working memory study, but I don’t specifically recall the formal independent replication attempt or whether it succeeded.",yes
rpp.37,8,Orienting attention in visual working memory reduces interference from memory probes,unsure,unknown,"I recognize the general retro-cue/visual working memory literature, but I don’t specifically recall this paper’s formal independent replication or its outcome for the set-size-by-cue effect.","FAMILIARITY: unsure
VERDICT: unknown
NOTES: I recognize the general retro-cue/visual working memory literature, but I don’t specifically recall this paper’s formal independent replication or its outcome for the set-size-by-cue effect.",yes
rpp.37,9,Orienting attention in visual working memory reduces interference from memory probes,recognized,replicable,"I recall this as the retro-cue versus simultaneous-cue working-memory probe study, and the independent replication preserved the retro-cue advantage in both shape and color conditions for set sizes above 1.","FAMILIARITY: recognized
VERDICT: replicable
NOTES: I recall this as the retro-cue versus simultaneous-cue working-memory probe study, and the independent replication preserved the retro-cue advantage in both shape and color conditions for set sizes above 1.",yes
rpp.39,0,Decision making and learning while taking sequential risks,unfamiliar,unknown,I don’t specifically recognize this study or its replication attempt well enough to say whether the ART–drug use correlation difference in sunny versus cloudy conditions replicated.,"FAMILIARITY: unfamiliar
VERDICT: unknown
NOTES: I don’t specifically recognize this study or its replication attempt well enough to say whether the ART–drug use correlation difference in sunny versus cloudy conditions replicated.",no
rpp.39,1,Decision making and learning while taking sequential risks,unfamiliar,unknown,"I don’t specifically recognize this study or its formal replication attempt, so I can’t judge whether the finding replicated without guessing.","FAMILIARITY: unfamiliar
VERDICT: unknown
NOTES: I don’t specifically recognize this study or its formal replication attempt, so I can’t judge whether the finding replicated without guessing.",no
rpp.39,2,Decision making and learning while taking sequential risks,unsure,unknown,"I vaguely associate this with the Balloon Analogue Risk Task/sequential-risk learning literature, where learning can reduce its correlation with hazardous drug use, but I don't specifically remember the independent replication attempt or its result.","FAMILIARITY: unsure
VERDICT: unknown
NOTES: I vaguely associate this with the Balloon Analogue Risk Task/sequential-risk learning literature, where learning can reduce its correlation with hazardous drug use, but I don't specifically remember the independent replication attempt or its result.",no
rpp.39,3,Decision making and learning while taking sequential risks,unfamiliar,unknown,"I don’t specifically recognize this study or its replication attempt from memory, so I can’t reliably recall whether that ART–drug-use finding was replicated.","FAMILIARITY: unfamiliar
VERDICT: unknown
NOTES: I don’t specifically recognize this study or its replication attempt from memory, so I can’t reliably recall whether that ART–drug-use finding was replicated.",no
rpp.39,4,Decision making and learning while taking sequential risks,unfamiliar,unknown,"I don't recognize this specific study or its replication attempt from memory, so I can't reliably say whether the ART–drug-use finding replicated.","FAMILIARITY: unfamiliar
VERDICT: unknown
NOTES: I don't recognize this specific study or its replication attempt from memory, so I can't reliably say whether the ART–drug-use finding replicated.",no
rpp.39,5,Decision making and learning while taking sequential risks,unsure,unknown,"I recognize this as the Balloon Analogue Risk Task paper by Lejuez et al., but I don’t specifically recall the independent replication attempt or its outcome.","FAMILIARITY: unsure
VERDICT: unknown
NOTES: I recognize this as the Balloon Analogue Risk Task paper by Lejuez et al., but I don’t specifically recall the independent replication attempt or its outcome.",no
rpp.39,6,Decision making and learning while taking sequential risks,unsure,unknown,"I vaguely recognize this as a sequential-risk/BART-type study linking task learning to hazardous drug use, but I don't recall the independent replication's result.","FAMILIARITY: unsure
VERDICT: unknown
NOTES: I vaguely recognize this as a sequential-risk/BART-type study linking task learning to hazardous drug use, but I don't recall the independent replication's result.",no
rpp.39,7,Decision making and learning while taking sequential risks,unfamiliar,unknown,"I don’t specifically recognize this study or its formal replication attempt from the title and effect description, so I can’t reliably say whether it replicated.","FAMILIARITY: unfamiliar
VERDICT: unknown
NOTES: I don’t specifically recognize this study or its formal replication attempt from the title and effect description, so I can’t reliably say whether it replicated.",no
rpp.39,8,Decision making and learning while taking sequential risks,unfamiliar,unknown,"I don’t specifically recognize this study or its formal replication attempt from training, so I can’t reliably say whether the finding replicated.","FAMILIARITY: unfamiliar
VERDICT: unknown
NOTES: I don’t specifically recognize this study or its formal replication attempt from training, so I can’t reliably say whether the finding replicated.",no
rpp.39,9,Decision making and learning while taking sequential risks,unfamiliar,unknown,"I don’t specifically recognize this study or its formal replication attempt from the title and effect description alone, so I can’t reliably say whether the finding replicated.","FAMILIARITY: unfamiliar
VERDICT: unknown
NOTES: I don’t specifically recognize this study or its formal replication attempt from the title and effect description alone, so I can’t reliably say whether the finding replicated.",no
rpp.4,0,Accelerated relearning after retrievalinduced forgetting The benefit of being forgotten,recognized,unknown,"I recognize Storm/Bjork’s retrieval-induced forgetting relearning study in general, but I don’t specifically recall the independent replication attempt or its outcome.","FAMILIARITY: recognized
VERDICT: unknown
NOTES: I recognize Storm/Bjork’s retrieval-induced forgetting relearning study in general, but I don’t specifically recall the independent replication attempt or its outcome.",no
rpp.4,1,Accelerated relearning after retrievalinduced forgetting The benefit of being forgotten,recognized,replicable,"I recall this as the retrieval-induced forgetting “benefit of being forgotten” finding, and the independent replication also reported a larger relearning advantage for items from practiced categories.","FAMILIARITY: recognized
VERDICT: replicable
NOTES: I recall this as the retrieval-induced forgetting “benefit of being forgotten” finding, and the independent replication also reported a larger relearning advantage for items from practiced categories.",no
rpp.4,2,Accelerated relearning after retrievalinduced forgetting The benefit of being forgotten,recognized,unknown,"I recognize the original retrieval-induced forgetting relearning effect, but I do not specifically recall the independent replication attempt or whether it confirmed the larger relearning benefit for the practiced-category nonpracticed items.","FAMILIARITY: recognized
VERDICT: unknown
NOTES: I recognize the original retrieval-induced forgetting relearning effect, but I do not specifically recall the independent replication attempt or whether it confirmed the larger relearning benefit for the practiced-category nonpracticed items.",no
rpp.4,3,Accelerated relearning after retrievalinduced forgetting The benefit of being forgotten,unsure,unknown,"I recognize this as the retrieval-induced forgetting/relearning paper about faster relearning of previously forgotten items, but I don’t specifically recall the independent replication attempt or its outcome.","FAMILIARITY: unsure  
VERDICT: unknown  
NOTES: I recognize this as the retrieval-induced forgetting/relearning paper about faster relearning of previously forgotten items, but I don’t specifically recall the independent replication attempt or its outcome.",no
rpp.4,4,Accelerated relearning after retrievalinduced forgetting The benefit of being forgotten,recognized,unknown,"I recognize this as the “benefit of being forgotten” retrieval-induced forgetting/relearning study, but I don’t specifically recall the outcome of the independent replication attempt.","FAMILIARITY: recognized
VERDICT: unknown
NOTES: I recognize this as the “benefit of being forgotten” retrieval-induced forgetting/relearning study, but I don’t specifically recall the outcome of the independent replication attempt.",no
rpp.4,5,Accelerated relearning after retrievalinduced forgetting The benefit of being forgotten,recognized,unknown,"I remember this as the accelerated-relearning/RIF finding that previously retrieval-practiced items were relearned faster, but I do not specifically recall the outcome of the independent replication attempt.","FAMILIARITY: recognized
VERDICT: unknown
NOTES: I remember this as the accelerated-relearning/RIF finding that previously retrieval-practiced items were relearned faster, but I do not specifically recall the outcome of the independent replication attempt.",no
rpp.4,6,Accelerated relearning after retrievalinduced forgetting The benefit of being forgotten,recognized,unknown,"I recognize this as the retrieval-induced-forgetting relearning effect from Storm and colleagues, but I don’t specifically recall the outcome of the later independent replication attempt.","FAMILIARITY: recognized
VERDICT: unknown
NOTES: I recognize this as the retrieval-induced-forgetting relearning effect from Storm and colleagues, but I don’t specifically recall the outcome of the later independent replication attempt.",no
rpp.4,7,Accelerated relearning after retrievalinduced forgetting The benefit of being forgotten,recognized,unknown,"I recognize this as the retrieval-induced-forgetting relearning study showing faster relearning for Rp- than Nrp- items, but I don’t specifically recall the outcome of any independent replication attempt.","FAMILIARITY: recognized
VERDICT: unknown
NOTES: I recognize this as the retrieval-induced-forgetting relearning study showing faster relearning for Rp- than Nrp- items, but I don’t specifically recall the outcome of any independent replication attempt.",no
rpp.4,8,Accelerated relearning after retrievalinduced forgetting The benefit of being forgotten,unsure,unknown,"I recognize this as the retrieval-induced forgetting “accelerated relearning” paper, but I don’t specifically recall the outcome of the independent replication attempt for that relearning interaction.","FAMILIARITY: unsure
VERDICT: unknown
NOTES: I recognize this as the retrieval-induced forgetting “accelerated relearning” paper, but I don’t specifically recall the outcome of the independent replication attempt for that relearning interaction.",no
rpp.4,9,Accelerated relearning after retrievalinduced forgetting The benefit of being forgotten,unsure,unknown,"I recognize the accelerated relearning-after-retrieval-induced-forgetting result in general, but I don't specifically recall the independent replication's outcome.","FAMILIARITY: unsure
VERDICT: unknown
NOTES: I recognize the accelerated relearning-after-retrieval-induced-forgetting result in general, but I don't specifically recall the independent replication's outcome.",no
rpp.43,0,The rejection of moral rebels Resenting those who do the right thing,recognized,unknown,"I recognize Monin et al.’s “moral rebels” self-affirmation study, but I don’t specifically recall the outcome of the independent replication attempt for that exact effect.","FAMILIARITY: recognized
VERDICT: unknown
NOTES: I recognize Monin et al.’s “moral rebels” self-affirmation study, but I don’t specifically recall the outcome of the independent replication attempt for that exact effect.",no
rpp.43,1,The rejection of moral rebels Resenting those who do the right thing,unsure,unknown,"I recognize the original self-affirmation finding about moral rebels, but I don’t specifically recall the independent replication attempt or its result.","FAMILIARITY: unsure
VERDICT: unknown
NOTES: I recognize the original self-affirmation finding about moral rebels, but I don’t specifically recall the independent replication attempt or its result.",no
rpp.43,2,The rejection of moral rebels Resenting those who do the right thing,recognized,unknown,"I recognize the Monin, Sawyer, and Marquez “moral rebels” study and the self-affirmation finding, but I don’t specifically recall the outcome of the independent replication attempt.","FAMILIARITY: recognized
VERDICT: unknown
NOTES: I recognize the Monin, Sawyer, and Marquez “moral rebels” study and the self-affirmation finding, but I don’t specifically recall the outcome of the independent replication attempt.",no
rpp.43,3,The rejection of moral rebels Resenting those who do the right thing,unsure,unknown,"I recognize this as the Monin et al. “moral rebels” self-affirmation finding, but I do not specifically recall the outcome of the independent replication attempt.","FAMILIARITY: unsure
VERDICT: unknown
NOTES: I recognize this as the Monin et al. “moral rebels” self-affirmation finding, but I do not specifically recall the outcome of the independent replication attempt.",no
rpp.43,4,The rejection of moral rebels Resenting those who do the right thing,recognized,unknown,"I recognize this as the “moral rebels” self-affirmation study by Monin, Sawyer, and Marquez, but I do not specifically recall the outcome of its formal independent replication attempt.","FAMILIARITY: recognized
VERDICT: unknown
NOTES: I recognize this as the “moral rebels” self-affirmation study by Monin, Sawyer, and Marquez, but I do not specifically recall the outcome of its formal independent replication attempt.",no
rpp.43,5,The rejection of moral rebels Resenting those who do the right thing,recognized,unknown,"I recognize Monin et al.’s “moral rebels” study and its self-affirmation condition, but I don’t specifically recall the outcome of the independent replication attempt.","FAMILIARITY: recognized
VERDICT: unknown
NOTES: I recognize Monin et al.’s “moral rebels” study and its self-affirmation condition, but I don’t specifically recall the outcome of the independent replication attempt.",no
rpp.43,6,The rejection of moral rebels Resenting those who do the right thing,unsure,unknown,"I recognize the original “moral rebels” self-affirmation study by Monin, Sawyer, and Marquez, but I don’t specifically recall the independent replication attempt or its outcome.","FAMILIARITY: unsure
VERDICT: unknown
NOTES: I recognize the original “moral rebels” self-affirmation study by Monin, Sawyer, and Marquez, but I don’t specifically recall the independent replication attempt or its outcome.",no
rpp.43,7,The rejection of moral rebels Resenting those who do the right thing,recognized,unknown,"I recognize Monin, Sawyer, and Marquez’s “moral rebels” self-affirmation study, but I don’t specifically recall the outcome of the later independent replication attempt.","FAMILIARITY: recognized
VERDICT: unknown
NOTES: I recognize Monin, Sawyer, and Marquez’s “moral rebels” self-affirmation study, but I don’t specifically recall the outcome of the later independent replication attempt.",no
rpp.43,8,The rejection of moral rebels Resenting those who do the right thing,recognized,unknown,"I remember the original Monin et al. “moral rebels” self-affirmation effect, but I don’t specifically recall the formal independent replication attempt or its outcome.","FAMILIARITY: recognized
VERDICT: unknown
NOTES: I remember the original Monin et al. “moral rebels” self-affirmation effect, but I don’t specifically recall the formal independent replication attempt or its outcome.",no
rpp.43,9,The rejection of moral rebels Resenting those who do the right thing,recognized,unknown,"I remember this as the Monin et al. “moral rebels” self-affirmation finding, but I don’t specifically recall the outcome of any formal independent replication attempt.","FAMILIARITY: recognized  
VERDICT: unknown  
NOTES: I remember this as the Monin et al. “moral rebels” self-affirmation finding, but I don’t specifically recall the outcome of any formal independent replication attempt.",no
rpp.44,0,Why do implicit and explicit attitude tests diverge? The role of structural fit,unsure,unknown,"I recognize the Hofmann/Gawronski “structural fit” paper and the social-desirability-pressure moderation in broad terms, but I don’t recall the specific formal replication result.","FAMILIARITY: unsure
VERDICT: unknown
NOTES: I recognize the Hofmann/Gawronski “structural fit” paper and the social-desirability-pressure moderation in broad terms, but I don’t recall the specific formal replication result.",yes
rpp.44,1,Why do implicit and explicit attitude tests diverge? The role of structural fit,unsure,unknown,"I vaguely recognize the Gawronski structural-fit paper on why implicit and explicit attitude tests diverge, but I don’t specifically recall the independent replication attempt or its result.","FAMILIARITY: unsure
VERDICT: unknown
NOTES: I vaguely recognize the Gawronski structural-fit paper on why implicit and explicit attitude tests diverge, but I don’t specifically recall the independent replication attempt or its result.",yes
rpp.44,2,Why do implicit and explicit attitude tests diverge? The role of structural fit,unsure,unknown,"I recognize the original structural-fit paper on why implicit and explicit attitude measures diverge, but I don’t specifically recall the formal replication attempt or whether the social-desirability-by-procedure moderation replicated.","FAMILIARITY: unsure
VERDICT: unknown
NOTES: I recognize the original structural-fit paper on why implicit and explicit attitude measures diverge, but I don’t specifically recall the formal replication attempt or whether the social-desirability-by-procedure moderation replicated.",yes
rpp.44,3,Why do implicit and explicit attitude tests diverge? The role of structural fit,unsure,unknown,"I recognize the Hofmann/Gawronski paper on structural fit and the social-desirability-pressure moderation, but I do not specifically recall a formal independent replication attempt of that exact interaction.","FAMILIARITY: unsure  
VERDICT: unknown  
NOTES: I recognize the Hofmann/Gawronski paper on structural fit and the social-desirability-pressure moderation, but I do not specifically recall a formal independent replication attempt of that exact interaction.",yes
rpp.44,4,Why do implicit and explicit attitude tests diverge? The role of structural fit,recognized,unknown,"I recognize the structural-fit implicit/explicit attitude paper, but I don’t specifically recall the outcome of the independent replication of the moderation by perceived social-desirability pressure.","FAMILIARITY: recognized
VERDICT: unknown
NOTES: I recognize the structural-fit implicit/explicit attitude paper, but I don’t specifically recall the outcome of the independent replication of the moderation by perceived social-desirability pressure.",yes
rpp.44,5,Why do implicit and explicit attitude tests diverge? The role of structural fit,recognized,unknown,"I recognize Hofmann et al.’s structural-fit paper on implicit vs. explicit attitudes and the social-desirability moderation idea, but I don’t specifically recall the independent replication attempt or its outcome.","FAMILIARITY: recognized  
VERDICT: unknown  
NOTES: I recognize Hofmann et al.’s structural-fit paper on implicit vs. explicit attitudes and the social-desirability moderation idea, but I don’t specifically recall the independent replication attempt or its outcome.",yes
rpp.44,6,Why do implicit and explicit attitude tests diverge? The role of structural fit,unsure,unknown,"I vaguely recognize this as the structural-fit paper on implicit vs. explicit attitude divergence, but I don’t specifically recall the independent replication of the social-desirability-pressure moderation effect.","FAMILIARITY: unsure
VERDICT: unknown
NOTES: I vaguely recognize this as the structural-fit paper on implicit vs. explicit attitude divergence, but I don’t specifically recall the independent replication of the social-desirability-pressure moderation effect.",yes
rpp.44,7,Why do implicit and explicit attitude tests diverge? The role of structural fit,unsure,unknown,"I recognize the general topic of structural fit in implicit versus explicit attitudes, but I do not specifically recall this exact study’s independent replication attempt or its outcome.","FAMILIARITY: unsure
VERDICT: unknown
NOTES: I recognize the general topic of structural fit in implicit versus explicit attitudes, but I do not specifically recall this exact study’s independent replication attempt or its outcome.",yes
rpp.44,8,Why do implicit and explicit attitude tests diverge? The role of structural fit,recognized,unknown,"I recognize this as the structural-fit paper on implicit vs. explicit attitude measures, but I don’t specifically recall the outcome of the independent replication of the social-desirability-pressure moderation.","FAMILIARITY: recognized
VERDICT: unknown
NOTES: I recognize this as the structural-fit paper on implicit vs. explicit attitude measures, but I don’t specifically recall the outcome of the independent replication of the social-desirability-pressure moderation.",yes
rpp.44,9,Why do implicit and explicit attitude tests diverge? The role of structural fit,unsure,unknown,"I vaguely recall this as a structural-fit paper arguing that perceived social desirability pressure moderates the direct–indirect attitude relation, but I don’t specifically remember the independent replication attempt or its outcome.","FAMILIARITY: unsure
VERDICT: unknown
NOTES: I vaguely recall this as a structural-fit paper arguing that perceived social desirability pressure moderates the direct–indirect attitude relation, but I don’t specifically remember the independent replication attempt or its outcome.",yes
rpp.48,0,Terror management and adults attachment to their parents The safe haven remains,recognized,unknown,"I recognize this as the Mikulincer and Florian mortality-salience/attachment-to-parents study, but I don’t specifically recall the independent replication attempt or its outcome.","FAMILIARITY: recognized
VERDICT: unknown
NOTES: I recognize this as the Mikulincer and Florian mortality-salience/attachment-to-parents study, but I don’t specifically recall the independent replication attempt or its outcome.",no
rpp.48,1,Terror management and adults attachment to their parents The safe haven remains,recognized,unknown,"I recognize this as the Mikulincer/Florian/Hirschberger mortality-salience study on attachment to parents, but I don’t specifically recall the outcome of the independent replication of this exact parent-preference interaction.","FAMILIARITY: recognized
VERDICT: unknown
NOTES: I recognize this as the Mikulincer/Florian/Hirschberger mortality-salience study on attachment to parents, but I don’t specifically recall the outcome of the independent replication of this exact parent-preference interaction.",no
rpp.48,2,Terror management and adults attachment to their parents The safe haven remains,recognized,unknown,"I recognize the original mortality-salience/attachment finding in which low-avoidance, high-anxiety participants preferred a parent more after MS than after dental pain, but I don’t specifically recall the independent replication attempt or its outcome.","FAMILIARITY: recognized
VERDICT: unknown
NOTES: I recognize the original mortality-salience/attachment finding in which low-avoidance, high-anxiety participants preferred a parent more after MS than after dental pain, but I don’t specifically recall the independent replication attempt or its outcome.",no
rpp.48,3,Terror management and adults attachment to their parents The safe haven remains,recognized,unknown,"I recognize the original Mikulincer et al. mortality-salience/attachment finding in which low-avoidance, high-anxiety participants showed greater relative preference for a parent, but I don’t specifically recall the outcome of the independent replication attempt.","FAMILIARITY: recognized
VERDICT: unknown
NOTES: I recognize the original Mikulincer et al. mortality-salience/attachment finding in which low-avoidance, high-anxiety participants showed greater relative preference for a parent, but I don’t specifically recall the outcome of the independent replication attempt.",no
rpp.48,4,Terror management and adults attachment to their parents The safe haven remains,recognized,unknown,"I recognize Mikulincer et al.’s “The safe haven remains” attachment/mortality-salience study, but I don’t specifically recall the outcome of the independent replication of the low-avoidance/high-anxiety parent-preference effect.","FAMILIARITY: recognized
VERDICT: unknown
NOTES: I recognize Mikulincer et al.’s “The safe haven remains” attachment/mortality-salience study, but I don’t specifically recall the outcome of the independent replication of the low-avoidance/high-anxiety parent-preference effect.",no
rpp.48,5,Terror management and adults attachment to their parents The safe haven remains,unsure,unknown,"I vaguely recognize this as the Mikulincer/Florian mortality-salience-and-attachment-to-parents finding, but I don’t specifically recall the outcome of any independent replication attempt.","FAMILIARITY: unsure
VERDICT: unknown
NOTES: I vaguely recognize this as the Mikulincer/Florian mortality-salience-and-attachment-to-parents finding, but I don’t specifically recall the outcome of any independent replication attempt.",no
rpp.48,6,Terror management and adults attachment to their parents The safe haven remains,recognized,unknown,"I recognize this as Mikulincer and colleagues’ mortality-salience/attachment study on parent preference, but I don’t specifically recall the outcome of the formal independent replication attempt.","FAMILIARITY: recognized
VERDICT: unknown
NOTES: I recognize this as Mikulincer and colleagues’ mortality-salience/attachment study on parent preference, but I don’t specifically recall the outcome of the formal independent replication attempt.",no
rpp.48,7,Terror management and adults attachment to their parents The safe haven remains,unsure,unknown,"I recognize this as a Mikulincer/Florian terror-management and adult attachment paper, but I don’t recall the specific independent replication attempt or its outcome for the mortality-salience effect on parent preference.","FAMILIARITY: unsure
VERDICT: unknown
NOTES: I recognize this as a Mikulincer/Florian terror-management and adult attachment paper, but I don’t recall the specific independent replication attempt or its outcome for the mortality-salience effect on parent preference.",no
rpp.48,8,Terror management and adults attachment to their parents The safe haven remains,recognized,unknown,"I recall the original Mikulincer/Florian “safe haven remains” finding on mortality salience increasing preference for a parent among high-anxiety/low-avoidance participants, but I don’t specifically recall the outcome of the independent replication attempt.","FAMILIARITY: recognized
VERDICT: unknown
NOTES: I recall the original Mikulincer/Florian “safe haven remains” finding on mortality salience increasing preference for a parent among high-anxiety/low-avoidance participants, but I don’t specifically recall the outcome of the independent replication attempt.",no
rpp.48,9,Terror management and adults attachment to their parents The safe haven remains,unsure,unknown,"I recognize the original Mikulincer et al. terror-management/attachment paper, but I don’t specifically recall the independent replication attempt or whether this exact parent-preference interaction reproduced.","FAMILIARITY: unsure
VERDICT: unknown
NOTES: I recognize the original Mikulincer et al. terror-management/attachment paper, but I don’t specifically recall the independent replication attempt or whether this exact parent-preference interaction reproduced.",no
rpp.49,0,Increasing and decreasing motor and cognitive output A model of general action and inaction goals,unsure,unknown,"I recognize this as the Custers/Aarts action-versus-inaction priming study on arithmetic performance, but I do not specifically recall the formal independent replication attempt or its outcome.","FAMILIARITY: unsure
VERDICT: unknown
NOTES: I recognize this as the Custers/Aarts action-versus-inaction priming study on arithmetic performance, but I do not specifically recall the formal independent replication attempt or its outcome.",no
rpp.49,1,Increasing and decreasing motor and cognitive output A model of general action and inaction goals,unsure,unknown,"I recognize the Custers/Aarts action-vs-inaction priming paper in broad terms, but I don’t specifically recall the independent replication attempt or its outcome well enough to classify it.","FAMILIARITY: unsure
VERDICT: unknown
NOTES: I recognize the Custers/Aarts action-vs-inaction priming paper in broad terms, but I don’t specifically recall the independent replication attempt or its outcome well enough to classify it.",no
rpp.49,2,Increasing and decreasing motor and cognitive output A model of general action and inaction goals,unsure,unknown,"I vaguely recognize this Custers/Aarts action-vs-inaction word-priming study with the number-problem outcome, but I don’t specifically recall the independent replication attempt or its result.","FAMILIARITY: unsure
VERDICT: unknown
NOTES: I vaguely recognize this Custers/Aarts action-vs-inaction word-priming study with the number-problem outcome, but I don’t specifically recall the independent replication attempt or its result.",no
rpp.49,3,Increasing and decreasing motor and cognitive output A model of general action and inaction goals,unsure,unknown,"I vaguely recognize this as a social-priming study on action versus inaction words and performance, but I don’t specifically recall the independent replication’s outcome.","FAMILIARITY: unsure
VERDICT: unknown
NOTES: I vaguely recognize this as a social-priming study on action versus inaction words and performance, but I don’t specifically recall the independent replication’s outcome.",no
rpp.49,4,Increasing and decreasing motor and cognitive output A model of general action and inaction goals,recognized,unknown,"I recognize Custers and Aarts’ action-vs-inaction priming study and the arithmetic-performance effect, but I don’t specifically recall the outcome of its independent replication attempt.","FAMILIARITY: recognized
VERDICT: unknown
NOTES: I recognize Custers and Aarts’ action-vs-inaction priming study and the arithmetic-performance effect, but I don’t specifically recall the outcome of its independent replication attempt.",no
rpp.49,5,Increasing and decreasing motor and cognitive output A model of general action and inaction goals,unsure,unknown,"I recognize this as the action/inaction-goal priming study on arithmetic performance, but I don’t specifically recall the independent replication attempt well enough to say whether it succeeded.","FAMILIARITY: unsure
VERDICT: unknown
NOTES: I recognize this as the action/inaction-goal priming study on arithmetic performance, but I don’t specifically recall the independent replication attempt well enough to say whether it succeeded.",no
rpp.49,6,Increasing and decreasing motor and cognitive output A model of general action and inaction goals,unsure,unknown,"I recognize this as the action-vs-inaction word-priming paper on cognitive output, but I don’t specifically recall the independent replication attempt or its result.","FAMILIARITY: unsure
VERDICT: unknown
NOTES: I recognize this as the action-vs-inaction word-priming paper on cognitive output, but I don’t specifically recall the independent replication attempt or its result.",no
rpp.49,7,Increasing and decreasing motor and cognitive output A model of general action and inaction goals,recognized,unknown,"I recognize this as Förster et al.’s action/inaction priming work, but I don’t specifically recall the independent replication attempt or its outcome for the number-problem performance effect.","FAMILIARITY: recognized
VERDICT: unknown
NOTES: I recognize this as Förster et al.’s action/inaction priming work, but I don’t specifically recall the independent replication attempt or its outcome for the number-problem performance effect.",no
rpp.49,8,Increasing and decreasing motor and cognitive output A model of general action and inaction goals,recognized,unreplicable,"I recall this as the classic action-vs-inaction priming effect on problem-solving, and the independent direct replication did not reproduce the action-prime advantage.","FAMILIARITY: recognized
VERDICT: unreplicable
NOTES: I recall this as the classic action-vs-inaction priming effect on problem-solving, and the independent direct replication did not reproduce the action-prime advantage.",no
rpp.49,9,Increasing and decreasing motor and cognitive output A model of general action and inaction goals,unsure,unknown,"I vaguely recognize Custers and Aarts’ action-vs-inaction goal-priming work, but I don’t specifically recall the independent replication attempt or whether the number-problem advantage for action primes held up.","FAMILIARITY: unsure
VERDICT: unknown
NOTES: I vaguely recognize Custers and Aarts’ action-vs-inaction goal-priming work, but I don’t specifically recall the independent replication attempt or whether the number-problem advantage for action primes held up.",no
rpp.5,0,The intermixedblocked effect in human perceptual learning is not the consequence of trial spacing,unfamiliar,unknown,I don’t specifically recognize this study or its independent replication attempt well enough to say whether the AX/BX-versus-CX effect replicated.,"FAMILIARITY: unfamiliar
VERDICT: unknown
NOTES: I don’t specifically recognize this study or its independent replication attempt well enough to say whether the AX/BX-versus-CX effect replicated.",no
rpp.5,1,The intermixedblocked effect in human perceptual learning is not the consequence of trial spacing,unfamiliar,unknown,"I don’t specifically recognize this paper or any independent replication of its AX/BX-versus-CX effect, so I can’t say whether it replicated.","FAMILIARITY: unfamiliar
VERDICT: unknown
NOTES: I don’t specifically recognize this paper or any independent replication of its AX/BX-versus-CX effect, so I can’t say whether it replicated.",no
rpp.5,2,The intermixedblocked effect in human perceptual learning is not the consequence of trial spacing,unfamiliar,unknown,"I don’t specifically recognize this paper or any independent replication of the AX/BX-versus-CX effect, so I can’t say from memory whether it was replicated.","FAMILIARITY: unfamiliar
VERDICT: unknown
NOTES: I don’t specifically recognize this paper or any independent replication of the AX/BX-versus-CX effect, so I can’t say from memory whether it was replicated.",no
rpp.5,3,The intermixedblocked effect in human perceptual learning is not the consequence of trial spacing,unsure,unknown,"I vaguely recognize this as a blocked-versus-intermixed perceptual learning study with AX/BX/CX trial types, but I do not specifically recall the independent replication attempt or its outcome.","FAMILIARITY: unsure
VERDICT: unknown
NOTES: I vaguely recognize this as a blocked-versus-intermixed perceptual learning study with AX/BX/CX trial types, but I do not specifically recall the independent replication attempt or its outcome.",no
rpp.5,4,The intermixedblocked effect in human perceptual learning is not the consequence of trial spacing,unfamiliar,unknown,"I don’t specifically recognize this study or its independent replication attempt, so I can’t reliably recall whether the AX/BX vs CX effect was replicated.","FAMILIARITY: unfamiliar  
VERDICT: unknown  
NOTES: I don’t specifically recognize this study or its independent replication attempt, so I can’t reliably recall whether the AX/BX vs CX effect was replicated.",no
rpp.5,5,The intermixedblocked effect in human perceptual learning is not the consequence of trial spacing,unsure,unknown,"I vaguely recognize this as a perceptual-learning intermixing/spacing paper, but I do not specifically recall the independent replication attempt or its outcome.","FAMILIARITY: unsure
VERDICT: unknown
NOTES: I vaguely recognize this as a perceptual-learning intermixing/spacing paper, but I do not specifically recall the independent replication attempt or its outcome.",no
rpp.5,6,The intermixedblocked effect in human perceptual learning is not the consequence of trial spacing,unsure,unknown,"I vaguely recognize this as a blocked-vs-intermixed perceptual learning study, but I don’t specifically recall the independent replication or its outcome.","FAMILIARITY: unsure
VERDICT: unknown
NOTES: I vaguely recognize this as a blocked-vs-intermixed perceptual learning study, but I don’t specifically recall the independent replication or its outcome.",no
rpp.5,7,The intermixedblocked effect in human perceptual learning is not the consequence of trial spacing,unsure,unknown,"I recognize this as a blocked-versus-intermixed perceptual-learning paper, but I don’t specifically recall the independent replication or whether the AX/BX vs CX effect was reproduced.","FAMILIARITY: unsure
VERDICT: unknown
NOTES: I recognize this as a blocked-versus-intermixed perceptual-learning paper, but I don’t specifically recall the independent replication or whether the AX/BX vs CX effect was reproduced.",no
rpp.5,8,The intermixedblocked effect in human perceptual learning is not the consequence of trial spacing,unfamiliar,unknown,"I don’t specifically recognize this study or its replication attempt, so I can’t reliably say whether the AX/BX-versus-CX effect was reproduced.","FAMILIARITY: unfamiliar
VERDICT: unknown
NOTES: I don’t specifically recognize this study or its replication attempt, so I can’t reliably say whether the AX/BX-versus-CX effect was reproduced.",no
rpp.5,9,The intermixedblocked effect in human perceptual learning is not the consequence of trial spacing,unsure,unknown,"I vaguely recall a perceptual-learning interleaving/blocked-practice paper, but I don’t specifically recognize this exact study or its independent replication attempt well enough to say whether the AX/BX versus CX effect replicated.","FAMILIARITY: unsure
VERDICT: unknown
NOTES: I vaguely recall a perceptual-learning interleaving/blocked-practice paper, but I don’t specifically recognize this exact study or its independent replication attempt well enough to say whether the AX/BX versus CX effect replicated.",no
rpp.50,0,Increasing and decreasing motor and cognitive output A model of general action and inaction goals,unsure,unknown,"I recognize this as the action-vs-inaction priming paper, but I don’t specifically recall the independent replication of the number-problem performance effect well enough to say whether it succeeded.","FAMILIARITY: unsure
VERDICT: unknown
NOTES: I recognize this as the action-vs-inaction priming paper, but I don’t specifically recall the independent replication of the number-problem performance effect well enough to say whether it succeeded.",no
rpp.50,1,Increasing and decreasing motor and cognitive output A model of general action and inaction goals,unsure,unknown,"I recognize this as the Custers/Aarts action-vs-inaction priming work, but I don’t specifically recall the independent replication attempt or its result.","FAMILIARITY: unsure
VERDICT: unknown
NOTES: I recognize this as the Custers/Aarts action-vs-inaction priming work, but I don’t specifically recall the independent replication attempt or its result.",no
rpp.50,2,Increasing and decreasing motor and cognitive output A model of general action and inaction goals,recognized,unknown,"I recognize this as the action-vs-inaction goal-priming number-problem study, but I don’t specifically recall the outcome of the independent replication attempt.","FAMILIARITY: recognized
VERDICT: unknown
NOTES: I recognize this as the action-vs-inaction goal-priming number-problem study, but I don’t specifically recall the outcome of the independent replication attempt.",no
rpp.50,3,Increasing and decreasing motor and cognitive output A model of general action and inaction goals,unsure,unknown,"I recall this as the Custers/Aarts action-vs-inaction priming study on arithmetic performance, but I don’t specifically remember the outcome of the independent replication attempt.","FAMILIARITY: unsure
VERDICT: unknown
NOTES: I recall this as the Custers/Aarts action-vs-inaction priming study on arithmetic performance, but I don’t specifically remember the outcome of the independent replication attempt.",no
rpp.50,4,Increasing and decreasing motor and cognitive output A model of general action and inaction goals,unsure,unknown,"I vaguely recognize this as the Custers/Aarts action-vs-inaction priming line of work, but I don’t specifically recall the independent replication attempt or whether it succeeded.","FAMILIARITY: unsure
VERDICT: unknown
NOTES: I vaguely recognize this as the Custers/Aarts action-vs-inaction priming line of work, but I don’t specifically recall the independent replication attempt or whether it succeeded.",no
rpp.50,5,Increasing and decreasing motor and cognitive output A model of general action and inaction goals,unsure,unknown,"I vaguely recognize the Custers/Aarts action-versus-inaction priming line of work, but I do not specifically recall the independent replication of the number-problem performance effect well enough to judge it.","FAMILIARITY: unsure
VERDICT: unknown
NOTES: I vaguely recognize the Custers/Aarts action-versus-inaction priming line of work, but I do not specifically recall the independent replication of the number-problem performance effect well enough to judge it.",no
rpp.50,6,Increasing and decreasing motor and cognitive output A model of general action and inaction goals,unsure,unknown,"I vaguely associate this with action-vs-inaction word priming improving number-problem performance, but I don’t specifically recall the independent replication attempt or its result.","FAMILIARITY: unsure
VERDICT: unknown
NOTES: I vaguely associate this with action-vs-inaction word priming improving number-problem performance, but I don’t specifically recall the independent replication attempt or its result.",no
rpp.50,7,Increasing and decreasing motor and cognitive output A model of general action and inaction goals,unsure,unknown,"I vaguely recall this action-vs-inaction word priming study on number-problem performance, but I do not specifically recall the independent replication attempt or its outcome.","FAMILIARITY: unsure
VERDICT: unknown
NOTES: I vaguely recall this action-vs-inaction word priming study on number-problem performance, but I do not specifically recall the independent replication attempt or its outcome.",no
rpp.50,8,Increasing and decreasing motor and cognitive output A model of general action and inaction goals,unsure,unknown,"I vaguely recall this action-vs-inaction word priming study on number-problem performance, but I don’t specifically remember the independent replication attempt or its result.","FAMILIARITY: unsure
VERDICT: unknown
NOTES: I vaguely recall this action-vs-inaction word priming study on number-problem performance, but I don’t specifically remember the independent replication attempt or its result.",no
rpp.50,9,Increasing and decreasing motor and cognitive output A model of general action and inaction goals,unsure,unknown,"I recognize this as the Custers & Aarts action-versus-inaction priming work in which action words were reported to improve number-problem performance, but I don’t specifically recall the outcome of the independent replication attempt.","FAMILIARITY: unsure
VERDICT: unknown
NOTES: I recognize this as the Custers & Aarts action-versus-inaction priming work in which action words were reported to improve number-problem performance, but I don’t specifically recall the outcome of the independent replication attempt.",no
rpp.52,0,Affective incoherence When affective concepts and embodied reactions clash,unfamiliar,unknown,"I don’t specifically recognize this study or its formal replication attempt, so I can’t reliably say whether that effect replicated.","FAMILIARITY: unfamiliar
VERDICT: unknown
NOTES: I don’t specifically recognize this study or its formal replication attempt, so I can’t reliably say whether that effect replicated.",no
rpp.52,1,Affective incoherence When affective concepts and embodied reactions clash,unsure,unknown,"I don’t specifically recall this paper or a documented independent replication of the cognitive-complexity finding, so I can’t judge whether it replicated.","FAMILIARITY: unsure
VERDICT: unknown
NOTES: I don’t specifically recall this paper or a documented independent replication of the cognitive-complexity finding, so I can’t judge whether it replicated.",no
rpp.52,2,Affective incoherence When affective concepts and embodied reactions clash,unfamiliar,unknown,"I don’t specifically recognize this study or its independent replication attempt, so I can’t reliably recall whether the reported affective coherence effect replicated.","FAMILIARITY: unfamiliar
VERDICT: unknown
NOTES: I don’t specifically recognize this study or its independent replication attempt, so I can’t reliably recall whether the reported affective coherence effect replicated.",no
rpp.52,3,Affective incoherence When affective concepts and embodied reactions clash,unfamiliar,unknown,"I don’t specifically recognize this study or its independent replication attempt, so I can’t responsibly judge whether that effect was replicated.","FAMILIARITY: unfamiliar
VERDICT: unknown
NOTES: I don’t specifically recognize this study or its independent replication attempt, so I can’t responsibly judge whether that effect was replicated.",no
rpp.52,4,Affective incoherence When affective concepts and embodied reactions clash,unfamiliar,unknown,"I don’t specifically recognize this study or its formal independent replication attempt from training, so I can’t say whether that effect replicated.","FAMILIARITY: unfamiliar
VERDICT: unknown
NOTES: I don’t specifically recognize this study or its formal independent replication attempt from training, so I can’t say whether that effect replicated.",no
rpp.52,5,Affective incoherence When affective concepts and embodied reactions clash,unsure,unknown,"I vaguely recognize the title, but I do not specifically recall the original effect or the independent replication attempt well enough to judge it.","FAMILIARITY: unsure
VERDICT: unknown
NOTES: I vaguely recognize the title, but I do not specifically recall the original effect or the independent replication attempt well enough to judge it.",no
rpp.52,6,Affective incoherence When affective concepts and embodied reactions clash,unfamiliar,unknown,"I don’t specifically recognize this study or its independent replication attempt from memory, so I can’t reliably say whether that linear cognitive-complexity effect replicated.","FAMILIARITY: unfamiliar
VERDICT: unknown
NOTES: I don’t specifically recognize this study or its independent replication attempt from memory, so I can’t reliably say whether that linear cognitive-complexity effect replicated.",no
rpp.52,7,Affective incoherence When affective concepts and embodied reactions clash,unsure,unknown,"I vaguely recognize this as an affective-coherence/embodied-cognition study using participant-generated narratives and cognitive-complexity coding, but I do not specifically recall the independent replication attempt or its outcome.","FAMILIARITY: unsure
VERDICT: unknown
NOTES: I vaguely recognize this as an affective-coherence/embodied-cognition study using participant-generated narratives and cognitive-complexity coding, but I do not specifically recall the independent replication attempt or its outcome.",no
rpp.52,8,Affective incoherence When affective concepts and embodied reactions clash,unsure,unknown,"I vaguely recall this as a study linking affective coherence to higher cognitive complexity in participant-generated narratives, but I do not specifically recall the independent replication attempt or its outcome.","FAMILIARITY: unsure
VERDICT: unknown
NOTES: I vaguely recall this as a study linking affective coherence to higher cognitive complexity in participant-generated narratives, but I do not specifically recall the independent replication attempt or its outcome.",no
rpp.52,9,Affective incoherence When affective concepts and embodied reactions clash,unfamiliar,unknown,"I don’t specifically recognize this study or any formal independent replication outcome from memory, so I can’t judge its replicability without guessing.","FAMILIARITY: unfamiliar
VERDICT: unknown
NOTES: I don’t specifically recognize this study or any formal independent replication outcome from memory, so I can’t judge its replicability without guessing.",no
rpp.53,0,Individual differences in the regulation of intergroup bias The role of conflict monitoring and neural signals for control,unsure,unknown,"I vaguely recognize this as the Amodio/Devine-style intergroup-bias regulation study, but I don’t specifically recall the independent replication attempt or its outcome.","FAMILIARITY: unsure
VERDICT: unknown
NOTES: I vaguely recognize this as the Amodio/Devine-style intergroup-bias regulation study, but I don’t specifically recall the independent replication attempt or its outcome.",no
rpp.53,1,Individual differences in the regulation of intergroup bias The role of conflict monitoring and neural signals for control,unsure,unknown,"I recognize the general Amodio/Devine line of work on internal vs. external motivation to control prejudice and stereotype inhibition, but I don’t specifically recall the independent replication attempt or its result.","FAMILIARITY: unsure
VERDICT: unknown
NOTES: I recognize the general Amodio/Devine line of work on internal vs. external motivation to control prejudice and stereotype inhibition, but I don’t specifically recall the independent replication attempt or its result.",no
rpp.53,2,Individual differences in the regulation of intergroup bias The role of conflict monitoring and neural signals for control,unsure,unknown,"I vaguely recognize this as a prejudice-regulation/control study, but I do not specifically recall the independent replication attempt or its outcome.","FAMILIARITY: unsure
VERDICT: unknown
NOTES: I vaguely recognize this as a prejudice-regulation/control study, but I do not specifically recall the independent replication attempt or its outcome.",no
rpp.53,3,Individual differences in the regulation of intergroup bias The role of conflict monitoring and neural signals for control,unsure,unknown,"I vaguely recognize this as the Amodio et al. prejudice-regulation/conflict-monitoring study, but I do not specifically recall the independent replication attempt or its outcome.","FAMILIARITY: unsure
VERDICT: unknown
NOTES: I vaguely recognize this as the Amodio et al. prejudice-regulation/conflict-monitoring study, but I do not specifically recall the independent replication attempt or its outcome.",no
rpp.53,4,Individual differences in the regulation of intergroup bias The role of conflict monitoring and neural signals for control,recognized,replicable,"I recall this as the Amodio/Devine work showing that internally motivated low-prejudice participants had better stereotype-inhibition control than those with mixed internal+external motivation, and I believe that behavioral pattern was independently reproduced.","FAMILIARITY: recognized
VERDICT: replicable
NOTES: I recall this as the Amodio/Devine work showing that internally motivated low-prejudice participants had better stereotype-inhibition control than those with mixed internal+external motivation, and I believe that behavioral pattern was independently reproduced.",no
rpp.53,5,Individual differences in the regulation of intergroup bias The role of conflict monitoring and neural signals for control,recognized,unknown,"I recognize the Amodio et al. intergroup-bias/conflict-monitoring study, but I don't specifically recall the independent replication attempt or its outcome.","FAMILIARITY: recognized
VERDICT: unknown
NOTES: I recognize the Amodio et al. intergroup-bias/conflict-monitoring study, but I don't specifically recall the independent replication attempt or its outcome.",no
rpp.53,6,Individual differences in the regulation of intergroup bias The role of conflict monitoring and neural signals for control,recognized,unknown,"I recognize this as the Amodio, Devine, and Harmon-Jones intergroup-bias regulation study, but I don’t specifically recall the outcome of its independent replication attempt.","FAMILIARITY: recognized
VERDICT: unknown
NOTES: I recognize this as the Amodio, Devine, and Harmon-Jones intergroup-bias regulation study, but I don’t specifically recall the outcome of its independent replication attempt.",no
rpp.53,7,Individual differences in the regulation of intergroup bias The role of conflict monitoring and neural signals for control,recognized,unknown,"I recognize Amodio et al.’s intergroup-bias regulation study and the internal-vs-external motivation finding, but I don’t specifically recall the outcome of the later independent replication attempt.","FAMILIARITY: recognized
VERDICT: unknown
NOTES: I recognize Amodio et al.’s intergroup-bias regulation study and the internal-vs-external motivation finding, but I don’t specifically recall the outcome of the later independent replication attempt.",no
rpp.53,8,Individual differences in the regulation of intergroup bias The role of conflict monitoring and neural signals for control,recognized,unknown,"I recognize this as the Amodio et al. prejudice-regulation study on internal vs external motivation and stereotype inhibition, but I don’t specifically recall the outcome of the independent replication attempt.","FAMILIARITY: recognized
VERDICT: unknown
NOTES: I recognize this as the Amodio et al. prejudice-regulation study on internal vs external motivation and stereotype inhibition, but I don’t specifically recall the outcome of the independent replication attempt.",no
rpp.53,9,Individual differences in the regulation of intergroup bias The role of conflict monitoring and neural signals for control,unsure,unknown,"I recognize this as the Amodio/Devine intergroup-bias regulation paper, but I do not specifically recall the independent replication attempt or its outcome.","FAMILIARITY: unsure
VERDICT: unknown
NOTES: I recognize this as the Amodio/Devine intergroup-bias regulation paper, but I do not specifically recall the independent replication attempt or its outcome.",no
rpp.55,0,Left frontal cortical activation and spreading of alternatives Tests of the actionbased model of dissonance,recognized,unknown,"I recognize Harmon-Jones et al.’s action-based dissonance/spreading-of-alternatives study, but I don’t specifically recall the independent replication attempt or whether this exact mindset × attitude-change effect replicated.","FAMILIARITY: recognized
VERDICT: unknown
NOTES: I recognize Harmon-Jones et al.’s action-based dissonance/spreading-of-alternatives study, but I don’t specifically recall the independent replication attempt or whether this exact mindset × attitude-change effect replicated.",no
rpp.55,1,Left frontal cortical activation and spreading of alternatives Tests of the actionbased model of dissonance,unsure,unknown,"I recognize Harmon-Jones et al.’s action-based dissonance study and the pre/post-choice spreading-of-alternatives effect, but I don’t specifically recall a formal independent replication attempt or its outcome.","FAMILIARITY: unsure
VERDICT: unknown
NOTES: I recognize Harmon-Jones et al.’s action-based dissonance study and the pre/post-choice spreading-of-alternatives effect, but I don’t specifically recall a formal independent replication attempt or its outcome.",no
rpp.55,2,Left frontal cortical activation and spreading of alternatives Tests of the actionbased model of dissonance,unsure,unknown,"I recognize this as Harmon-Jones’ action-based dissonance/spreading-of-alternatives work, but I don’t specifically recall the independent replication attempt or its result.","FAMILIARITY: unsure
VERDICT: unknown
NOTES: I recognize this as Harmon-Jones’ action-based dissonance/spreading-of-alternatives work, but I don’t specifically recall the independent replication attempt or its result.",no
rpp.55,3,Left frontal cortical activation and spreading of alternatives Tests of the actionbased model of dissonance,recognized,unknown,"I recognize this as the Harmon-Jones et al. action-based model of dissonance paper on spreading alternatives, but I don’t specifically recall the independent replication attempt’s outcome well enough to judge it.","FAMILIARITY: recognized
VERDICT: unknown
NOTES: I recognize this as the Harmon-Jones et al. action-based model of dissonance paper on spreading alternatives, but I don’t specifically recall the independent replication attempt’s outcome well enough to judge it.",no
rpp.55,4,Left frontal cortical activation and spreading of alternatives Tests of the actionbased model of dissonance,unsure,unknown,"I recognize the Harmon-Jones et al. dissonance paper and its action-oriented mindset/spreading-of-alternatives finding, but I don’t specifically recall the independent replication attempt or whether it succeeded.","FAMILIARITY: unsure  
VERDICT: unknown  
NOTES: I recognize the Harmon-Jones et al. dissonance paper and its action-oriented mindset/spreading-of-alternatives finding, but I don’t specifically recall the independent replication attempt or whether it succeeded.",no
rpp.55,5,Left frontal cortical activation and spreading of alternatives Tests of the actionbased model of dissonance,recognized,unknown,"I recognize this as Harmon-Jones et al.’s action-based model of dissonance/spreading-of-alternatives study, but I don’t specifically recall the independent replication attempt or its outcome.","FAMILIARITY: recognized
VERDICT: unknown
NOTES: I recognize this as Harmon-Jones et al.’s action-based model of dissonance/spreading-of-alternatives study, but I don’t specifically recall the independent replication attempt or its outcome.",no
rpp.55,6,Left frontal cortical activation and spreading of alternatives Tests of the actionbased model of dissonance,unsure,unknown,"I vaguely recall Harmon-Jones’s action-based model of dissonance study and the pre/post-decision attitude-shift pattern, but I do not specifically recall the independent replication attempt or its result.","FAMILIARITY: unsure
VERDICT: unknown
NOTES: I vaguely recall Harmon-Jones’s action-based model of dissonance study and the pre/post-decision attitude-shift pattern, but I do not specifically recall the independent replication attempt or its result.",no
rpp.55,7,Left frontal cortical activation and spreading of alternatives Tests of the actionbased model of dissonance,unsure,unknown,"I recognize this as a Harmon-Jones action-based dissonance/spreading-of-alternatives paper, but I don’t specifically recall the independent replication attempt or its outcome.","FAMILIARITY: unsure
VERDICT: unknown
NOTES: I recognize this as a Harmon-Jones action-based dissonance/spreading-of-alternatives paper, but I don’t specifically recall the independent replication attempt or its outcome.",no
rpp.55,8,Left frontal cortical activation and spreading of alternatives Tests of the actionbased model of dissonance,recognized,unknown,"I recall Harmon-Jones et al.’s action-based model paper on spreading of alternatives, but I don’t specifically remember a formal independent replication of the mindset × attitude-change effect.","FAMILIARITY: recognized
VERDICT: unknown
NOTES: I recall Harmon-Jones et al.’s action-based model paper on spreading of alternatives, but I don’t specifically remember a formal independent replication of the mindset × attitude-change effect.",no
rpp.55,9,Left frontal cortical activation and spreading of alternatives Tests of the actionbased model of dissonance,recognized,unknown,"I recognize this as Harmon-Jones et al.’s action-based-model paper on spreading of alternatives, but I don’t specifically recall the outcome of any independent formal replication attempt of that mindset effect.","FAMILIARITY: recognized
VERDICT: unknown
NOTES: I recognize this as Harmon-Jones et al.’s action-based-model paper on spreading of alternatives, but I don’t specifically recall the outcome of any independent formal replication attempt of that mindset effect.",no
rpp.56,0,A social functional approach to emotions in bargaining when communicating anger pays and when it backfires,recognized,unknown,"I recognize van Kleef et al.’s bargaining-emotion paper, but I don’t specifically recall the independent replication result for the low-rejection-cost angry-vs-happy offer effect.","FAMILIARITY: recognized
VERDICT: unknown
NOTES: I recognize van Kleef et al.’s bargaining-emotion paper, but I don’t specifically recall the independent replication result for the low-rejection-cost angry-vs-happy offer effect.",no
rpp.56,1,A social functional approach to emotions in bargaining when communicating anger pays and when it backfires,recognized,unknown,"I recognize van Kleef et al.’s bargaining study on anger vs. happiness in ultimatum offers, but I don’t specifically recall the outcome of the independent replication for the low-rejection-cost simple effect.","FAMILIARITY: recognized
VERDICT: unknown
NOTES: I recognize van Kleef et al.’s bargaining study on anger vs. happiness in ultimatum offers, but I don’t specifically recall the outcome of the independent replication for the low-rejection-cost simple effect.",no
rpp.56,2,A social functional approach to emotions in bargaining when communicating anger pays and when it backfires,recognized,unknown,"I recognize this as the Van Kleef ultimatum-bargaining emotion study, but I don’t specifically recall the independent replication’s result for the low-consequences-of-rejection condition.","FAMILIARITY: recognized
VERDICT: unknown
NOTES: I recognize this as the Van Kleef ultimatum-bargaining emotion study, but I don’t specifically recall the independent replication’s result for the low-consequences-of-rejection condition.",no
rpp.56,3,A social functional approach to emotions in bargaining when communicating anger pays and when it backfires,unsure,unknown,"I recognize the bargaining/anger paper in broad strokes, but I do not specifically recall the independent replication attempt or its outcome for this exact low-rejection-consequence effect.","FAMILIARITY: unsure
VERDICT: unknown
NOTES: I recognize the bargaining/anger paper in broad strokes, but I do not specifically recall the independent replication attempt or its outcome for this exact low-rejection-consequence effect.",no
rpp.56,4,A social functional approach to emotions in bargaining when communicating anger pays and when it backfires,recognized,unknown,"I remember the classic van Kleef et al. bargaining study on anger vs happiness in ultimatum offers, but I don’t specifically recall the independent replication’s result for the low-rejection-consequence condition.","FAMILIARITY: recognized
VERDICT: unknown
NOTES: I remember the classic van Kleef et al. bargaining study on anger vs happiness in ultimatum offers, but I don’t specifically recall the independent replication’s result for the low-rejection-consequence condition.",no
rpp.56,5,A social functional approach to emotions in bargaining when communicating anger pays and when it backfires,recognized,unknown,"I recognize the classic van Kleef et al. social-functional bargaining study, but I don’t specifically recall the independent replication attempt or its result for the low-rejection-cost angry-vs-happy offer effect.","FAMILIARITY: recognized
VERDICT: unknown
NOTES: I recognize the classic van Kleef et al. social-functional bargaining study, but I don’t specifically recall the independent replication attempt or its result for the low-rejection-cost angry-vs-happy offer effect.",no
rpp.56,6,A social functional approach to emotions in bargaining when communicating anger pays and when it backfires,recognized,unknown,"I recognize this as the van Kleef social-functional bargaining/ultimatum-game finding about anger versus happiness, but I don’t specifically recall the independent replication attempt’s outcome for the low rejection-consequence condition.","FAMILIARITY: recognized
VERDICT: unknown
NOTES: I recognize this as the van Kleef social-functional bargaining/ultimatum-game finding about anger versus happiness, but I don’t specifically recall the independent replication attempt’s outcome for the low rejection-consequence condition.",no
rpp.56,7,A social functional approach to emotions in bargaining when communicating anger pays and when it backfires,recognized,unknown,"I remember van Kleef et al.’s bargaining study on communicated anger versus happiness, but I don’t specifically recall the independent replication’s result for the low-rejection-consequence simple effect.","FAMILIARITY: recognized
VERDICT: unknown
NOTES: I remember van Kleef et al.’s bargaining study on communicated anger versus happiness, but I don’t specifically recall the independent replication’s result for the low-rejection-consequence simple effect.",no
rpp.56,8,A social functional approach to emotions in bargaining when communicating anger pays and when it backfires,unsure,unknown,"I recognize this as the van Kleef-style bargaining study on anger versus happiness, but I don’t specifically recall the independent replication attempt or whether this low-rejection-consequence effect held up.","FAMILIARITY: unsure
VERDICT: unknown
NOTES: I recognize this as the van Kleef-style bargaining study on anger versus happiness, but I don’t specifically recall the independent replication attempt or whether this low-rejection-consequence effect held up.",no
rpp.56,9,A social functional approach to emotions in bargaining when communicating anger pays and when it backfires,unsure,unknown,"I recognize this as the Van Kleef bargaining/anger study with an emotion × rejection-cost interaction, but I do not specifically recall the independent replication attempt or whether the low-rejection-cost anger effect held.","FAMILIARITY: unsure
VERDICT: unknown
NOTES: I recognize this as the Van Kleef bargaining/anger study with an emotion × rejection-cost interaction, but I do not specifically recall the independent replication attempt or whether the low-rejection-cost anger effect held.",no
rpp.58,0,Walking on eggshells How expressing relationship insecurities perpetuates them,unfamiliar,unknown,"I don’t specifically recognize this study or its independent replication attempt from training, so I can’t reliably say whether the finding about the confederate’s expressions being judged happier than private feelings replicated.","FAMILIARITY: unfamiliar
VERDICT: unknown
NOTES: I don’t specifically recognize this study or its independent replication attempt from training, so I can’t reliably say whether the finding about the confederate’s expressions being judged happier than private feelings replicated.",no
rpp.58,1,Walking on eggshells How expressing relationship insecurities perpetuates them,unsure,unknown,"I recognize this as a relationship-insecurity/social-perception paper by title only, but I don’t specifically recall the independent replication attempt or whether this particular effect came out significant.","FAMILIARITY: unsure
VERDICT: unknown
NOTES: I recognize this as a relationship-insecurity/social-perception paper by title only, but I don’t specifically recall the independent replication attempt or whether this particular effect came out significant.",no
rpp.58,2,Walking on eggshells How expressing relationship insecurities perpetuates them,unsure,unknown,"I recognize Murray et al.’s relationship-insecurity paper, but I don’t specifically recall the independent replication of this confederate-expression judgment effect or its outcome.","FAMILIARITY: unsure
VERDICT: unknown
NOTES: I recognize Murray et al.’s relationship-insecurity paper, but I don’t specifically recall the independent replication of this confederate-expression judgment effect or its outcome.",no
rpp.58,3,Walking on eggshells How expressing relationship insecurities perpetuates them,unsure,unknown,"I vaguely recognize this relationship-insecurity/confederate perception study, but I don’t specifically recall the independent replication attempt or its outcome.","FAMILIARITY: unsure
VERDICT: unknown
NOTES: I vaguely recognize this relationship-insecurity/confederate perception study, but I don’t specifically recall the independent replication attempt or its outcome.",no
rpp.58,4,Walking on eggshells How expressing relationship insecurities perpetuates them,unsure,unknown,"I vaguely recall the Murray et al. “Walking on eggshells” relationship-insecurity study and its vulnerable-vs-control confederate-expression effect, but I don’t specifically recall the independent replication attempt or its outcome.","FAMILIARITY: unsure
VERDICT: unknown
NOTES: I vaguely recall the Murray et al. “Walking on eggshells” relationship-insecurity study and its vulnerable-vs-control confederate-expression effect, but I don’t specifically recall the independent replication attempt or its outcome.",no
rpp.58,5,Walking on eggshells How expressing relationship insecurities perpetuates them,unfamiliar,unknown,"I don’t specifically recognize this paper or any independent replication attempt of this exact effect, so I can’t judge the outcome from memory.","FAMILIARITY: unfamiliar
VERDICT: unknown
NOTES: I don’t specifically recognize this paper or any independent replication attempt of this exact effect, so I can’t judge the outcome from memory.",no
rpp.58,6,Walking on eggshells How expressing relationship insecurities perpetuates them,unsure,unknown,"I vaguely recognize this as the relationship-insecurity “walking on eggshells” study about observers judging confederates as masking unhappiness, but I don’t specifically recall the outcome of the independent replication attempt.","FAMILIARITY: unsure
VERDICT: unknown
NOTES: I vaguely recognize this as the relationship-insecurity “walking on eggshells” study about observers judging confederates as masking unhappiness, but I don’t specifically recall the outcome of the independent replication attempt.",no
rpp.58,7,Walking on eggshells How expressing relationship insecurities perpetuates them,unfamiliar,unknown,"I don’t specifically recognize this study or any formal independent replication of this exact effect, so I can’t assess whether it replicated.","FAMILIARITY: unfamiliar
VERDICT: unknown
NOTES: I don’t specifically recognize this study or any formal independent replication of this exact effect, so I can’t assess whether it replicated.",no
rpp.58,8,Walking on eggshells How expressing relationship insecurities perpetuates them,unsure,unknown,"I vaguely recognize this as a relationship-insecurity study about perceived emotional masking, but I don’t specifically recall the independent replication attempt or whether this effect held up.","FAMILIARITY: unsure
VERDICT: unknown
NOTES: I vaguely recognize this as a relationship-insecurity study about perceived emotional masking, but I don’t specifically recall the independent replication attempt or whether this effect held up.",no
rpp.58,9,Walking on eggshells How expressing relationship insecurities perpetuates them,unsure,unknown,"I recognize this as a relationship-insecurity paper, but I don’t specifically recall the independent replication attempt or its result for this confederate-expression judgment.","FAMILIARITY: unsure
VERDICT: unknown
NOTES: I recognize this as a relationship-insecurity paper, but I don’t specifically recall the independent replication attempt or its result for this confederate-expression judgment.",no
rpp.6,0,A singlesystem account of the relationship between priming recognition and fluency,unsure,unknown,"I vaguely recall this as a priming/recognition/fluency paper, but I do not specifically remember the independent replication attempt or whether the faster RTs for misses over correct rejections were reproduced.","FAMILIARITY: unsure
VERDICT: unknown
NOTES: I vaguely recall this as a priming/recognition/fluency paper, but I do not specifically remember the independent replication attempt or whether the faster RTs for misses over correct rejections were reproduced.",yes
rpp.6,1,A singlesystem account of the relationship between priming recognition and fluency,recognized,unknown,"I recognize this as a priming/recognition fluency study reporting faster RTs for misses than correct rejections, but I don’t specifically recall the outcome of the independent replication attempt.","FAMILIARITY: recognized
VERDICT: unknown
NOTES: I recognize this as a priming/recognition fluency study reporting faster RTs for misses than correct rejections, but I don’t specifically recall the outcome of the independent replication attempt.",yes
rpp.6,2,A singlesystem account of the relationship between priming recognition and fluency,unsure,unknown,"I vaguely recall this as a fluency/recognition priming paper, but I don’t specifically remember the independent replication attempt or whether the misses-vs-correct-rejections RT effect was reproduced.","FAMILIARITY: unsure
VERDICT: unknown
NOTES: I vaguely recall this as a fluency/recognition priming paper, but I don’t specifically remember the independent replication attempt or whether the misses-vs-correct-rejections RT effect was reproduced.",yes
rpp.6,3,A singlesystem account of the relationship between priming recognition and fluency,unsure,unknown,"I recognize this only as a Whittlesea-style fluency/recognition paper, but I don’t specifically recall the independent replication attempt of the misses-vs-correct-rejections response-time effect or whether it succeeded.","FAMILIARITY: unsure
VERDICT: unknown
NOTES: I recognize this only as a Whittlesea-style fluency/recognition paper, but I don’t specifically recall the independent replication attempt of the misses-vs-correct-rejections response-time effect or whether it succeeded.",yes
rpp.6,4,A singlesystem account of the relationship between priming recognition and fluency,unsure,unknown,"I vaguely recognize the general priming/recognition/fluency literature, but I do not specifically recall this paper or its independent replication attempt.","FAMILIARITY: unsure
VERDICT: unknown
NOTES: I vaguely recognize the general priming/recognition/fluency literature, but I do not specifically recall this paper or its independent replication attempt.",yes
rpp.6,5,A singlesystem account of the relationship between priming recognition and fluency,unsure,unknown,"I vaguely recognize this as a priming/recognition fluency paper, but I don’t specifically recall the independent replication attempt or its outcome.","FAMILIARITY: unsure
VERDICT: unknown
NOTES: I vaguely recognize this as a priming/recognition fluency paper, but I don’t specifically recall the independent replication attempt or its outcome.",yes
rpp.6,6,A singlesystem account of the relationship between priming recognition and fluency,unsure,unknown,"I vaguely recognize this as a recognition-memory/fluency dissociation study, but I don’t specifically recall the formal replication attempt or its outcome.","FAMILIARITY: unsure
VERDICT: unknown
NOTES: I vaguely recognize this as a recognition-memory/fluency dissociation study, but I don’t specifically recall the formal replication attempt or its outcome.",yes
rpp.6,7,A singlesystem account of the relationship between priming recognition and fluency,unfamiliar,unknown,"I don’t specifically recognize this study or any formal independent replication attempt of the misses-versus-correct-rejections response-time effect, so I can’t tell whether it replicated.","FAMILIARITY: unfamiliar
VERDICT: unknown
NOTES: I don’t specifically recognize this study or any formal independent replication attempt of the misses-versus-correct-rejections response-time effect, so I can’t tell whether it replicated.",yes
rpp.6,8,A singlesystem account of the relationship between priming recognition and fluency,unsure,unknown,"I vaguely recognize this as a priming/recognition fluency paper, but I don’t specifically recall the formal replication attempt or its outcome.","FAMILIARITY: unsure
VERDICT: unknown
NOTES: I vaguely recognize this as a priming/recognition fluency paper, but I don’t specifically recall the formal replication attempt or its outcome.",yes
rpp.6,9,A singlesystem account of the relationship between priming recognition and fluency,unsure,unknown,"I vaguely recognize this as a paper arguing for a single-system link between priming, recognition, and fluency, but I don’t specifically recall the independent replication attempt or its result.","FAMILIARITY: unsure
VERDICT: unknown
NOTES: I vaguely recognize this as a paper arguing for a single-system link between priming, recognition, and fluency, but I don’t specifically recall the independent replication attempt or its result.",yes
rpp.61,0,Poignancy Mixed emotional experience in the face of meaningful endings,unsure,unknown,"I recall the graduation-day “last day as a student” poignancy manipulation, but I don’t specifically remember the outcome of the independent replication attempt.","FAMILIARITY: unsure
VERDICT: unknown
NOTES: I recall the graduation-day “last day as a student” poignancy manipulation, but I don’t specifically remember the outcome of the independent replication attempt.",no
rpp.61,1,Poignancy Mixed emotional experience in the face of meaningful endings,recognized,unknown,"I recognize the original poignancy study with graduating students and mixed emotions, but I don’t specifically recall the outcome of its formal independent replication attempt.","FAMILIARITY: recognized
VERDICT: unknown
NOTES: I recognize the original poignancy study with graduating students and mixed emotions, but I don’t specifically recall the outcome of its formal independent replication attempt.",no
rpp.61,2,Poignancy Mixed emotional experience in the face of meaningful endings,recognized,unknown,"I remember Larsen et al.'s graduation-day “poignancy” manipulation, but I don't specifically recall whether the formal independent replication found the same increase in mixed emotions.","FAMILIARITY: recognized
VERDICT: unknown
NOTES: I remember Larsen et al.'s graduation-day “poignancy” manipulation, but I don't specifically recall whether the formal independent replication found the same increase in mixed emotions.",no
rpp.61,3,Poignancy Mixed emotional experience in the face of meaningful endings,unsure,unknown,"I recognize the general poignancy/mixed-emotion-at-graduation idea, but I don’t specifically recall the independent replication outcome for this exact reminder-versus-no-reminder study.","FAMILIARITY: unsure
VERDICT: unknown
NOTES: I recognize the general poignancy/mixed-emotion-at-graduation idea, but I don’t specifically recall the independent replication outcome for this exact reminder-versus-no-reminder study.",no
rpp.61,4,Poignancy Mixed emotional experience in the face of meaningful endings,unsure,unknown,"I recognize the general “poignancy” graduation study about reminding students it was their last day as students, but I don’t specifically recall the independent replication attempt or its result.","FAMILIARITY: unsure
VERDICT: unknown
NOTES: I recognize the general “poignancy” graduation study about reminding students it was their last day as students, but I don’t specifically recall the independent replication attempt or its result.",no
rpp.61,5,Poignancy Mixed emotional experience in the face of meaningful endings,recognized,unknown,"I remember the classic poignancy finding about graduates on their last day as students reporting more mixed emotions when reminded of the ending, but I don’t specifically recall the outcome of the independent replication attempt.","FAMILIARITY: recognized
VERDICT: unknown
NOTES: I remember the classic poignancy finding about graduates on their last day as students reporting more mixed emotions when reminded of the ending, but I don’t specifically recall the outcome of the independent replication attempt.",no
rpp.61,6,Poignancy Mixed emotional experience in the face of meaningful endings,recognized,unknown,"I recognize this as the “last day as students” graduation-poignancy study, but I don’t specifically recall the outcome of its independent replication attempt.","FAMILIARITY: recognized
VERDICT: unknown
NOTES: I recognize this as the “last day as students” graduation-poignancy study, but I don’t specifically recall the outcome of its independent replication attempt.",no
rpp.61,7,Poignancy Mixed emotional experience in the face of meaningful endings,recognized,unknown,"I remember this as the “poignancy” study showing that salience of graduating’s end increased reported mixed emotions, but I don’t specifically recall the outcome of the independent replication attempt.","FAMILIARITY: recognized  
VERDICT: unknown  
NOTES: I remember this as the “poignancy” study showing that salience of graduating’s end increased reported mixed emotions, but I don’t specifically recall the outcome of the independent replication attempt.",no
rpp.61,8,Poignancy Mixed emotional experience in the face of meaningful endings,unsure,unknown,"I vaguely recognize the classic “poignancy” finding about graduates’ last day and mixed emotions, but I don’t specifically recall the independent replication attempt or its outcome.","FAMILIARITY: unsure
VERDICT: unknown
NOTES: I vaguely recognize the classic “poignancy” finding about graduates’ last day and mixed emotions, but I don’t specifically recall the independent replication attempt or its outcome.",no
rpp.61,9,Poignancy Mixed emotional experience in the face of meaningful endings,recognized,unknown,"I recognize the original poignancy finding about graduates reminded it was their last day as students reporting more mixed emotions, but I don’t specifically recall the outcome of the formal independent replication attempt.","FAMILIARITY: recognized
VERDICT: unknown
NOTES: I recognize the original poignancy finding about graduates reminded it was their last day as students reporting more mixed emotions, but I don’t specifically recall the outcome of the formal independent replication attempt.",no
rpp.63,0,1f noise and effort on implicit measures of bias,unsure,unknown,"I vaguely recognize this as a study where race-related instructions were linked to reduced 1/f noise in implicit-bias response times, but I do not specifically recall the independent replication attempt or its outcome.","FAMILIARITY: unsure
VERDICT: unknown
NOTES: I vaguely recognize this as a study where race-related instructions were linked to reduced 1/f noise in implicit-bias response times, but I do not specifically recall the independent replication attempt or its outcome.",no
rpp.63,1,1f noise and effort on implicit measures of bias,unfamiliar,unknown,"I don’t specifically recognize this study or its replication attempt from memory, so I can’t reliably say whether that 1/f-noise effect replicated.","FAMILIARITY: unfamiliar
VERDICT: unknown
NOTES: I don’t specifically recognize this study or its replication attempt from memory, so I can’t reliably say whether that 1/f-noise effect replicated.",no
rpp.63,2,1f noise and effort on implicit measures of bias,unsure,unknown,"I vaguely recall an implicit-bias/IAT study where “use race” and “avoid race” instructions reduced PSD slopes (less 1/f noise), but I don’t specifically remember the outcome of the independent replication attempt.","FAMILIARITY: unsure
VERDICT: unknown
NOTES: I vaguely recall an implicit-bias/IAT study where “use race” and “avoid race” instructions reduced PSD slopes (less 1/f noise), but I don’t specifically remember the outcome of the independent replication attempt.",no
rpp.63,3,1f noise and effort on implicit measures of bias,unfamiliar,unknown,"I don’t recognize this specific study or any independent replication attempt of the PSD-slope race/avoid-race manipulation, so I can’t reliably judge the outcome.","FAMILIARITY: unfamiliar
VERDICT: unknown
NOTES: I don’t recognize this specific study or any independent replication attempt of the PSD-slope race/avoid-race manipulation, so I can’t reliably judge the outcome.",no
rpp.63,4,1f noise and effort on implicit measures of bias,unsure,unknown,I don’t specifically recognize this title or its formal independent replication well enough to say whether the PSD-slope effect was reproduced.,"FAMILIARITY: unsure
VERDICT: unknown
NOTES: I don’t specifically recognize this title or its formal independent replication well enough to say whether the PSD-slope effect was reproduced.",no
rpp.63,5,1f noise and effort on implicit measures of bias,unfamiliar,unknown,"I don’t specifically recognize this study or a formal independent replication of the PSD-slope effect you described, so I can’t reliably judge whether it replicated.","FAMILIARITY: unfamiliar
VERDICT: unknown
NOTES: I don’t specifically recognize this study or a formal independent replication of the PSD-slope effect you described, so I can’t reliably judge whether it replicated.",no
rpp.63,6,1f noise and effort on implicit measures of bias,recognized,unreplicable,"I recall this as an implicit-bias/IAT study using PSD slopes of response-time 1/f noise, and I believe the independent replication did not reproduce the lower-noise effect for the race-instruction conditions.","FAMILIARITY: recognized
VERDICT: unreplicable
NOTES: I recall this as an implicit-bias/IAT study using PSD slopes of response-time 1/f noise, and I believe the independent replication did not reproduce the lower-noise effect for the race-instruction conditions.",no
rpp.63,7,1f noise and effort on implicit measures of bias,unsure,unknown,"I vaguely recognize this as a paper on 1/f noise in implicit-bias response times, but I don’t specifically recall the formal independent replication outcome.","FAMILIARITY: unsure
VERDICT: unknown
NOTES: I vaguely recognize this as a paper on 1/f noise in implicit-bias response times, but I don’t specifically recall the formal independent replication outcome.",no
rpp.63,8,1f noise and effort on implicit measures of bias,unsure,unknown,"I vaguely recognize this as a study on 1/f noise in an implicit-bias task with race/use-race/avoid-race instructions, but I do not specifically recall the outcome of the formal independent replication attempt.","FAMILIARITY: unsure
VERDICT: unknown
NOTES: I vaguely recognize this as a study on 1/f noise in an implicit-bias task with race/use-race/avoid-race instructions, but I do not specifically recall the outcome of the formal independent replication attempt.",no
rpp.63,9,1f noise and effort on implicit measures of bias,unfamiliar,unknown,"I don’t specifically recognize this study or its independent replication attempt, so I can’t reliably say whether that PSD-slope effect replicated.","FAMILIARITY: unfamiliar
VERDICT: unknown
NOTES: I don’t specifically recognize this study or its independent replication attempt, so I can’t reliably say whether that PSD-slope effect replicated.",no
rpp.64,0,The effect of global versus local processing styles on assimilation versus contrast in social judgment,recognized,unreplicable,"I recall this as a classic social-judgment priming study using global/local processing manipulations, and the independent replication did not recover the predicted processing-style × prime interaction on ratings of John’s aggressiveness.","FAMILIARITY: recognized
VERDICT: unreplicable
NOTES: I recall this as a classic social-judgment priming study using global/local processing manipulations, and the independent replication did not recover the predicted processing-style × prime interaction on ratings of John’s aggressiveness.",no
rpp.64,1,The effect of global versus local processing styles on assimilation versus contrast in social judgment,unsure,unknown,"I vaguely recognize this as a global-versus-local processing style priming study on aggression ratings, but I don’t specifically recall the independent replication outcome.","FAMILIARITY: unsure
VERDICT: unknown
NOTES: I vaguely recognize this as a global-versus-local processing style priming study on aggression ratings, but I don’t specifically recall the independent replication outcome.",no
rpp.64,2,The effect of global versus local processing styles on assimilation versus contrast in social judgment,unsure,unknown,"I vaguely recall the global/local processing and social judgment paradigm, but I don’t specifically recall the independent replication attempt or its outcome.","FAMILIARITY: unsure
VERDICT: unknown
NOTES: I vaguely recall the global/local processing and social judgment paradigm, but I don’t specifically recall the independent replication attempt or its outcome.",no
rpp.64,3,The effect of global versus local processing styles on assimilation versus contrast in social judgment,recognized,unknown,"I recognize the classic global-vs-local processing social-judgment study using the “John’s behavior/aggressiveness” rating task, but I don’t specifically recall the outcome of its independent replication attempt.","FAMILIARITY: recognized
VERDICT: unknown
NOTES: I recognize the classic global-vs-local processing social-judgment study using the “John’s behavior/aggressiveness” rating task, but I don’t specifically recall the outcome of its independent replication attempt.",no
rpp.64,4,The effect of global versus local processing styles on assimilation versus contrast in social judgment,unsure,unknown,"I vaguely recall a global-versus-local processing-style social judgment study involving ratings of John’s aggression, but I do not specifically remember the outcome of its independent replication attempt.","FAMILIARITY: unsure
VERDICT: unknown
NOTES: I vaguely recall a global-versus-local processing-style social judgment study involving ratings of John’s aggression, but I do not specifically remember the outcome of its independent replication attempt.",no
rpp.64,5,The effect of global versus local processing styles on assimilation versus contrast in social judgment,unsure,unknown,"I vaguely recognize this as a global-vs-local processing style study on social judgment, but I do not specifically recall the independent replication attempt or its outcome.","FAMILIARITY: unsure
VERDICT: unknown
NOTES: I vaguely recognize this as a global-vs-local processing style study on social judgment, but I do not specifically recall the independent replication attempt or its outcome.",no
rpp.64,6,The effect of global versus local processing styles on assimilation versus contrast in social judgment,unsure,unknown,"I vaguely remember the global/local processing-style study on aggression judgments, but I don’t specifically recall the independent replication result.","FAMILIARITY: unsure
VERDICT: unknown
NOTES: I vaguely remember the global/local processing-style study on aggression judgments, but I don’t specifically recall the independent replication result.",no
rpp.64,7,The effect of global versus local processing styles on assimilation versus contrast in social judgment,unsure,unknown,"I vaguely recognize a global-vs-local processing style moderation of aggression priming in social judgment, but I do not specifically recall the formal replication attempt or its result.","FAMILIARITY: unsure
VERDICT: unknown
NOTES: I vaguely recognize a global-vs-local processing style moderation of aggression priming in social judgment, but I do not specifically recall the formal replication attempt or its result.",no
rpp.64,8,The effect of global versus local processing styles on assimilation versus contrast in social judgment,unsure,unknown,"I vaguely recognize this as a global/local processing social-judgment priming study, but I don’t specifically recall the independent replication attempt or whether the aggressive-prime effect held up.","FAMILIARITY: unsure
VERDICT: unknown
NOTES: I vaguely recognize this as a global/local processing social-judgment priming study, but I don’t specifically recall the independent replication attempt or whether the aggressive-prime effect held up.",no
rpp.64,9,The effect of global versus local processing styles on assimilation versus contrast in social judgment,recognized,unknown,"I remember this as a social-judgment priming study in which global vs local processing was said to moderate aggression ratings, but I do not specifically recall the outcome of the independent replication attempt.","FAMILIARITY: recognized
VERDICT: unknown
NOTES: I remember this as a social-judgment priming study in which global vs local processing was said to moderate aggression ratings, but I do not specifically recall the outcome of the independent replication attempt.",no
rpp.65,0,Not so innocent Does seeing ones own capacity for wrongdoing predict forgiveness?,unsure,unknown,"I vaguely recall the Exline et al. forgiveness study about priming people to consider their own capacity for wrongdoing, but I do not specifically recall the independent replication attempt or its outcome.","FAMILIARITY: unsure
VERDICT: unknown
NOTES: I vaguely recall the Exline et al. forgiveness study about priming people to consider their own capacity for wrongdoing, but I do not specifically recall the independent replication attempt or its outcome.",no
rpp.65,1,Not so innocent Does seeing ones own capacity for wrongdoing predict forgiveness?,unsure,unknown,"I vaguely recognize this as a forgiveness study about self-priming and vengefulness, but I don’t specifically recall the independent replication outcome.","FAMILIARITY: unsure
VERDICT: unknown
NOTES: I vaguely recognize this as a forgiveness study about self-priming and vengefulness, but I don’t specifically recall the independent replication outcome.",no
rpp.65,2,Not so innocent Does seeing ones own capacity for wrongdoing predict forgiveness?,unsure,unknown,"I vaguely recognize this forgiveness/self-capacity study, but I don’t specifically recall the independent replication attempt or its outcome.","FAMILIARITY: unsure
VERDICT: unknown
NOTES: I vaguely recognize this forgiveness/self-capacity study, but I don’t specifically recall the independent replication attempt or its outcome.",no
rpp.65,3,Not so innocent Does seeing ones own capacity for wrongdoing predict forgiveness?,unsure,unknown,"I vaguely recall a forgiveness/vengefulness priming study with a men-only effect, but I do not specifically recognize the independent replication attempt or its outcome.","FAMILIARITY: unsure
VERDICT: unknown
NOTES: I vaguely recall a forgiveness/vengefulness priming study with a men-only effect, but I do not specifically recognize the independent replication attempt or its outcome.",no
rpp.65,4,Not so innocent Does seeing ones own capacity for wrongdoing predict forgiveness?,unsure,unknown,"I vaguely recognize this as a forgiveness study about priming people to consider their own capacity for similar wrongdoing, but I do not specifically recall the independent replication attempt or its outcome.","FAMILIARITY: unsure
VERDICT: unknown
NOTES: I vaguely recognize this as a forgiveness study about priming people to consider their own capacity for similar wrongdoing, but I do not specifically recall the independent replication attempt or its outcome.",no
rpp.65,5,Not so innocent Does seeing ones own capacity for wrongdoing predict forgiveness?,unsure,unknown,"I vaguely recognize this as a forgiveness/vengefulness priming study, but I do not specifically recall the formal independent replication attempt or its result.","FAMILIARITY: unsure
VERDICT: unknown
NOTES: I vaguely recognize this as a forgiveness/vengefulness priming study, but I do not specifically recall the formal independent replication attempt or its result.",no
rpp.65,6,Not so innocent Does seeing ones own capacity for wrongdoing predict forgiveness?,unsure,unknown,"I vaguely recall a forgiveness study where self-reflection on one’s own capacity for wrongdoing reduced vengefulness mainly for men, but I don’t specifically recall the formal replication attempt or whether it succeeded.","FAMILIARITY: unsure
VERDICT: unknown
NOTES: I vaguely recall a forgiveness study where self-reflection on one’s own capacity for wrongdoing reduced vengefulness mainly for men, but I don’t specifically recall the formal replication attempt or whether it succeeded.",no
rpp.65,7,Not so innocent Does seeing ones own capacity for wrongdoing predict forgiveness?,unfamiliar,unknown,I don’t specifically recognize this forgiveness/priming study or its formal replication attempt well enough to recall whether the men-only vengefulness effect held up.,"FAMILIARITY: unfamiliar
VERDICT: unknown
NOTES: I don’t specifically recognize this forgiveness/priming study or its formal replication attempt well enough to recall whether the men-only vengefulness effect held up.",no
rpp.65,8,Not so innocent Does seeing ones own capacity for wrongdoing predict forgiveness?,unsure,unknown,"I vaguely remember a forgiveness study about self-perceived capacity for wrongdoing and a gender-moderated reduction in vengefulness, but I do not specifically recall the independent replication attempt or its outcome.","FAMILIARITY: unsure
VERDICT: unknown
NOTES: I vaguely remember a forgiveness study about self-perceived capacity for wrongdoing and a gender-moderated reduction in vengefulness, but I do not specifically recall the independent replication attempt or its outcome.",no
rpp.65,9,Not so innocent Does seeing ones own capacity for wrongdoing predict forgiveness?,unsure,unknown,"I vaguely recognize this as an older forgiveness/vengefulness priming study with a gender-moderated effect, but I do not specifically recall the independent replication attempt or its outcome.","FAMILIARITY: unsure
VERDICT: unknown
NOTES: I vaguely recognize this as an older forgiveness/vengefulness priming study with a gender-moderated effect, but I do not specifically recall the independent replication attempt or its outcome.",no
rpp.68,0,Why people are reluctant to tempt fate,unsure,unknown,"I recognize the title as a superstition/tempting-fate paper, but I don’t specifically recall the independent replication attempt or its outcome.","FAMILIARITY: unsure
VERDICT: unknown
NOTES: I recognize the title as a superstition/tempting-fate paper, but I don’t specifically recall the independent replication attempt or its outcome.",no
rpp.68,1,Why people are reluctant to tempt fate,unsure,unknown,"I recognize this as the Risen/Gilovich “tempting fate” work, but I don’t specifically recall the independent replication attempt of the behavior × cognitive load interaction.","FAMILIARITY: unsure
VERDICT: unknown
NOTES: I recognize this as the Risen/Gilovich “tempting fate” work, but I don’t specifically recall the independent replication attempt of the behavior × cognitive load interaction.",no
rpp.68,2,Why people are reluctant to tempt fate,unsure,unknown,"I vaguely recognize the “tempting fate” paper as a superstition/cognitive-load study, but I don’t specifically remember the independent replication attempt or its outcome.","FAMILIARITY: unsure
VERDICT: unknown
NOTES: I vaguely recognize the “tempting fate” paper as a superstition/cognitive-load study, but I don’t specifically remember the independent replication attempt or its outcome.",no
rpp.68,3,Why people are reluctant to tempt fate,unsure,unknown,"I recognize the original “tempting fate” paper as a cognitive-load moderation finding, but I do not specifically recall the outcome of the independent replication attempt.","FAMILIARITY: unsure
VERDICT: unknown
NOTES: I recognize the original “tempting fate” paper as a cognitive-load moderation finding, but I do not specifically recall the outcome of the independent replication attempt.",no
rpp.68,4,Why people are reluctant to tempt fate,recognized,unknown,"I recognize Risen and Gilovich’s “Why people are reluctant to tempt fate” as the classic cognitive-load study, but I don’t specifically recall the outcome of its independent replication attempt.","FAMILIARITY: recognized
VERDICT: unknown
NOTES: I recognize Risen and Gilovich’s “Why people are reluctant to tempt fate” as the classic cognitive-load study, but I don’t specifically recall the outcome of its independent replication attempt.",no
rpp.68,5,Why people are reluctant to tempt fate,unsure,unknown,"I vaguely recall a social-psychology paper on reluctance to “tempt fate” with a cognitive-load interaction, but I do not specifically remember the formal replication attempt or its outcome.","FAMILIARITY: unsure
VERDICT: unknown
NOTES: I vaguely recall a social-psychology paper on reluctance to “tempt fate” with a cognitive-load interaction, but I do not specifically remember the formal replication attempt or its outcome.",no
rpp.68,6,Why people are reluctant to tempt fate,recognized,unknown,"I remember this as the Risen/Gilovich “tempting fate” study where cognitive load moderated the effect, but I don’t specifically recall the outcome of the formal independent replication attempt.","FAMILIARITY: recognized
VERDICT: unknown
NOTES: I remember this as the Risen/Gilovich “tempting fate” study where cognitive load moderated the effect, but I don’t specifically recall the outcome of the formal independent replication attempt.",no
rpp.68,7,Why people are reluctant to tempt fate,unsure,unknown,"I vaguely recognize the “tempt fate” paradigm and the cognitive-load interaction, but I don’t specifically recall the formal independent replication attempt or its outcome.","FAMILIARITY: unsure
VERDICT: unknown
NOTES: I vaguely recognize the “tempt fate” paradigm and the cognitive-load interaction, but I don’t specifically recall the formal independent replication attempt or its outcome.",no
rpp.68,8,Why people are reluctant to tempt fate,recognized,replicable,"I recognize the Risen/Gilovich “tempt fate” study, and I recall the replication reporting the same behavior × cognitive-load interaction.","FAMILIARITY: recognized
VERDICT: replicable
NOTES: I recognize the Risen/Gilovich “tempt fate” study, and I recall the replication reporting the same behavior × cognitive-load interaction.",no
rpp.68,9,Why people are reluctant to tempt fate,unsure,unknown,"The title rings a bell as a Gilovich/Risen-style “tempting fate” study, but I don’t specifically recall the independent replication attempt or whether that cognitive-load interaction held up.","FAMILIARITY: unsure
VERDICT: unknown
NOTES: The title rings a bell as a Gilovich/Risen-style “tempting fate” study, but I don’t specifically recall the independent replication attempt or whether that cognitive-load interaction held up.",no
rpp.7,0,Modeling distributions of immediate memory effects No strategies needed?,unsure,unknown,"I recognize the described finding as the classic word-length effect in immediate serial recall, but I don’t specifically recall this exact title or the outcome of its formal independent replication attempt.","FAMILIARITY: unsure
VERDICT: unknown
NOTES: I recognize the described finding as the classic word-length effect in immediate serial recall, but I don’t specifically recall this exact title or the outcome of its formal independent replication attempt.",no
rpp.7,1,Modeling distributions of immediate memory effects No strategies needed?,unsure,unknown,"I recognize this as the classic immediate serial recall word-length effect, but I do not specifically recall this exact study or its independent replication attempt.","FAMILIARITY: unsure
VERDICT: unknown
NOTES: I recognize this as the classic immediate serial recall word-length effect, but I do not specifically recall this exact study or its independent replication attempt.",no
rpp.7,2,Modeling distributions of immediate memory effects No strategies needed?,unsure,unknown,"I recognize the general word-length effect in immediate serial recall, but I do not specifically recall this titled study or its independent replication attempt well enough to judge the outcome.","FAMILIARITY: unsure
VERDICT: unknown
NOTES: I recognize the general word-length effect in immediate serial recall, but I do not specifically recall this titled study or its independent replication attempt well enough to judge the outcome.",no
rpp.7,3,Modeling distributions of immediate memory effects No strategies needed?,unsure,unknown,"I recognize this as the classic word-length effect in immediate serial recall, but I don’t specifically recall this titled study or its formal independent replication attempt well enough to report the replication outcome.","FAMILIARITY: unsure
VERDICT: unknown
NOTES: I recognize this as the classic word-length effect in immediate serial recall, but I don’t specifically recall this titled study or its formal independent replication attempt well enough to report the replication outcome.",no
rpp.7,4,Modeling distributions of immediate memory effects No strategies needed?,unsure,unknown,"I recognize this as the classic word-length effect in immediate serial recall, but I don't specifically recall the exact study/independent replication attempt you mean.","FAMILIARITY: unsure
VERDICT: unknown
NOTES: I recognize this as the classic word-length effect in immediate serial recall, but I don't specifically recall the exact study/independent replication attempt you mean.",no
rpp.7,5,Modeling distributions of immediate memory effects No strategies needed?,unsure,unknown,"I recognize this as the classic word-length effect in immediate serial recall, but I do not specifically recall this exact paper or its independent replication attempt.","FAMILIARITY: unsure
VERDICT: unknown
NOTES: I recognize this as the classic word-length effect in immediate serial recall, but I do not specifically recall this exact paper or its independent replication attempt.",no
rpp.7,6,Modeling distributions of immediate memory effects No strategies needed?,unsure,unknown,"I recognize this only as the classic word-length effect in immediate serial recall, but I do not specifically recognize this exact paper or its independent replication attempt.","FAMILIARITY: unsure
VERDICT: unknown
NOTES: I recognize this only as the classic word-length effect in immediate serial recall, but I do not specifically recognize this exact paper or its independent replication attempt.",no
rpp.7,7,Modeling distributions of immediate memory effects No strategies needed?,unsure,unknown,"I recognize the described effect as the classic word-length effect in immediate serial recall, but I do not specifically recall this paper or its formal independent replication outcome.","FAMILIARITY: unsure
VERDICT: unknown
NOTES: I recognize the described effect as the classic word-length effect in immediate serial recall, but I do not specifically recall this paper or its formal independent replication outcome.",no
rpp.7,8,Modeling distributions of immediate memory effects No strategies needed?,recognized,replicable,"This is the classic word-length effect in immediate serial recall, and I recall a formal replication attempt that successfully reproduced the better order memory for short-word lists than for long-word lists.","FAMILIARITY: recognized
VERDICT: replicable
NOTES: This is the classic word-length effect in immediate serial recall, and I recall a formal replication attempt that successfully reproduced the better order memory for short-word lists than for long-word lists.",no
rpp.7,9,Modeling distributions of immediate memory effects No strategies needed?,unsure,unknown,"I know the classic word-length effect in immediate serial recall, but I don’t specifically recognize this paper or its independent replication attempt well enough to judge it.","FAMILIARITY: unsure  
VERDICT: unknown  
NOTES: I know the classic word-length effect in immediate serial recall, but I don’t specifically recognize this paper or its independent replication attempt well enough to judge it.",no
rpp.71,0,On the relative independence of thinking biases and cognitive ability,unsure,unknown,"I recognize Stanovich/West’s work on thinking biases and SAT-linked reasoning accuracy, but I don’t specifically recall the independent replication attempt for this exact finding.","FAMILIARITY: unsure
VERDICT: unknown
NOTES: I recognize Stanovich/West’s work on thinking biases and SAT-linked reasoning accuracy, but I don’t specifically recall the independent replication attempt for this exact finding.",no
rpp.71,1,On the relative independence of thinking biases and cognitive ability,unsure,unknown,"I recognize this as part of Stanovich/West’s work on the weak relation between cognitive ability and thinking biases, but I don’t specifically recall the exact independent replication attempt or its result.","FAMILIARITY: unsure
VERDICT: unknown
NOTES: I recognize this as part of Stanovich/West’s work on the weak relation between cognitive ability and thinking biases, but I don’t specifically recall the exact independent replication attempt or its result.",no
rpp.71,2,On the relative independence of thinking biases and cognitive ability,unsure,unknown,"I vaguely recognize Stanovich and West’s work arguing that reasoning biases are only partly related to SAT-based cognitive ability, but I don’t specifically recall the independent replication attempt or whether this exact correct-vs-incorrect SAT effect replicated.","FAMILIARITY: unsure
VERDICT: unknown
NOTES: I vaguely recognize Stanovich and West’s work arguing that reasoning biases are only partly related to SAT-based cognitive ability, but I don’t specifically recall the independent replication attempt or whether this exact correct-vs-incorrect SAT effect replicated.",no
rpp.71,3,On the relative independence of thinking biases and cognitive ability,unsure,unknown,"I recognize this as Stanovich and West’s work on reasoning biases and SAT-linked cognitive ability, but I don’t specifically recall the independent replication attempt or whether that exact effect was reported to replicate.","FAMILIARITY: unsure
VERDICT: unknown
NOTES: I recognize this as Stanovich and West’s work on reasoning biases and SAT-linked cognitive ability, but I don’t specifically recall the independent replication attempt or whether that exact effect was reported to replicate.",no
rpp.71,4,On the relative independence of thinking biases and cognitive ability,recognized,replicable,"I recall this as a Stanovich/West finding that higher-SAT participants were more likely to answer the reasoning item correctly, and I believe that general association has been independently reproduced.","FAMILIARITY: recognized
VERDICT: replicable
NOTES: I recall this as a Stanovich/West finding that higher-SAT participants were more likely to answer the reasoning item correctly, and I believe that general association has been independently reproduced.",no
rpp.71,5,On the relative independence of thinking biases and cognitive ability,recognized,unknown,"I remember Stanovich and West’s reasoning-bias work showing that correct responders tended to have higher SAT scores, but I don’t specifically recall the independent replication attempt for this exact effect.","FAMILIARITY: recognized
VERDICT: unknown
NOTES: I remember Stanovich and West’s reasoning-bias work showing that correct responders tended to have higher SAT scores, but I don’t specifically recall the independent replication attempt for this exact effect.",no
rpp.71,6,On the relative independence of thinking biases and cognitive ability,unsure,unknown,"I recognize this as part of the Stanovich/West line of work on thinking biases and SAT-based ability differences, but I don’t specifically recall the exact independent replication attempt or its outcome.","FAMILIARITY: unsure
VERDICT: unknown
NOTES: I recognize this as part of the Stanovich/West line of work on thinking biases and SAT-based ability differences, but I don’t specifically recall the exact independent replication attempt or its outcome.",no
rpp.71,7,On the relative independence of thinking biases and cognitive ability,recognized,replicable,"I recall this Stanovich/West line of work finding that higher SAT scores were associated with correct answers on several bias tasks, and the specific SAT–accuracy effect was later reported again in a formal replication.","FAMILIARITY: recognized
VERDICT: replicable
NOTES: I recall this Stanovich/West line of work finding that higher SAT scores were associated with correct answers on several bias tasks, and the specific SAT–accuracy effect was later reported again in a formal replication.",no
rpp.71,8,On the relative independence of thinking biases and cognitive ability,unsure,unknown,"I recognize Stanovich and West’s line of work on thinking biases versus cognitive ability in general, but I don’t specifically recall the independent replication attempt or its result for this exact SAT/correctness finding.","FAMILIARITY: unsure
VERDICT: unknown
NOTES: I recognize Stanovich and West’s line of work on thinking biases versus cognitive ability in general, but I don’t specifically recall the independent replication attempt or its result for this exact SAT/correctness finding.",no
rpp.71,9,On the relative independence of thinking biases and cognitive ability,unsure,unknown,"I recognize Stanovich and West’s broader work arguing that thinking biases and cognitive ability are only partly related, but I don’t specifically recall the formal independent replication attempt for this exact SAT/correct-versus-incorrect finding.","FAMILIARITY: unsure
VERDICT: unknown
NOTES: I recognize Stanovich and West’s broader work arguing that thinking biases and cognitive ability are only partly related, but I don’t specifically recall the formal independent replication attempt for this exact SAT/correct-versus-incorrect finding.",no
rpp.72,0,Opening the mind to close it Considering a message in light of important values increases message processing and later resistance to change,unsure,unknown,"I vaguely recognize this as a persuasion/value-importance study, but I do not specifically recall the independent replication attempt or its outcome.","FAMILIARITY: unsure
VERDICT: unknown
NOTES: I vaguely recognize this as a persuasion/value-importance study, but I do not specifically recall the independent replication attempt or its outcome.",no
rpp.72,1,Opening the mind to close it Considering a message in light of important values increases message processing and later resistance to change,unsure,unknown,"I vaguely recall the persuasion finding that emphasizing important values increases sensitivity to argument quality, but I do not specifically remember the formal replication attempt or its outcome.","FAMILIARITY: unsure
VERDICT: unknown
NOTES: I vaguely recall the persuasion finding that emphasizing important values increases sensitivity to argument quality, but I do not specifically remember the formal replication attempt or its outcome.",no
rpp.72,2,Opening the mind to close it Considering a message in light of important values increases message processing and later resistance to change,unfamiliar,unknown,"I don’t specifically recognize this study or its independent replication attempt well enough to recall the outcome, so I can’t assess whether it replicated.","FAMILIARITY: unfamiliar
VERDICT: unknown
NOTES: I don’t specifically recognize this study or its independent replication attempt well enough to recall the outcome, so I can’t assess whether it replicated.",no
rpp.72,3,Opening the mind to close it Considering a message in light of important values increases message processing and later resistance to change,unsure,unknown,"I recall the original persuasion finding about a value-importance × argument-quality interaction, but I don’t specifically remember the formal independent replication or its outcome.","FAMILIARITY: unsure
VERDICT: unknown
NOTES: I recall the original persuasion finding about a value-importance × argument-quality interaction, but I don’t specifically remember the formal independent replication or its outcome.",no
rpp.72,4,Opening the mind to close it Considering a message in light of important values increases message processing and later resistance to change,recognized,unknown,"I recognize the classic value-importance × argument-quality persuasion study, but I don’t specifically recall the formal independent replication attempt or its outcome.","FAMILIARITY: recognized
VERDICT: unknown
NOTES: I recognize the classic value-importance × argument-quality persuasion study, but I don’t specifically recall the formal independent replication attempt or its outcome.",no
rpp.72,5,Opening the mind to close it Considering a message in light of important values increases message processing and later resistance to change,unsure,unknown,"I recognize the persuasion paper and the value-importance × argument-quality interaction, but I don’t specifically recall the independent replication attempt or its outcome.","FAMILIARITY: unsure
VERDICT: unknown
NOTES: I recognize the persuasion paper and the value-importance × argument-quality interaction, but I don’t specifically recall the independent replication attempt or its outcome.",no
rpp.72,6,Opening the mind to close it Considering a message in light of important values increases message processing and later resistance to change,recognized,unknown,"I remember this as the persuasion study where making important values salient increased sensitivity to strong versus weak arguments, but I don’t specifically recall the outcome of the formal independent replication attempt.","FAMILIARITY: recognized
VERDICT: unknown
NOTES: I remember this as the persuasion study where making important values salient increased sensitivity to strong versus weak arguments, but I don’t specifically recall the outcome of the formal independent replication attempt.",no
rpp.72,7,Opening the mind to close it Considering a message in light of important values increases message processing and later resistance to change,unsure,unknown,"I recognize this as a persuasion study about value relevance and argument quality, but I don’t specifically recall the independent replication attempt or its outcome for this exact interaction.","FAMILIARITY: unsure
VERDICT: unknown
NOTES: I recognize this as a persuasion study about value relevance and argument quality, but I don’t specifically recall the independent replication attempt or its outcome for this exact interaction.",no
rpp.72,8,Opening the mind to close it Considering a message in light of important values increases message processing and later resistance to change,recognized,unknown,"I recognize this as a classic self-affirmation/persuasion finding, but I don’t specifically recall the outcome of the independent replication of the value-importance × argument-quality interaction.","FAMILIARITY: recognized
VERDICT: unknown
NOTES: I recognize this as a classic self-affirmation/persuasion finding, but I don’t specifically recall the outcome of the independent replication of the value-importance × argument-quality interaction.",no
rpp.72,9,Opening the mind to close it Considering a message in light of important values increases message processing and later resistance to change,recognized,unknown,"I recognize this as the Briñol/Petty persuasion study where making important values salient increased sensitivity to argument quality, but I don’t specifically recall the outcome of any independent replication attempt of that exact interaction.","FAMILIARITY: recognized
VERDICT: unknown
NOTES: I recognize this as the Briñol/Petty persuasion study where making important values salient increased sensitivity to argument quality, but I don’t specifically recall the outcome of any independent replication attempt of that exact interaction.",no
rpp.8,0,Stereotypes and retrievalprovoked illusory source recollections,unsure,unknown,"I vaguely recognize this as a stereotype-based source-monitoring false-memory study, but I don’t specifically recall the independent replication attempt or its outcome.","FAMILIARITY: unsure
VERDICT: unknown
NOTES: I vaguely recognize this as a stereotype-based source-monitoring false-memory study, but I don’t specifically recall the independent replication attempt or its outcome.",no
rpp.8,1,Stereotypes and retrievalprovoked illusory source recollections,unsure,unknown,"I vaguely recognize this as a stereotype/source-monitoring false-memory study, but I do not specifically recall the independent replication attempt or its result.","FAMILIARITY: unsure
VERDICT: unknown
NOTES: I vaguely recognize this as a stereotype/source-monitoring false-memory study, but I do not specifically recall the independent replication attempt or its result.",no
rpp.8,2,Stereotypes and retrievalprovoked illusory source recollections,unfamiliar,unknown,"I don’t specifically recognize this study or its independent replication attempt, so I can’t say whether that exact effect replicated.","FAMILIARITY: unfamiliar
VERDICT: unknown
NOTES: I don’t specifically recognize this study or its independent replication attempt, so I can’t say whether that exact effect replicated.",no
rpp.8,3,Stereotypes and retrievalprovoked illusory source recollections,unsure,unknown,"I vaguely recall a stereotype-based source-monitoring study, but I do not specifically remember this exact replication attempt or whether the cross-over false-attribution effect held.","FAMILIARITY: unsure
VERDICT: unknown
NOTES: I vaguely recall a stereotype-based source-monitoring study, but I do not specifically remember this exact replication attempt or whether the cross-over false-attribution effect held.",no
rpp.8,4,Stereotypes and retrievalprovoked illusory source recollections,unfamiliar,unknown,"I don’t specifically recognize this title or its formal replication attempt, so I can’t reliably state whether that source-recollection effect replicated.","FAMILIARITY: unfamiliar
VERDICT: unknown
NOTES: I don’t specifically recognize this title or its formal replication attempt, so I can’t reliably state whether that source-recollection effect replicated.",no
rpp.8,5,Stereotypes and retrievalprovoked illusory source recollections,unsure,unknown,"I recognize this only vaguely as a stereotype-based source-monitoring/false attribution effect, but I do not specifically recall the exact study or its formal independent replication attempt.","FAMILIARITY: unsure
VERDICT: unknown
NOTES: I recognize this only vaguely as a stereotype-based source-monitoring/false attribution effect, but I do not specifically recall the exact study or its formal independent replication attempt.",no
rpp.8,6,Stereotypes and retrievalprovoked illusory source recollections,unsure,unknown,"I recognize this as a stereotype/source-monitoring false-memory study, but I don’t specifically recall the formal independent replication attempt or its outcome.","FAMILIARITY: unsure
VERDICT: unknown
NOTES: I recognize this as a stereotype/source-monitoring false-memory study, but I don’t specifically recall the formal independent replication attempt or its outcome.",no
rpp.8,7,Stereotypes and retrievalprovoked illusory source recollections,unfamiliar,unknown,"I don’t specifically recognize this exact study or its replication attempt, so I can’t reliably say whether that interaction was replicated.","FAMILIARITY: unfamiliar
VERDICT: unknown
NOTES: I don’t specifically recognize this exact study or its replication attempt, so I can’t reliably say whether that interaction was replicated.",no
rpp.8,8,Stereotypes and retrievalprovoked illusory source recollections,unfamiliar,unknown,"I don't specifically recognize this study or its independent replication attempt, so I can't reliably recall whether the predicted schema-consistency crossover in false source attributions replicated.","FAMILIARITY: unfamiliar
VERDICT: unknown
NOTES: I don't specifically recognize this study or its independent replication attempt, so I can't reliably recall whether the predicted schema-consistency crossover in false source attributions replicated.",no
rpp.8,9,Stereotypes and retrievalprovoked illusory source recollections,unsure,unknown,"I vaguely recognize this as a stereotype-driven source-memory effect, but I do not specifically recall the independent replication attempt or its outcome.","FAMILIARITY: unsure
VERDICT: unknown
NOTES: I vaguely recognize this as a stereotype-driven source-memory effect, but I do not specifically recall the independent replication attempt or its outcome.",no
rpp.80,0,The effects of an implemental mindset on attitude strength,unsure,unknown,"I recognize the classic implemental-mindset one-sided-vs-two-sided ambivalence effect, but I don't specifically recall the independent replication's outcome.","FAMILIARITY: unsure
VERDICT: unknown
NOTES: I recognize the classic implemental-mindset one-sided-vs-two-sided ambivalence effect, but I don't specifically recall the independent replication's outcome.",no
rpp.80,1,The effects of an implemental mindset on attitude strength,unsure,unknown,"I vaguely recognize this as a classic implemental-mindset/attitude-strength study, but I don’t specifically recall the independent replication outcome for the one-sided vs two-sided ambivalence effect.","FAMILIARITY: unsure
VERDICT: unknown
NOTES: I vaguely recognize this as a classic implemental-mindset/attitude-strength study, but I don’t specifically recall the independent replication outcome for the one-sided vs two-sided ambivalence effect.",no
rpp.80,2,The effects of an implemental mindset on attitude strength,unfamiliar,unknown,"I recognize the broader implemental-mindset/attitude-strength literature, but I don’t specifically recall this exact study or any independent replication of the one-sided-vs-two-sided ambivalence effect.","FAMILIARITY: unfamiliar
VERDICT: unknown
NOTES: I recognize the broader implemental-mindset/attitude-strength literature, but I don’t specifically recall this exact study or any independent replication of the one-sided-vs-two-sided ambivalence effect.",no
rpp.80,3,The effects of an implemental mindset on attitude strength,unsure,unknown,"I recognize the general implemental-mindset/attitude-ambivalence literature, but I don’t specifically recall this exact study’s independent replication result.","FAMILIARITY: unsure  
VERDICT: unknown  
NOTES: I recognize the general implemental-mindset/attitude-ambivalence literature, but I don’t specifically recall this exact study’s independent replication result.",no
rpp.80,4,The effects of an implemental mindset on attitude strength,unsure,unknown,"I vaguely recall the classic implemental-mindset finding that one-sided focus reduces ambivalence, but I don’t specifically remember the independent replication attempt or its outcome.","FAMILIARITY: unsure
VERDICT: unknown
NOTES: I vaguely recall the classic implemental-mindset finding that one-sided focus reduces ambivalence, but I don’t specifically remember the independent replication attempt or its outcome.",no
rpp.80,5,The effects of an implemental mindset on attitude strength,recognized,unknown,"I recognize this as the implemental-mindset/attitude-strength study where one-sided focus reduced ambivalence, but I don’t specifically recall the independent replication result.","FAMILIARITY: recognized
VERDICT: unknown
NOTES: I recognize this as the implemental-mindset/attitude-strength study where one-sided focus reduced ambivalence, but I don’t specifically recall the independent replication result.",no
rpp.80,6,The effects of an implemental mindset on attitude strength,unsure,unknown,"I recognize this as the implemental-mindset/attitude-strength work on ambivalence, but I don’t specifically recall the independent replication result for the one-sided vs. two-sided focus effect.","FAMILIARITY: unsure
VERDICT: unknown
NOTES: I recognize this as the implemental-mindset/attitude-strength work on ambivalence, but I don’t specifically recall the independent replication result for the one-sided vs. two-sided focus effect.",no
rpp.80,7,The effects of an implemental mindset on attitude strength,unsure,unknown,"I vaguely recognize this as a study on implemental mindset reducing ambivalence, but I don't specifically recall the outcome of the independent replication of the one-sided versus two-sided focus effect.","FAMILIARITY: unsure
VERDICT: unknown
NOTES: I vaguely recognize this as a study on implemental mindset reducing ambivalence, but I don't specifically recall the outcome of the independent replication of the one-sided versus two-sided focus effect.",no
rpp.80,8,The effects of an implemental mindset on attitude strength,unsure,unknown,"I vaguely recognize the implemental-mindset/attitude-strength study, but I do not specifically recall the outcome of its independent replication attempt.","FAMILIARITY: unsure
VERDICT: unknown
NOTES: I vaguely recognize the implemental-mindset/attitude-strength study, but I do not specifically recall the outcome of its independent replication attempt.",no
rpp.80,9,The effects of an implemental mindset on attitude strength,unsure,unknown,"I recognize the general implemental-mindset finding that a one-sided focus reduced ambivalence relative to a two-sided focus, but I do not specifically recall the formal independent replication attempt or its outcome.","FAMILIARITY: unsure
VERDICT: unknown
NOTES: I recognize the general implemental-mindset finding that a one-sided focus reduced ambivalence relative to a two-sided focus, but I do not specifically recall the formal independent replication attempt or its outcome.",no
rpp.81,0,A needsbased model of reconciliation Satisfying the differential emotional needs of victim and perpetrator as a key to promoting reconciliation,unsure,unknown,"I recognize the original needs-based reconciliation paper by Shnabel and Nadler, but I do not specifically recall the independent replication attempt or whether that role × message interaction in the after condition was reproduced.","FAMILIARITY: unsure
VERDICT: unknown
NOTES: I recognize the original needs-based reconciliation paper by Shnabel and Nadler, but I do not specifically recall the independent replication attempt or whether that role × message interaction in the after condition was reproduced.",no
rpp.81,1,A needsbased model of reconciliation Satisfying the differential emotional needs of victim and perpetrator as a key to promoting reconciliation,recognized,replicable,"I recall Shnabel et al.’s needs-based reconciliation study and a later direct replication that found the same role × message interaction, with perpetrators responding to moral acceptance and victims to power restoration.","FAMILIARITY: recognized
VERDICT: replicable
NOTES: I recall Shnabel et al.’s needs-based reconciliation study and a later direct replication that found the same role × message interaction, with perpetrators responding to moral acceptance and victims to power restoration.",no
rpp.81,2,A needsbased model of reconciliation Satisfying the differential emotional needs of victim and perpetrator as a key to promoting reconciliation,unsure,unknown,"I recognize the needs-based model of reconciliation as the theory that victims seek power and perpetrators seek acceptance, but I don’t specifically recall the independent replication attempt or its result.","FAMILIARITY: unsure
VERDICT: unknown
NOTES: I recognize the needs-based model of reconciliation as the theory that victims seek power and perpetrators seek acceptance, but I don’t specifically recall the independent replication attempt or its result.",no
rpp.81,3,A needsbased model of reconciliation Satisfying the differential emotional needs of victim and perpetrator as a key to promoting reconciliation,recognized,unreplicable,"I recall this as the needs-based model of reconciliation study, and the direct replication did not reproduce the critical role-by-message interaction linking perpetrators to moral acceptance and victims to power restoration.","FAMILIARITY: recognized
VERDICT: unreplicable
NOTES: I recall this as the needs-based model of reconciliation study, and the direct replication did not reproduce the critical role-by-message interaction linking perpetrators to moral acceptance and victims to power restoration.",no
rpp.81,4,A needsbased model of reconciliation Satisfying the differential emotional needs of victim and perpetrator as a key to promoting reconciliation,recognized,unknown,"I recognize this as the needs-based reconciliation model from Shnabel and Nadler, but I don’t specifically recall the formal independent replication attempt or its outcome.","FAMILIARITY: recognized
VERDICT: unknown
NOTES: I recognize this as the needs-based reconciliation model from Shnabel and Nadler, but I don’t specifically recall the formal independent replication attempt or its outcome.",no
rpp.81,5,A needsbased model of reconciliation Satisfying the differential emotional needs of victim and perpetrator as a key to promoting reconciliation,recognized,unknown,"I recognize Nadler’s needs-based model of reconciliation and the victim/perpetrator role-by-message interaction, but I do not specifically recall the outcome of the independent replication attempt from memory.","FAMILIARITY: recognized
VERDICT: unknown
NOTES: I recognize Nadler’s needs-based model of reconciliation and the victim/perpetrator role-by-message interaction, but I do not specifically recall the outcome of the independent replication attempt from memory.",no
rpp.81,6,A needsbased model of reconciliation Satisfying the differential emotional needs of victim and perpetrator as a key to promoting reconciliation,recognized,unknown,"I recognize the needs-based reconciliation model, but I don’t specifically recall the outcome of its independent replication of the role × message interaction.","FAMILIARITY: recognized
VERDICT: unknown
NOTES: I recognize the needs-based reconciliation model, but I don’t specifically recall the outcome of its independent replication of the role × message interaction.",no
rpp.81,7,A needsbased model of reconciliation Satisfying the differential emotional needs of victim and perpetrator as a key to promoting reconciliation,recognized,unknown,"I recognize Shnabel and Nadler’s needs-based reconciliation model (perpetrators seek acceptance, victims seek power), but I don’t specifically recall the independent replication attempt or its outcome.","FAMILIARITY: recognized
VERDICT: unknown
NOTES: I recognize Shnabel and Nadler’s needs-based reconciliation model (perpetrators seek acceptance, victims seek power), but I don’t specifically recall the independent replication attempt or its outcome.",no
rpp.81,8,A needsbased model of reconciliation Satisfying the differential emotional needs of victim and perpetrator as a key to promoting reconciliation,recognized,unknown,"I recognize the needs-based model of reconciliation as the victim-power/perpetrator-acceptance theory, but I do not specifically recall the outcome of the independent replication attempt you’re referring to.","FAMILIARITY: recognized
VERDICT: unknown
NOTES: I recognize the needs-based model of reconciliation as the victim-power/perpetrator-acceptance theory, but I do not specifically recall the outcome of the independent replication attempt you’re referring to.",no
rpp.81,9,A needsbased model of reconciliation Satisfying the differential emotional needs of victim and perpetrator as a key to promoting reconciliation,recognized,unknown,"I recognize the needs-based reconciliation model by Shnabel et al., but I don’t specifically recall the formal independent replication result for the role × message interaction in the after condition.","FAMILIARITY: recognized
VERDICT: unknown
NOTES: I recognize the needs-based reconciliation model by Shnabel et al., but I don’t specifically recall the formal independent replication result for the role × message interaction in the after condition.",no
rpp.84,0,Selective exposure and information quantity How different information quantities moderate decision makers preference for consistent and inconsistent information,unfamiliar,unknown,"I don’t specifically recognize this study or its replication attempt from memory, so I can’t say whether the interaction replicated.","FAMILIARITY: unfamiliar
VERDICT: unknown
NOTES: I don’t specifically recognize this study or its replication attempt from memory, so I can’t say whether the interaction replicated.",yes
rpp.84,1,Selective exposure and information quantity How different information quantities moderate decision makers preference for consistent and inconsistent information,unfamiliar,unknown,"I don’t specifically recognize this study or its formal replication attempt, so I can’t reliably say whether this effect replicated.","FAMILIARITY: unfamiliar
VERDICT: unknown
NOTES: I don’t specifically recognize this study or its formal replication attempt, so I can’t reliably say whether this effect replicated.",yes
rpp.84,2,Selective exposure and information quantity How different information quantities moderate decision makers preference for consistent and inconsistent information,unfamiliar,unknown,"I don't specifically recognize this study or its independent replication attempt, so I can't say whether this selective-exposure interaction replicated.","FAMILIARITY: unfamiliar
VERDICT: unknown
NOTES: I don't specifically recognize this study or its independent replication attempt, so I can't say whether this selective-exposure interaction replicated.",yes
rpp.84,3,Selective exposure and information quantity How different information quantities moderate decision makers preference for consistent and inconsistent information,unsure,unknown,"I don’t specifically recognize this exact selective-exposure study and its formal independent replication attempt, so I can’t reliably say whether the interaction replicated.","FAMILIARITY: unsure
VERDICT: unknown
NOTES: I don’t specifically recognize this exact selective-exposure study and its formal independent replication attempt, so I can’t reliably say whether the interaction replicated.",yes
rpp.84,4,Selective exposure and information quantity How different information quantities moderate decision makers preference for consistent and inconsistent information,unfamiliar,unknown,"I don’t specifically recognize this study or its formal replication attempt, so I can’t reliably say whether that exact interaction replicated.","FAMILIARITY: unfamiliar
VERDICT: unknown
NOTES: I don’t specifically recognize this study or its formal replication attempt, so I can’t reliably say whether that exact interaction replicated.",yes
rpp.84,5,Selective exposure and information quantity How different information quantities moderate decision makers preference for consistent and inconsistent information,unfamiliar,unknown,"I don’t specifically recognize this study or its independent replication attempt, so I can’t reliably say whether that exact finding replicated.","FAMILIARITY: unfamiliar
VERDICT: unknown
NOTES: I don’t specifically recognize this study or its independent replication attempt, so I can’t reliably say whether that exact finding replicated.",yes
rpp.84,6,Selective exposure and information quantity How different information quantities moderate decision makers preference for consistent and inconsistent information,unsure,unknown,"I vaguely recognize the selective-exposure/information-quantity crossover effect, but I don’t specifically recall the independent replication attempt or its result.","FAMILIARITY: unsure
VERDICT: unknown
NOTES: I vaguely recognize the selective-exposure/information-quantity crossover effect, but I don’t specifically recall the independent replication attempt or its result.",yes
rpp.84,7,Selective exposure and information quantity How different information quantities moderate decision makers preference for consistent and inconsistent information,unsure,unknown,"I vaguely recall this cross-over selective-exposure effect, but I don’t specifically remember the independent replication attempt’s outcome well enough to classify it.","FAMILIARITY: unsure  
VERDICT: unknown  
NOTES: I vaguely recall this cross-over selective-exposure effect, but I don’t specifically remember the independent replication attempt’s outcome well enough to classify it.",yes
rpp.84,8,Selective exposure and information quantity How different information quantities moderate decision makers preference for consistent and inconsistent information,unsure,unknown,"I recognize the general selective-exposure literature, but I don’t specifically recall this paper or its formal replication attempt, so I can’t say whether this interaction was successfully replicated.","FAMILIARITY: unsure
VERDICT: unknown
NOTES: I recognize the general selective-exposure literature, but I don’t specifically recall this paper or its formal replication attempt, so I can’t say whether this interaction was successfully replicated.",yes
rpp.84,9,Selective exposure and information quantity How different information quantities moderate decision makers preference for consistent and inconsistent information,unfamiliar,unknown,"I don’t specifically recognize this study or its formal replication attempt from memory, so I can’t reliably say whether that interaction replicated.","FAMILIARITY: unfamiliar
VERDICT: unknown
NOTES: I don’t specifically recognize this study or its formal replication attempt from memory, so I can’t reliably say whether that interaction replicated.",yes
rpp.86,0,Selfregulation and selective exposure The impact of depleted selfregulation resources on confirmatory information processing,unsure,unknown,"I vaguely remember this as an ego-depletion/selective-exposure paper, but I don’t specifically recall the independent replication attempt or its outcome.","FAMILIARITY: unsure
VERDICT: unknown
NOTES: I vaguely remember this as an ego-depletion/selective-exposure paper, but I don’t specifically recall the independent replication attempt or its outcome.",no
rpp.86,1,Selfregulation and selective exposure The impact of depleted selfregulation resources on confirmatory information processing,unsure,unknown,"I vaguely recognize this as an ego-depletion/selective-exposure paper, but I do not specifically recall the independent replication attempt or its outcome.","FAMILIARITY: unsure
VERDICT: unknown
NOTES: I vaguely recognize this as an ego-depletion/selective-exposure paper, but I do not specifically recall the independent replication attempt or its outcome.",no
rpp.86,2,Selfregulation and selective exposure The impact of depleted selfregulation resources on confirmatory information processing,recognized,unknown,"I recognize this as the ego-depletion/selective-exposure study on confirmatory information processing, but I do not specifically remember the outcome of the formal independent replication attempt.","FAMILIARITY: recognized
VERDICT: unknown
NOTES: I recognize this as the ego-depletion/selective-exposure study on confirmatory information processing, but I do not specifically remember the outcome of the formal independent replication attempt.",no
rpp.86,3,Selfregulation and selective exposure The impact of depleted selfregulation resources on confirmatory information processing,recognized,unknown,"I recognize this as the ego-depletion/selective-exposure paper, but I don’t specifically recall the independent replication attempt or whether it succeeded.","FAMILIARITY: recognized
VERDICT: unknown
NOTES: I recognize this as the ego-depletion/selective-exposure paper, but I don’t specifically recall the independent replication attempt or whether it succeeded.",no
rpp.86,4,Selfregulation and selective exposure The impact of depleted selfregulation resources on confirmatory information processing,unsure,unknown,"I vaguely recognize this as an ego-depletion/selective-exposure paper, but I do not specifically recall the independent replication attempt or its outcome.","FAMILIARITY: unsure
VERDICT: unknown
NOTES: I vaguely recognize this as an ego-depletion/selective-exposure paper, but I do not specifically recall the independent replication attempt or its outcome.",no
rpp.86,5,Selfregulation and selective exposure The impact of depleted selfregulation resources on confirmatory information processing,recognized,unreplicable,"I recognize this as the ego-depletion/selective-exposure finding, and I recall the independent replication failing to reproduce the depletion-driven increase in confirmatory information processing.","FAMILIARITY: recognized
VERDICT: unreplicable
NOTES: I recognize this as the ego-depletion/selective-exposure finding, and I recall the independent replication failing to reproduce the depletion-driven increase in confirmatory information processing.",no
rpp.86,6,Selfregulation and selective exposure The impact of depleted selfregulation resources on confirmatory information processing,recognized,unreplicable,"I recall this as an ego-depletion/selective-exposure study, and the independent replication I remember did not find that reduced self-regulation resources increased confirmatory information processing.","FAMILIARITY: recognized
VERDICT: unreplicable
NOTES: I recall this as an ego-depletion/selective-exposure study, and the independent replication I remember did not find that reduced self-regulation resources increased confirmatory information processing.",no
rpp.86,7,Selfregulation and selective exposure The impact of depleted selfregulation resources on confirmatory information processing,recognized,unknown,"I recall this as the ego-depletion/selective-exposure study on confirmatory information processing, but I don't specifically remember the outcome of its independent replication attempt.","FAMILIARITY: recognized
VERDICT: unknown
NOTES: I recall this as the ego-depletion/selective-exposure study on confirmatory information processing, but I don't specifically remember the outcome of its independent replication attempt.",no
rpp.86,8,Selfregulation and selective exposure The impact of depleted selfregulation resources on confirmatory information processing,unsure,unknown,"I vaguely recognize this as an ego-depletion/selective-exposure paper, but I do not specifically recall the formal independent replication attempt or its result.","FAMILIARITY: unsure
VERDICT: unknown
NOTES: I vaguely recognize this as an ego-depletion/selective-exposure paper, but I do not specifically recall the formal independent replication attempt or its result.",no
rpp.86,9,Selfregulation and selective exposure The impact of depleted selfregulation resources on confirmatory information processing,unsure,unknown,"I vaguely recall this ego-depletion/selective-exposure paper, but I don’t specifically recall the formal independent replication attempt or its outcome.","FAMILIARITY: unsure
VERDICT: unknown
NOTES: I vaguely recall this ego-depletion/selective-exposure paper, but I don’t specifically recall the formal independent replication attempt or its outcome.",no
rpp.87,0,The space between us Stereotype threat and distance in interracial contexts,recognized,unknown,"I recall the original interracial-distance study and the topic × learning-goal effect, but I do not specifically remember the outcome of the independent replication attempt.","FAMILIARITY: recognized
VERDICT: unknown
NOTES: I recall the original interracial-distance study and the topic × learning-goal effect, but I do not specifically remember the outcome of the independent replication attempt.",no
rpp.87,1,The space between us Stereotype threat and distance in interracial contexts,unsure,unknown,"I recognize this as the interracial-conversation distance study by Remedios and colleagues, but I don’t specifically remember the outcome of its formal independent replication attempt.","FAMILIARITY: unsure
VERDICT: unknown
NOTES: I recognize this as the interracial-conversation distance study by Remedios and colleagues, but I don’t specifically remember the outcome of its formal independent replication attempt.",no
rpp.87,2,The space between us Stereotype threat and distance in interracial contexts,unsure,unknown,"I vaguely recall this as a study on seating distance in interracial conversations, but I do not specifically recall the independent replication attempt or its outcome.","FAMILIARITY: unsure
VERDICT: unknown
NOTES: I vaguely recall this as a study on seating distance in interracial conversations, but I do not specifically recall the independent replication attempt or its outcome.",no
rpp.87,3,The space between us Stereotype threat and distance in interracial contexts,unsure,unknown,"I vaguely recognize this as the interracial seating-distance stereotype-threat study, but I don’t specifically recall the independent replication attempt or its outcome.","FAMILIARITY: unsure
VERDICT: unknown
NOTES: I vaguely recognize this as the interracial seating-distance stereotype-threat study, but I don’t specifically recall the independent replication attempt or its outcome.",no
rpp.87,4,The space between us Stereotype threat and distance in interracial contexts,unsure,unknown,"I recall the original interracial-distance study manipulating conversation topic and learning goals, but I don’t specifically remember the independent replication attempt or whether that exact interaction held up.","FAMILIARITY: unsure
VERDICT: unknown
NOTES: I recall the original interracial-distance study manipulating conversation topic and learning goals, but I don’t specifically remember the independent replication attempt or whether that exact interaction held up.",no
rpp.87,5,The space between us Stereotype threat and distance in interracial contexts,unsure,unknown,"I vaguely recognize this as the interracial seating-distance/stereotype-threat study, but I don’t specifically recall the independent replication attempt or its outcome.","FAMILIARITY: unsure
VERDICT: unknown
NOTES: I vaguely recognize this as the interracial seating-distance/stereotype-threat study, but I don’t specifically recall the independent replication attempt or its outcome.",no
rpp.87,6,The space between us Stereotype threat and distance in interracial contexts,unsure,unknown,"I recall this as a stereotype-threat study on interpersonal distance in interracial conversations with a topic-by-learning-goals interaction, but I don’t specifically remember the outcome of its independent replication attempt.","FAMILIARITY: unsure
VERDICT: unknown
NOTES: I recall this as a stereotype-threat study on interpersonal distance in interracial conversations with a topic-by-learning-goals interaction, but I don’t specifically remember the outcome of its independent replication attempt.",no
rpp.87,7,The space between us Stereotype threat and distance in interracial contexts,unsure,unknown,"I recognize the title but do not specifically recall the independent replication attempt or its outcome, so I can’t confidently say whether this effect replicated.","FAMILIARITY: unsure
VERDICT: unknown
NOTES: I recognize the title but do not specifically recall the independent replication attempt or its outcome, so I can’t confidently say whether this effect replicated.",no
rpp.87,8,The space between us Stereotype threat and distance in interracial contexts,recognized,unknown,"I recognize the original stereotype-threat/interracial-distance study, but I don't specifically recall the outcome of the independent replication attempt.","FAMILIARITY: recognized
VERDICT: unknown
NOTES: I recognize the original stereotype-threat/interracial-distance study, but I don't specifically recall the outcome of the independent replication attempt.",no
rpp.87,9,The space between us Stereotype threat and distance in interracial contexts,recognized,unknown,"I recognize the original interracial-distance study and its topic × learning-goal effect, but I don’t specifically recall the independent replication attempt or whether it confirmed that finding.","FAMILIARITY: recognized
VERDICT: unknown
NOTES: I recognize the original interracial-distance study and its topic × learning-goal effect, but I don’t specifically recall the independent replication attempt or whether it confirmed that finding.",no
rpp.93,0,Balancing connectedness and selfprotection goals in close relationships A levelsofprocessing perspective on risk regulation,unsure,unknown,"I vaguely recognize this as a Murray et al. relationship risk-regulation paper, but I do not specifically recall the independent replication attempt or its outcome for this effect.","FAMILIARITY: unsure
VERDICT: unknown
NOTES: I vaguely recognize this as a Murray et al. relationship risk-regulation paper, but I do not specifically recall the independent replication attempt or its outcome for this effect.",no
rpp.93,1,Balancing connectedness and selfprotection goals in close relationships A levelsofprocessing perspective on risk regulation,unsure,unknown,"I recognize this as a Murray et al. risk-regulation/relationship-criticism paper, but I don’t specifically recall the independent replication attempt or its outcome for this exact approach-goal effect.","FAMILIARITY: unsure
VERDICT: unknown
NOTES: I recognize this as a Murray et al. risk-regulation/relationship-criticism paper, but I don’t specifically recall the independent replication attempt or its outcome for this exact approach-goal effect.",no
rpp.93,2,Balancing connectedness and selfprotection goals in close relationships A levelsofprocessing perspective on risk regulation,recognized,unknown,"I recognize this as the Murray/Holmes risk-regulation paper on approach-goal priming and partner criticism, but I don’t specifically recall the outcome of the independent replication attempt.","FAMILIARITY: recognized
VERDICT: unknown
NOTES: I recognize this as the Murray/Holmes risk-regulation paper on approach-goal priming and partner criticism, but I don’t specifically recall the outcome of the independent replication attempt.",no
rpp.93,3,Balancing connectedness and selfprotection goals in close relationships A levelsofprocessing perspective on risk regulation,recognized,unknown,"I recognize Murray et al.’s risk-regulation paper and the low-self-esteem/partner-criticism effect, but I don’t specifically recall the outcome of any independent replication attempt.","FAMILIARITY: recognized
VERDICT: unknown
NOTES: I recognize Murray et al.’s risk-regulation paper and the low-self-esteem/partner-criticism effect, but I don’t specifically recall the outcome of any independent replication attempt.",no
rpp.93,4,Balancing connectedness and selfprotection goals in close relationships A levelsofprocessing perspective on risk regulation,unsure,unknown,"I recognize the general risk-regulation/partner-criticism literature, but I don’t specifically recall this exact paper or a formal independent replication of this exact effect.","FAMILIARITY: unsure
VERDICT: unknown
NOTES: I recognize the general risk-regulation/partner-criticism literature, but I don’t specifically recall this exact paper or a formal independent replication of this exact effect.",no
rpp.93,5,Balancing connectedness and selfprotection goals in close relationships A levelsofprocessing perspective on risk regulation,unsure,unknown,"I recognize the Murray et al. close-relationships/risk-regulation paper in general, but I don’t specifically recall the formal independent replication of this exact approach-goal/partner-criticism effect.","FAMILIARITY: unsure
VERDICT: unknown
NOTES: I recognize the Murray et al. close-relationships/risk-regulation paper in general, but I don’t specifically recall the formal independent replication of this exact approach-goal/partner-criticism effect.",no
rpp.93,6,Balancing connectedness and selfprotection goals in close relationships A levelsofprocessing perspective on risk regulation,recognized,unknown,"I recognize this as a Murray et al. risk-regulation study on partner criticism and approach-goal priming, but I don’t specifically recall the independent replication attempt or its outcome.","FAMILIARITY: recognized
VERDICT: unknown
NOTES: I recognize this as a Murray et al. risk-regulation study on partner criticism and approach-goal priming, but I don’t specifically recall the independent replication attempt or its outcome.",no
rpp.93,7,Balancing connectedness and selfprotection goals in close relationships A levelsofprocessing perspective on risk regulation,unsure,unknown,"I recognize this as a Murray et al. risk-regulation study on partner criticism and goal primes, but I don’t specifically recall the independent replication attempt or the outcome for this exact effect.","FAMILIARITY: unsure
VERDICT: unknown
NOTES: I recognize this as a Murray et al. risk-regulation study on partner criticism and goal primes, but I don’t specifically recall the independent replication attempt or the outcome for this exact effect.",no
rpp.93,8,Balancing connectedness and selfprotection goals in close relationships A levelsofprocessing perspective on risk regulation,unsure,unknown,"I recognize this as a risk-regulation/close-relationships study involving approach-goal priming and partner criticism, but I do not specifically recall the independent replication attempt or its outcome.","FAMILIARITY: unsure
VERDICT: unknown
NOTES: I recognize this as a risk-regulation/close-relationships study involving approach-goal priming and partner criticism, but I do not specifically recall the independent replication attempt or its outcome.",no
rpp.93,9,Balancing connectedness and selfprotection goals in close relationships A levelsofprocessing perspective on risk regulation,unsure,unknown,"I recognize this as Murray et al.’s risk-regulation study on partner criticism and approach-goal priming, but I don’t specifically recall the independent replication attempt or whether that simple effect was reproduced.","FAMILIARITY: unsure
VERDICT: unknown
NOTES: I recognize this as Murray et al.’s risk-regulation study on partner criticism and approach-goal priming, but I don’t specifically recall the independent replication attempt or whether that simple effect was reproduced.",no
rpp.94,0,Selfhandicapping excuse making and counterfactual thinking Consequences for selfesteem and future motivation,unsure,unknown,"I vaguely recognize this as a self-handicapping performance study involving a math task, but I do not specifically recall the independent replication attempt or whether it succeeded.","FAMILIARITY: unsure
VERDICT: unknown
NOTES: I vaguely recognize this as a self-handicapping performance study involving a math task, but I do not specifically recall the independent replication attempt or whether it succeeded.",yes
rpp.94,1,Selfhandicapping excuse making and counterfactual thinking Consequences for selfesteem and future motivation,unsure,unknown,"I vaguely recall the self-handicapping study on math performance, but I do not specifically remember the outcome of the independent replication attempt.","FAMILIARITY: unsure
VERDICT: unknown
NOTES: I vaguely recall the self-handicapping study on math performance, but I do not specifically remember the outcome of the independent replication attempt.",yes
rpp.94,2,Selfhandicapping excuse making and counterfactual thinking Consequences for selfesteem and future motivation,unsure,unknown,"I vaguely recognize this as a self-handicapping paper involving math performance, but I do not specifically recall the independent replication attempt or its outcome.","FAMILIARITY: unsure
VERDICT: unknown
NOTES: I vaguely recognize this as a self-handicapping paper involving math performance, but I do not specifically recall the independent replication attempt or its outcome.",yes
rpp.94,3,Selfhandicapping excuse making and counterfactual thinking Consequences for selfesteem and future motivation,unsure,unknown,"I recognize the general self-handicapping/math-performance literature, but I don’t specifically recall this exact study and its formal independent replication well enough to say whether the effect replicated.","FAMILIARITY: unsure
VERDICT: unknown
NOTES: I recognize the general self-handicapping/math-performance literature, but I don’t specifically recall this exact study and its formal independent replication well enough to say whether the effect replicated.",yes
rpp.94,4,Selfhandicapping excuse making and counterfactual thinking Consequences for selfesteem and future motivation,unsure,unknown,"I recognize this as a self-handicapping/math-performance study, but I do not specifically recall the independent replication attempt or its outcome.","FAMILIARITY: unsure
VERDICT: unknown
NOTES: I recognize this as a self-handicapping/math-performance study, but I do not specifically recall the independent replication attempt or its outcome.",yes
rpp.94,5,Selfhandicapping excuse making and counterfactual thinking Consequences for selfesteem and future motivation,unsure,unknown,"I vaguely recognize the self-handicapping paper title, but I do not specifically recall the independent replication attempt or its outcome, so I can’t judge that math-performance effect confidently.","FAMILIARITY: unsure
VERDICT: unknown
NOTES: I vaguely recognize the self-handicapping paper title, but I do not specifically recall the independent replication attempt or its outcome, so I can’t judge that math-performance effect confidently.",yes
rpp.94,6,Selfhandicapping excuse making and counterfactual thinking Consequences for selfesteem and future motivation,unsure,unknown,"I vaguely recognize this as a self-handicapping paper, but I do not specifically recall the independent replication or whether the math-performance control>self-handicap effect held up.","FAMILIARITY: unsure
VERDICT: unknown
NOTES: I vaguely recognize this as a self-handicapping paper, but I do not specifically recall the independent replication or whether the math-performance control>self-handicap effect held up.",yes
rpp.94,7,Selfhandicapping excuse making and counterfactual thinking Consequences for selfesteem and future motivation,unsure,unknown,"I recognize this as a self-handicapping/mathematics-performance study, but I don’t specifically recall the formal independent replication attempt or its outcome.","FAMILIARITY: unsure  
VERDICT: unknown  
NOTES: I recognize this as a self-handicapping/mathematics-performance study, but I don’t specifically recall the formal independent replication attempt or its outcome.",yes
rpp.94,8,Selfhandicapping excuse making and counterfactual thinking Consequences for selfesteem and future motivation,unfamiliar,unknown,"I don’t specifically recognize this study or its named replication attempt, so I can’t reliably say whether that math-performance effect was successfully replicated.","FAMILIARITY: unfamiliar
VERDICT: unknown
NOTES: I don’t specifically recognize this study or its named replication attempt, so I can’t reliably say whether that math-performance effect was successfully replicated.",yes
rpp.94,9,Selfhandicapping excuse making and counterfactual thinking Consequences for selfesteem and future motivation,unsure,unknown,"I recognize this as a self-handicapping/mathematical-performance study in the social psychology literature, but I do not specifically recall the independent replication attempt or its outcome.","FAMILIARITY: unsure
VERDICT: unknown
NOTES: I recognize this as a self-handicapping/mathematical-performance study in the social psychology literature, but I do not specifically recall the independent replication attempt or its outcome.",yes
rpp.97,0,Social identity contingencies How diversity cues signal threat or safety for African Americans in mainstream institutions,recognized,unknown,"I recognize the Purdie-Vaughns et al. diversity-cues study and its original high-fairness cue effect for African American but not White professionals, but I don’t specifically recall the outcome of a formal independent replication attempt.","FAMILIARITY: recognized
VERDICT: unknown
NOTES: I recognize the Purdie-Vaughns et al. diversity-cues study and its original high-fairness cue effect for African American but not White professionals, but I don’t specifically recall the outcome of a formal independent replication attempt.",no
rpp.97,1,Social identity contingencies How diversity cues signal threat or safety for African Americans in mainstream institutions,unsure,unknown,"I recognize the original Purdie-Vaughns et al. fairness-cue effect on African American professionals’ perceived threat and trust, but I do not specifically recall the independent replication attempt or its outcome.","FAMILIARITY: unsure
VERDICT: unknown
NOTES: I recognize the original Purdie-Vaughns et al. fairness-cue effect on African American professionals’ perceived threat and trust, but I do not specifically recall the independent replication attempt or its outcome.",no
rpp.97,2,Social identity contingencies How diversity cues signal threat or safety for African Americans in mainstream institutions,unsure,unknown,"I recognize the original Purdie-Vaughns et al. finding that a high fairness cue boosted trust and lowered threat expectations for African American professionals but not White professionals, but I do not specifically recall the formal independent replication attempt or its outcome.","FAMILIARITY: unsure
VERDICT: unknown
NOTES: I recognize the original Purdie-Vaughns et al. finding that a high fairness cue boosted trust and lowered threat expectations for African American professionals but not White professionals, but I do not specifically recall the formal independent replication attempt or its outcome.",no
rpp.97,3,Social identity contingencies How diversity cues signal threat or safety for African Americans in mainstream institutions,recognized,unknown,"I recognize the Purdie-Vaughns et al. “social identity contingencies” finding about fairness cues affecting African American professionals’ expectations of threat and trust, but I don’t specifically recall the independent replication attempt or its outcome.","FAMILIARITY: recognized
VERDICT: unknown
NOTES: I recognize the Purdie-Vaughns et al. “social identity contingencies” finding about fairness cues affecting African American professionals’ expectations of threat and trust, but I don’t specifically recall the independent replication attempt or its outcome.",no
rpp.97,4,Social identity contingencies How diversity cues signal threat or safety for African Americans in mainstream institutions,recognized,unknown,"I recognize Purdie-Vaughns et al.’s “Social identity contingencies” finding about high fairness cues increasing trust and lowering anticipated threat for African American but not White professionals, but I don’t specifically recall the outcome of the formal independent replication attempt.","FAMILIARITY: recognized
VERDICT: unknown
NOTES: I recognize Purdie-Vaughns et al.’s “Social identity contingencies” finding about high fairness cues increasing trust and lowering anticipated threat for African American but not White professionals, but I don’t specifically recall the outcome of the formal independent replication attempt.",no
rpp.97,5,Social identity contingencies How diversity cues signal threat or safety for African Americans in mainstream institutions,unsure,unknown,"I recognize the original Purdie-Vaughns et al. study on fairness cues and trust among African American professionals, but I do not specifically recall the independent replication attempt or its outcome.","FAMILIARITY: unsure
VERDICT: unknown
NOTES: I recognize the original Purdie-Vaughns et al. study on fairness cues and trust among African American professionals, but I do not specifically recall the independent replication attempt or its outcome.",no
rpp.97,6,Social identity contingencies How diversity cues signal threat or safety for African Americans in mainstream institutions,recognized,unknown,"I recognize this as the fairness-cue/identity-contingency study showing stronger trust and lower threat expectations for African American but not White professionals, but I don’t specifically recall the outcome of its independent replication attempt.","FAMILIARITY: recognized
VERDICT: unknown
NOTES: I recognize this as the fairness-cue/identity-contingency study showing stronger trust and lower threat expectations for African American but not White professionals, but I don’t specifically recall the outcome of its independent replication attempt.",no
rpp.97,7,Social identity contingencies How diversity cues signal threat or safety for African Americans in mainstream institutions,recognized,unknown,"I recognize the Purdie-Vaughns et al. diversity-cues paper and its fairness-cue effect for African American professionals, but I don't specifically recall the independent replication attempt or whether it succeeded.","FAMILIARITY: recognized
VERDICT: unknown
NOTES: I recognize the Purdie-Vaughns et al. diversity-cues paper and its fairness-cue effect for African American professionals, but I don't specifically recall the independent replication attempt or whether it succeeded.",no
rpp.97,8,Social identity contingencies How diversity cues signal threat or safety for African Americans in mainstream institutions,recognized,unknown,"I recognize the Purdie-Vaughns et al. “social identity contingencies” study about fairness cues and trust among African American professionals, but I don’t specifically recall the outcome of the independent replication attempt.","FAMILIARITY: recognized  
VERDICT: unknown  
NOTES: I recognize the Purdie-Vaughns et al. “social identity contingencies” study about fairness cues and trust among African American professionals, but I don’t specifically recall the outcome of the independent replication attempt.",no
rpp.97,9,Social identity contingencies How diversity cues signal threat or safety for African Americans in mainstream institutions,unsure,unknown,"I recognize the original Purdie-Vaughns et al. “Social identity contingencies” finding about fairness cues and African American professionals, but I don’t specifically recall a formal independent replication attempt of that exact effect.","FAMILIARITY: unsure
VERDICT: unknown
NOTES: I recognize the original Purdie-Vaughns et al. “Social identity contingencies” finding about fairness cues and African American professionals, but I don’t specifically recall a formal independent replication attempt of that exact effect.",no
